[2026-08-22 20:47:02 UTC-6.000] logfile opened on Sat Aug 22 20:47:02 2026

[2026-08-22 20:47:02 UTC-6.000] => game is version OpenMoHAA 0.82.1-unstable+0.f124e79e win_msvc64-x86_64 Aug 20 2026 UTC
[2026-08-22 20:47:02 UTC-6.000] => targeting game ID 2
[2026-08-22 20:47:02 UTC-6.000] You are now setup for medium mode.
[2026-08-22 20:47:02 UTC-6.000] --- Common Initialization Complete --- 318 ms
[2026-08-22 20:47:02 UTC-6.000] -- Localization: I see 2 localization files
[2026-08-22 20:47:02 UTC-6.000] --- Localization: reading file global/localization.txt
[2026-08-22 20:47:02 UTC-6.000] Loading Localization File global/localization.txt
[2026-08-22 20:47:02 UTC-6.000] Loaded 2355 localization entries
[2026-08-22 20:47:02 UTC-6.000] --- Localization: reading file global/localization_coop.txt
[2026-08-22 20:47:02 UTC-6.000] Loading Localization File global/localization_coop.txt
[2026-08-22 20:47:02 UTC-6.000] Loaded 2366 localization entries
[2026-08-22 20:47:02 UTC-6.000] Winsock Initialized
[2026-08-22 20:47:02 UTC-6.000] Hostname: SECRETFBI
[2026-08-22 20:47:02 UTC-6.000] IP6: fe80::ad7a:dd88:f443:876e%13
[2026-08-22 20:47:02 UTC-6.000] IP6: 2601:2c3:c000:ee30:fc5f:8b5b:b9d6:6ef
[2026-08-22 20:47:02 UTC-6.000] IP6: 2601:2c3:c000:ee30::91c0
[2026-08-22 20:47:02 UTC-6.000] IP6: 2601:2c3:c000:ee30:50c9:fb58:337d:3443
[2026-08-22 20:47:02 UTC-6.000] IP: 10.0.0.48
[2026-08-22 20:47:02 UTC-6.000] Opening IP socket: 0.0.0.0:12203
[2026-08-22 20:47:02 UTC-6.000] execing coop_mod/cfg/lobbytest.cfg
[2026-08-22 20:47:02 UTC-6.000] sv_maxclients will be changed upon restarting.
[2026-08-22 20:47:02 UTC-6.000] ^2Lobby test ready.^7  Type:  lobby1 .. lobby8   (or 'alllobbies' for the list)
[2026-08-22 20:47:02 UTC-6.000] execing dedicated_start.cfg
[2026-08-22 20:47:02 UTC-6.000] ------ Server Initialization ------
[2026-08-22 20:47:02 UTC-6.000] Server: m1l1
[2026-08-22 20:47:03 UTC-6.000] Trying to load "game.dll" from "G:\GOG\Medal of Honor - Allied Assault War Chest"...
[2026-08-22 20:47:03 UTC-6.000] Sys_GetGameAPI(game.dll): succeeded ...
[2026-08-22 20:47:03 UTC-6.000] ==== InitGame ====
[2026-08-22 20:47:03 UTC-6.000] gamename: OPENMOHAA
[2026-08-22 20:47:03 UTC-6.000] gamedate: Aug 22 2026
[2026-08-22 20:47:03 UTC-6.000] ^~^~^ FPRINT game Aug 22 2026 20:14:33 ENTBITS=11 MAX_SOUNDS=2048
[2026-08-22 20:47:03 UTC-6.000] sizeof(Actor) == 4648
[2026-08-22 20:47:03 UTC-6.000] Magic sizeof actor number: 4584
[2026-08-22 20:47:03 UTC-6.000] 
------------------
Event system initialized: 201 classes 1817 events 2921736 total memory in response list

[2026-08-22 20:47:03 UTC-6.000] ==== CleanupGame ====
[2026-08-22 20:47:03 UTC-6.000] CM_LoadMap( maps/m1l1.bsp, 0 )
[2026-08-22 20:47:03 UTC-6.000] Adding script: 'maps/m1l1_precache.scr'
[2026-08-22 20:47:03 UTC-6.000] WARNING- DOWNGRADING TO OLD ANIMATION FORMAT FOR FILE: models/weapons/bar_lmg/fire_bar.skc
[2026-08-22 20:47:03 UTC-6.000] WARNING- DOWNGRADING TO OLD ANIMATION FORMAT FOR FILE: models/weapons/bar_lmg/bar.skc
[2026-08-22 20:47:03 UTC-6.000] WARNING- DOWNGRADING TO OLD ANIMATION FORMAT FOR FILE: models/weapons/bar_lmg/reload_bar.skc
[2026-08-22 20:47:03 UTC-6.000] WARNING- DOWNGRADING TO OLD ANIMATION FORMAT FOR FILE: models/human/animation/idle/salute_idle.skc
[2026-08-22 20:47:03 UTC-6.000] WARNING- DOWNGRADING TO OLD ANIMATION FORMAT FOR FILE: models/human/animation/idle/smoking01.skc
[2026-08-22 20:47:03 UTC-6.000] WARNING- DOWNGRADING TO OLD ANIMATION FORMAT FOR FILE: models/human/animation/idle/smoking03.skc
[2026-08-22 20:47:03 UTC-6.000] WARNING- DOWNGRADING TO OLD ANIMATION FORMAT FOR FILE: models/human/animation/coop/coop_ads_walk_b.skc
[2026-08-22 20:47:03 UTC-6.000] WARNING- DOWNGRADING TO OLD ANIMATION FORMAT FOR FILE: models/human/animation/coop/coop_ads_walk_f.skc
[2026-08-22 20:47:03 UTC-6.000] WARNING- DOWNGRADING TO OLD ANIMATION FORMAT FOR FILE: models/human/animation/coop/coop_ads_walk_l.skc
[2026-08-22 20:47:03 UTC-6.000] WARNING- DOWNGRADING TO OLD ANIMATION FORMAT FOR FILE: models/human/animation/coop/coop_ads_walk_r.skc
[2026-08-22 20:47:03 UTC-6.000] WARNING- DOWNGRADING TO OLD ANIMATION FORMAT FOR FILE: models/human/animation/idle/thompson_idle_stand1.skc
[2026-08-22 20:47:03 UTC-6.000] WARNING- DOWNGRADING TO OLD ANIMATION FORMAT FOR FILE: models/human/animation/coop/coop_sprint_rifle_a.skc
[2026-08-22 20:47:03 UTC-6.000] WARNING- DOWNGRADING TO OLD ANIMATION FORMAT FOR FILE: models/human/animation/walks_runs/beachrun01.skc
[2026-08-22 20:47:03 UTC-6.000] WARNING- DOWNGRADING TO OLD ANIMATION FORMAT FOR FILE: models/human/animation/coop/coop_test_sprint.skc
[2026-08-22 20:47:03 UTC-6.000] WARNING- DOWNGRADING TO OLD ANIMATION FORMAT FOR FILE: models/human/animation/weapon_mg42/MG42_stand_firing.skc
[2026-08-22 20:47:03 UTC-6.000] WARNING- DOWNGRADING TO OLD ANIMATION FORMAT FOR FILE: models/human/animation/walks_runs/walk_injured_back.skc
[2026-08-22 20:47:03 UTC-6.000] WARNING- DOWNGRADING TO OLD ANIMATION FORMAT FOR FILE: models/human/animation/walks_runs/walk_injured_left.skc
[2026-08-22 20:47:03 UTC-6.000] WARNING- DOWNGRADING TO OLD ANIMATION FORMAT FOR FILE: models/human/animation/walks_runs/walk_injured_right.skc
[2026-08-22 20:47:03 UTC-6.000] WARNING- DOWNGRADING TO OLD ANIMATION FORMAT FOR FILE: models/human/animation/viewmodel/bar_fire00.skc
[2026-08-22 20:47:03 UTC-6.000] WARNING- DOWNGRADING TO OLD ANIMATION FORMAT FOR FILE: models/human/animation/viewmodel/bar_stand00.skc
[2026-08-22 20:47:03 UTC-6.000] WARNING- DOWNGRADING TO OLD ANIMATION FORMAT FOR FILE: models/human/animation/viewmodel/coltpose00.skc
[2026-08-22 20:47:03 UTC-6.000] WARNING- DOWNGRADING TO OLD ANIMATION FORMAT FOR FILE: models/human/animation/viewmodel/kar_stand00.skc
[2026-08-22 20:47:03 UTC-6.000] WARNING- DOWNGRADING TO OLD ANIMATION FORMAT FOR FILE: models/human/animation/viewmodel/coop_dp28/dp28_fire.skc
[2026-08-22 20:47:03 UTC-6.000] WARNING- DOWNGRADING TO OLD ANIMATION FORMAT FOR FILE: models/human/animation/viewmodel/coop_dp28/dp28_dummy.skc
[2026-08-22 20:47:03 UTC-6.000] WARNING- DOWNGRADING TO OLD ANIMATION FORMAT FOR FILE: models/human/animation/viewmodel/coop_dp28/dp28_up.skc
[2026-08-22 20:47:03 UTC-6.000] WARNING- DOWNGRADING TO OLD ANIMATION FORMAT FOR FILE: models/human/animation/viewmodel/coop_dp28/dp28_reload.skc
[2026-08-22 20:47:03 UTC-6.000] WARNING- DOWNGRADING TO OLD ANIMATION FORMAT FOR FILE: models/human/animation/viewmodel/fg42/fg42_stand_fire.skc
[2026-08-22 20:47:03 UTC-6.000] WARNING- DOWNGRADING TO OLD ANIMATION FORMAT FOR FILE: models/human/animation/viewmodel/fg42/fg42_stand_idle.skc
[2026-08-22 20:47:03 UTC-6.000] WARNING- DOWNGRADING TO OLD ANIMATION FORMAT FOR FILE: models/human/animation/viewmodel/fg42/fg42_stand_reload.skc
[2026-08-22 20:47:03 UTC-6.000] WARNING- DOWNGRADING TO OLD ANIMATION FORMAT FOR FILE: models/human/animation/viewmodel/grnd_stand00.skc
[2026-08-22 20:47:03 UTC-6.000] WARNING- DOWNGRADING TO OLD ANIMATION FORMAT FOR FILE: models/human/animation/viewmodel/fire_grnd_stand00.skc
[2026-08-22 20:47:03 UTC-6.000] WARNING- DOWNGRADING TO OLD ANIMATION FORMAT FOR FILE: models/human/animation/viewmodel/hs_pistol00.skc
[2026-08-22 20:47:03 UTC-6.000] WARNING- DOWNGRADING TO OLD ANIMATION FORMAT FOR FILE: models/human/animation/viewmodel/coop_johnson/johnson_reload.skc
[2026-08-22 20:47:03 UTC-6.000] WARNING- DOWNGRADING TO OLD ANIMATION FORMAT FOR FILE: models/human/animation/viewmodel/karsnp_stand00.skc
[2026-08-22 20:47:03 UTC-6.000] WARNING- DOWNGRADING TO OLD ANIMATION FORMAT FOR FILE: models/human/animation/viewmodel/coop_m10/m10_reload.skc
[2026-08-22 20:47:03 UTC-6.000] WARNING- DOWNGRADING TO OLD ANIMATION FORMAT FOR FILE: models/human/animation/viewmodel/mp40_stand_idle00.skc
[2026-08-22 20:47:03 UTC-6.000] WARNING- DOWNGRADING TO OLD ANIMATION FORMAT FOR FILE: models/human/animation/viewmodel/mp40_stand_fire00.skc
[2026-08-22 20:47:03 UTC-6.000] WARNING- DOWNGRADING TO OLD ANIMATION FORMAT FOR FILE: models/human/animation/viewmodel/mp44_fire.skc
[2026-08-22 20:47:03 UTC-6.000] WARNING- DOWNGRADING TO OLD ANIMATION FORMAT FOR FILE: models/human/animation/viewmodel/mp44_idle_stand.skc
[2026-08-22 20:47:03 UTC-6.000] WARNING- DOWNGRADING TO OLD ANIMATION FORMAT FOR FILE: models/human/animation/viewmodel/p38pose00.skc
[2026-08-22 20:47:03 UTC-6.000] WARNING- DOWNGRADING TO OLD ANIMATION FORMAT FOR FILE: models/human/animation/viewmodel/fire_shotgun_stand00.skc
[2026-08-22 20:47:03 UTC-6.000] WARNING- DOWNGRADING TO OLD ANIMATION FORMAT FOR FILE: models/human/animation/viewmodel/idle_shotgun00.skc
[2026-08-22 20:47:03 UTC-6.000] WARNING- DOWNGRADING TO OLD ANIMATION FORMAT FOR FILE: models/human/animation/viewmodel/sprng_stand00.skc
[2026-08-22 20:47:03 UTC-6.000] WARNING- DOWNGRADING TO OLD ANIMATION FORMAT FOR FILE: models/human/animation/viewmodel/fire_tommy_stand00.skc
[2026-08-22 20:47:03 UTC-6.000] WARNING- DOWNGRADING TO OLD ANIMATION FORMAT FOR FILE: models/human/animation/viewmodel/idle_tommy_stand.skc
[2026-08-22 20:47:03 UTC-6.000] WARNING- DOWNGRADING TO OLD ANIMATION FORMAT FOR FILE: models/human/animation/viewmodel/type100/type100-fire.skc
[2026-08-22 20:47:03 UTC-6.000] WARNING- DOWNGRADING TO OLD ANIMATION FORMAT FOR FILE: models/human/animation/viewmodel/type100/type100-idle.skc
[2026-08-22 20:47:03 UTC-6.000] WARNING- DOWNGRADING TO OLD ANIMATION FORMAT FOR FILE: models/human/animation/viewmodel/type100/type100-pullout.skc
[2026-08-22 20:47:03 UTC-6.000] WARNING- DOWNGRADING TO OLD ANIMATION FORMAT FOR FILE: models/human/animation/viewmodel/type100/type100-putaway.skc
[2026-08-22 20:47:03 UTC-6.000] WARNING- DOWNGRADING TO OLD ANIMATION FORMAT FOR FILE: models/human/animation/viewmodel/type100/type100-reload.skc
[2026-08-22 20:47:04 UTC-6.000] ^~^~^ Animation 'newanim/models/human/animation/scripted/level_m1l1/truck_idle_guy01.skc' has duplicate channel 'Base head01 pos'
[2026-08-22 20:47:04 UTC-6.000] ^~^~^ Animation 'newanim/models/human/animation/scripted/level_m1l1/truck_idle_guy01.skc' has duplicate channel 'Base head01 pos'
[2026-08-22 20:47:04 UTC-6.000] ^~^~^ Animation 'newanim/models/human/animation/scripted/level_m1l1/truck_idle_guy01.skc' has duplicate channel 'Base head01 pos'
[2026-08-22 20:47:04 UTC-6.000] ^~^~^ Animation 'newanim/models/human/animation/scripted/level_m1l1/truck_idle_guy01.skc' has duplicate channel 'Base head01 pos'
[2026-08-22 20:47:04 UTC-6.000] ^~^~^ Animation 'newanim/models/human/animation/scripted/level_m1l1/truck_idle_guy01.skc' has duplicate channel 'Base head01 pos'
[2026-08-22 20:47:04 UTC-6.000] ^~^~^ Animation 'newanim/models/human/animation/scripted/level_m1l1/truck_idle_guy01.skc' has duplicate channel 'Base head01 pos'
[2026-08-22 20:47:04 UTC-6.000] ^~^~^ Animation 'newanim/models/human/animation/scripted/level_m1l1/truck_idle_guy01.skc' has duplicate channel 'Base head01 pos'
[2026-08-22 20:47:04 UTC-6.000] ^~^~^ Animation 'newanim/models/human/animation/scripted/level_m1l1/truck_idle_guy01.skc' has duplicate channel 'Base head01 pos'
[2026-08-22 20:47:04 UTC-6.000] ^~^~^ Animation 'newanim/models/human/animation/scripted/level_m1l1/truck_idle_guy01.skc' has duplicate channel 'Base head01 pos'
[2026-08-22 20:47:04 UTC-6.000] ^~^~^ Animation 'newanim/models/human/animation/scripted/level_m1l1/truck_idle_guy01.skc' has duplicate channel 'Base head01 pos'
[2026-08-22 20:47:04 UTC-6.000] ^~^~^ Animation 'newanim/models/human/animation/scripted/level_m1l1/truck_idle_guy01.skc' has duplicate channel 'Base head01 pos'
[2026-08-22 20:47:04 UTC-6.000] ^~^~^ Animation 'newanim/models/human/animation/scripted/level_m1l1/truck_idle_guy01.skc' has duplicate channel 'Base head01 pos'
[2026-08-22 20:47:04 UTC-6.000] ^~^~^ Animation 'newanim/models/human/animation/scripted/level_m1l1/truck_idle_guy01.skc' has duplicate channel 'Base head01 pos'
[2026-08-22 20:47:04 UTC-6.000] ^~^~^ Animation 'newanim/models/human/animation/scripted/level_m1l1/truck_idle_guy01.skc' has duplicate channel 'Base head01 pos'
[2026-08-22 20:47:04 UTC-6.000] ^~^~^ Animation 'newanim/models/human/animation/scripted/level_m1l1/truck_idle_guy01.skc' has duplicate channel 'Base head01 pos'
[2026-08-22 20:47:04 UTC-6.000] ^~^~^ Animation 'newanim/models/human/animation/scripted/level_m1l1/truck_idle_guy01.skc' has duplicate channel 'Base head01 pos'
[2026-08-22 20:47:04 UTC-6.000] ^~^~^ Animation 'newanim/models/human/animation/scripted/level_m1l1/truck_idle_guy01.skc' has duplicate channel 'Base head01 pos'
[2026-08-22 20:47:04 UTC-6.000] ^~^~^ Animation 'newanim/models/human/animation/scripted/level_m1l1/truck_idle_guy01.skc' has duplicate channel 'Base head01 pos'
[2026-08-22 20:47:04 UTC-6.000] ^~^~^ Animation 'newanim/models/human/animation/scripted/level_m1l1/truck_idle_guy01.skc' has duplicate channel 'Base head01 pos'
[2026-08-22 20:47:04 UTC-6.000] ^~^~^ Animation 'newanim/models/human/animation/scripted/level_m1l1/truck_idle_guy01.skc' has duplicate channel 'Base head01 pos'
[2026-08-22 20:47:04 UTC-6.000] ^~^~^ Animation 'newanim/models/human/animation/scripted/level_m1l1/truck_twitch2_guy01.skc' has duplicate channel 'Base head01 pos'
[2026-08-22 20:47:04 UTC-6.000] ^~^~^ Animation 'newanim/models/human/animation/scripted/level_m1l1/truck_twitch2_guy01.skc' has duplicate channel 'Base head01 pos'
[2026-08-22 20:47:04 UTC-6.000] ^~^~^ Animation 'newanim/models/human/animation/scripted/level_m1l1/truck_twitch2_guy01.skc' has duplicate channel 'Base head01 pos'
[2026-08-22 20:47:04 UTC-6.000] ^~^~^ Animation 'newanim/models/human/animation/scripted/level_m1l1/truck_twitch2_guy01.skc' has duplicate channel 'Base head01 pos'
[2026-08-22 20:47:04 UTC-6.000] ^~^~^ Animation 'newanim/models/human/animation/scripted/level_m1l1/truck_twitch2_guy01.skc' has duplicate channel 'Base head01 pos'
[2026-08-22 20:47:04 UTC-6.000] ^~^~^ Animation 'newanim/models/human/animation/scripted/level_m1l1/truck_twitch2_guy01.skc' has duplicate channel 'Base head01 pos'
[2026-08-22 20:47:04 UTC-6.000] ^~^~^ Animation 'newanim/models/human/animation/scripted/level_m1l1/truck_twitch2_guy01.skc' has duplicate channel 'Base head01 pos'
[2026-08-22 20:47:04 UTC-6.000] ^~^~^ Animation 'newanim/models/human/animation/scripted/level_m1l1/truck_twitch2_guy01.skc' has duplicate channel 'Base head01 pos'
[2026-08-22 20:47:04 UTC-6.000] ^~^~^ Animation 'newanim/models/human/animation/scripted/level_m1l1/truck_twitch2_guy01.skc' has duplicate channel 'Base head01 pos'
[2026-08-22 20:47:04 UTC-6.000] ^~^~^ Animation 'newanim/models/human/animation/scripted/level_m1l1/truck_twitch2_guy01.skc' has duplicate channel 'Base head01 pos'
[2026-08-22 20:47:04 UTC-6.000] ^~^~^ Animation 'newanim/models/human/animation/scripted/level_m1l1/truck_twitch2_guy01.skc' has duplicate channel 'Base head01 pos'
[2026-08-22 20:47:04 UTC-6.000] ^~^~^ Animation 'newanim/models/human/animation/scripted/level_m1l1/truck_twitch2_guy01.skc' has duplicate channel 'Base head01 pos'
[2026-08-22 20:47:04 UTC-6.000] ^~^~^ Animation 'newanim/models/human/animation/scripted/level_m1l1/truck_twitch2_guy01.skc' has duplicate channel 'Base head01 pos'
[2026-08-22 20:47:04 UTC-6.000] ^~^~^ Animation 'newanim/models/human/animation/scripted/level_m1l1/truck_twitch2_guy01.skc' has duplicate channel 'Base head01 pos'
[2026-08-22 20:47:04 UTC-6.000] ^~^~^ Animation 'newanim/models/human/animation/scripted/level_m1l1/truck_twitch2_guy01.skc' has duplicate channel 'Base head01 pos'
[2026-08-22 20:47:04 UTC-6.000] ^~^~^ Animation 'newanim/models/human/animation/scripted/level_m1l1/truck_twitch2_guy01.skc' has duplicate channel 'Base head01 pos'
[2026-08-22 20:47:04 UTC-6.000] ^~^~^ Animation 'newanim/models/human/animation/scripted/level_m1l1/truck_twitch2_guy01.skc' has duplicate channel 'Base head01 pos'
[2026-08-22 20:47:04 UTC-6.000] ^~^~^ Animation 'newanim/models/human/animation/scripted/level_m1l1/truck_twitch2_guy01.skc' has duplicate channel 'Base head01 pos'
[2026-08-22 20:47:04 UTC-6.000] ^~^~^ Animation 'newanim/models/human/animation/scripted/level_m1l1/truck_twitch2_guy01.skc' has duplicate channel 'Base head01 pos'
[2026-08-22 20:47:04 UTC-6.000] ^~^~^ Animation 'newanim/models/human/animation/scripted/level_m1l1/truck_twitch2_guy01.skc' has duplicate channel 'Base head01 pos'
[2026-08-22 20:47:04 UTC-6.000] ^~^~^ Animation 'newanim/models/human/animation/scripted/level_m1l1/truck_twitch_guy01.skc' has duplicate channel 'Base head01 pos'
[2026-08-22 20:47:04 UTC-6.000] ^~^~^ Animation 'newanim/models/human/animation/scripted/level_m1l1/truck_twitch_guy01.skc' has duplicate channel 'Base head01 pos'
[2026-08-22 20:47:04 UTC-6.000] ^~^~^ Animation 'newanim/models/human/animation/scripted/level_m1l1/truck_twitch_guy01.skc' has duplicate channel 'Base head01 pos'
[2026-08-22 20:47:04 UTC-6.000] ^~^~^ Animation 'newanim/models/human/animation/scripted/level_m1l1/truck_twitch_guy01.skc' has duplicate channel 'Base head01 pos'
[2026-08-22 20:47:04 UTC-6.000] ^~^~^ Animation 'newanim/models/human/animation/scripted/level_m1l1/truck_twitch_guy01.skc' has duplicate channel 'Base head01 pos'
[2026-08-22 20:47:04 UTC-6.000] ^~^~^ Animation 'newanim/models/human/animation/scripted/level_m1l1/truck_twitch_guy01.skc' has duplicate channel 'Base head01 pos'
[2026-08-22 20:47:04 UTC-6.000] ^~^~^ Animation 'newanim/models/human/animation/scripted/level_m1l1/truck_twitch_guy01.skc' has duplicate channel 'Base head01 pos'
[2026-08-22 20:47:04 UTC-6.000] ^~^~^ Animation 'newanim/models/human/animation/scripted/level_m1l1/truck_twitch_guy01.skc' has duplicate channel 'Base head01 pos'
[2026-08-22 20:47:04 UTC-6.000] ^~^~^ Animation 'newanim/models/human/animation/scripted/level_m1l1/truck_twitch_guy01.skc' has duplicate channel 'Base head01 pos'
[2026-08-22 20:47:04 UTC-6.000] ^~^~^ Animation 'newanim/models/human/animation/scripted/level_m1l1/truck_twitch_guy01.skc' has duplicate channel 'Base head01 pos'
[2026-08-22 20:47:04 UTC-6.000] ^~^~^ Animation 'newanim/models/human/animation/scripted/level_m1l1/truck_twitch_guy01.skc' has duplicate channel 'Base head01 pos'
[2026-08-22 20:47:04 UTC-6.000] ^~^~^ Animation 'newanim/models/human/animation/scripted/level_m1l1/truck_twitch_guy01.skc' has duplicate channel 'Base head01 pos'
[2026-08-22 20:47:04 UTC-6.000] ^~^~^ Animation 'newanim/models/human/animation/scripted/level_m1l1/truck_twitch_guy01.skc' has duplicate channel 'Base head01 pos'
[2026-08-22 20:47:04 UTC-6.000] ^~^~^ Animation 'newanim/models/human/animation/scripted/level_m1l1/truck_twitch_guy01.skc' has duplicate channel 'Base head01 pos'
[2026-08-22 20:47:04 UTC-6.000] ^~^~^ Animation 'newanim/models/human/animation/scripted/level_m1l1/truck_twitch_guy01.skc' has duplicate channel 'Base head01 pos'
[2026-08-22 20:47:04 UTC-6.000] ^~^~^ Animation 'newanim/models/human/animation/scripted/level_m1l1/truck_twitch_guy01.skc' has duplicate channel 'Base head01 pos'
[2026-08-22 20:47:04 UTC-6.000] ^~^~^ Animation 'newanim/models/human/animation/scripted/level_m1l1/truck_twitch_guy01.skc' has duplicate channel 'Base head01 pos'
[2026-08-22 20:47:04 UTC-6.000] ^~^~^ Animation 'newanim/models/human/animation/scripted/level_m1l1/truck_twitch_guy01.skc' has duplicate channel 'Base head01 pos'
[2026-08-22 20:47:04 UTC-6.000] ^~^~^ Animation 'newanim/models/human/animation/scripted/level_m1l1/truck_twitch_guy01.skc' has duplicate channel 'Base head01 pos'
[2026-08-22 20:47:04 UTC-6.000] ^~^~^ Animation 'newanim/models/human/animation/scripted/level_m1l1/truck_twitch_guy01.skc' has duplicate channel 'Base head01 pos'
[2026-08-22 20:47:04 UTC-6.000] TIKI: TIKI_FixFrameNum: illegal frame number 77 (total: 57) in anim 'truck_out_captain' in 'models/human/german_waffenss_officer.tik'
[2026-08-22 20:47:04 UTC-6.000] TIKI: TIKI_FixFrameNum: illegal frame number 60 (total: 57) in anim 'truck_out_guy01' in 'models/human/german_waffenss_officer.tik'
[2026-08-22 20:47:04 UTC-6.000] TIKI: TIKI_FixFrameNum: illegal frame number 63 (total: 47) in anim 'truck_out_guy02' in 'models/human/german_waffenss_officer.tik'
[2026-08-22 20:47:04 UTC-6.000] TIKI: TIKI_FixFrameNum: illegal frame number 56 (total: 47) in anim 'truck_out_guy03' in 'models/human/german_waffenss_officer.tik'
[2026-08-22 20:47:04 UTC-6.000] TIKI: TIKI_FixFrameNum: illegal frame number 77 (total: 57) in anim 'truck_out_captain' in 'models/human/german_wehrmact_officer.tik'
[2026-08-22 20:47:04 UTC-6.000] TIKI: TIKI_FixFrameNum: illegal frame number 60 (total: 57) in anim 'truck_out_guy01' in 'models/human/german_wehrmact_officer.tik'
[2026-08-22 20:47:04 UTC-6.000] TIKI: TIKI_FixFrameNum: illegal frame number 63 (total: 47) in anim 'truck_out_guy02' in 'models/human/german_wehrmact_officer.tik'
[2026-08-22 20:47:04 UTC-6.000] TIKI: TIKI_FixFrameNum: illegal frame number 56 (total: 47) in anim 'truck_out_guy03' in 'models/human/german_wehrmact_officer.tik'
[2026-08-22 20:47:04 UTC-6.000] TIKI: TIKI_FixFrameNum: illegal frame number 77 (total: 57) in anim 'truck_out_captain' in 'models/human/german_afrika_officer.tik'
[2026-08-22 20:47:04 UTC-6.000] TIKI: TIKI_FixFrameNum: illegal frame number 60 (total: 57) in anim 'truck_out_guy01' in 'models/human/german_afrika_officer.tik'
[2026-08-22 20:47:04 UTC-6.000] TIKI: TIKI_FixFrameNum: illegal frame number 63 (total: 47) in anim 'truck_out_guy02' in 'models/human/german_afrika_officer.tik'
[2026-08-22 20:47:04 UTC-6.000] TIKI: TIKI_FixFrameNum: illegal frame number 56 (total: 47) in anim 'truck_out_guy03' in 'models/human/german_afrika_officer.tik'
[2026-08-22 20:47:04 UTC-6.000] TIKI: TIKI_FixFrameNum: illegal frame number 77 (total: 57) in anim 'truck_out_captain' in 'models/human/german_waffenss_shutze.tik'
[2026-08-22 20:47:04 UTC-6.000] TIKI: TIKI_FixFrameNum: illegal frame number 60 (total: 57) in anim 'truck_out_guy01' in 'models/human/german_waffenss_shutze.tik'
[2026-08-22 20:47:04 UTC-6.000] TIKI: TIKI_FixFrameNum: illegal frame number 63 (total: 47) in anim 'truck_out_guy02' in 'models/human/german_waffenss_shutze.tik'
[2026-08-22 20:47:04 UTC-6.000] TIKI: TIKI_FixFrameNum: illegal frame number 56 (total: 47) in anim 'truck_out_guy03' in 'models/human/german_waffenss_shutze.tik'
[2026-08-22 20:47:04 UTC-6.000] TIKI: TIKI_FixFrameNum: illegal frame number 77 (total: 57) in anim 'truck_out_captain' in 'models/human/german_elite_sentry.tik'
[2026-08-22 20:47:04 UTC-6.000] TIKI: TIKI_FixFrameNum: illegal frame number 60 (total: 57) in anim 'truck_out_guy01' in 'models/human/german_elite_sentry.tik'
[2026-08-22 20:47:04 UTC-6.000] TIKI: TIKI_FixFrameNum: illegal frame number 63 (total: 47) in anim 'truck_out_guy02' in 'models/human/german_elite_sentry.tik'
[2026-08-22 20:47:04 UTC-6.000] TIKI: TIKI_FixFrameNum: illegal frame number 56 (total: 47) in anim 'truck_out_guy03' in 'models/human/german_elite_sentry.tik'
[2026-08-22 20:47:04 UTC-6.000] TIKI: TIKI_FixFrameNum: illegal frame number 77 (total: 57) in anim 'truck_out_captain' in 'models/human/german_wehrmact_colonel.tik'
[2026-08-22 20:47:04 UTC-6.000] TIKI: TIKI_FixFrameNum: illegal frame number 60 (total: 57) in anim 'truck_out_guy01' in 'models/human/german_wehrmact_colonel.tik'
[2026-08-22 20:47:04 UTC-6.000] TIKI: TIKI_FixFrameNum: illegal frame number 63 (total: 47) in anim 'truck_out_guy02' in 'models/human/german_wehrmact_colonel.tik'
[2026-08-22 20:47:04 UTC-6.000] TIKI: TIKI_FixFrameNum: illegal frame number 56 (total: 47) in anim 'truck_out_guy03' in 'models/human/german_wehrmact_colonel.tik'
[2026-08-22 20:47:04 UTC-6.000] TIKI: TIKI_FixFrameNum: illegal frame number 77 (total: 57) in anim 'truck_out_captain' in 'models/human/german_elite_gestapo.tik'
[2026-08-22 20:47:04 UTC-6.000] TIKI: TIKI_FixFrameNum: illegal frame number 60 (total: 57) in anim 'truck_out_guy01' in 'models/human/german_elite_gestapo.tik'
[2026-08-22 20:47:04 UTC-6.000] TIKI: TIKI_FixFrameNum: illegal frame number 63 (total: 47) in anim 'truck_out_guy02' in 'models/human/german_elite_gestapo.tik'
[2026-08-22 20:47:04 UTC-6.000] TIKI: TIKI_FixFrameNum: illegal frame number 56 (total: 47) in anim 'truck_out_guy03' in 'models/human/german_elite_gestapo.tik'
[2026-08-22 20:47:04 UTC-6.000] TIKI: TIKI_FixFrameNum: illegal frame number 77 (total: 57) in anim 'truck_out_captain' in 'models/human/german_hund_hundpatrol.tik'
[2026-08-22 20:47:04 UTC-6.000] TIKI: TIKI_FixFrameNum: illegal frame number 60 (total: 57) in anim 'truck_out_guy01' in 'models/human/german_hund_hundpatrol.tik'
[2026-08-22 20:47:04 UTC-6.000] TIKI: TIKI_FixFrameNum: illegal frame number 63 (total: 47) in anim 'truck_out_guy02' in 'models/human/german_hund_hundpatrol.tik'
[2026-08-22 20:47:04 UTC-6.000] TIKI: TIKI_FixFrameNum: illegal frame number 56 (total: 47) in anim 'truck_out_guy03' in 'models/human/german_hund_hundpatrol.tik'
[2026-08-22 20:47:04 UTC-6.000] TIKI: TIKI_FixFrameNum: illegal frame number 77 (total: 57) in anim 'truck_out_captain' in 'models/human/allied_usa_c47-paratrooper1.tik'
[2026-08-22 20:47:04 UTC-6.000] TIKI: TIKI_FixFrameNum: illegal frame number 60 (total: 57) in anim 'truck_out_guy01' in 'models/human/allied_usa_c47-paratrooper1.tik'
[2026-08-22 20:47:04 UTC-6.000] TIKI: TIKI_FixFrameNum: illegal frame number 63 (total: 47) in anim 'truck_out_guy02' in 'models/human/allied_usa_c47-paratrooper1.tik'
[2026-08-22 20:47:04 UTC-6.000] TIKI: TIKI_FixFrameNum: illegal frame number 56 (total: 47) in anim 'truck_out_guy03' in 'models/human/allied_usa_c47-paratrooper1.tik'
[2026-08-22 20:47:04 UTC-6.000] TIKI: TIKI_FixFrameNum: illegal frame number 77 (total: 57) in anim 'truck_out_captain' in 'models/human/allied_airborne_soldier.tik'
[2026-08-22 20:47:04 UTC-6.000] TIKI: TIKI_FixFrameNum: illegal frame number 60 (total: 57) in anim 'truck_out_guy01' in 'models/human/allied_airborne_soldier.tik'
[2026-08-22 20:47:04 UTC-6.000] TIKI: TIKI_FixFrameNum: illegal frame number 63 (total: 47) in anim 'truck_out_guy02' in 'models/human/allied_airborne_soldier.tik'
[2026-08-22 20:47:04 UTC-6.000] TIKI: TIKI_FixFrameNum: illegal frame number 56 (total: 47) in anim 'truck_out_guy03' in 'models/human/allied_airborne_soldier.tik'
[2026-08-22 20:47:04 UTC-6.000] TIKI: TIKI_FixFrameNum: illegal frame number 77 (total: 57) in anim 'truck_out_captain' in 'models/human/dday_ranger_medic.tik'
[2026-08-22 20:47:04 UTC-6.000] TIKI: TIKI_FixFrameNum: illegal frame number 60 (total: 57) in anim 'truck_out_guy01' in 'models/human/dday_ranger_medic.tik'
[2026-08-22 20:47:04 UTC-6.000] TIKI: TIKI_FixFrameNum: illegal frame number 63 (total: 47) in anim 'truck_out_guy02' in 'models/human/dday_ranger_medic.tik'
[2026-08-22 20:47:04 UTC-6.000] TIKI: TIKI_FixFrameNum: illegal frame number 56 (total: 47) in anim 'truck_out_guy03' in 'models/human/dday_ranger_medic.tik'
[2026-08-22 20:47:04 UTC-6.000] Skeletor CacheAnimSkel: Could not open binary file models/static/rubble/rubble_bigpile.skc
[2026-08-22 20:47:04 UTC-6.000] TIKI: TIKI_InitTiki: Failed to load animation 'models/static/rubble/rubble_bigpile.skc' at models/static/rubble_bigpile.tik, line: 14
[2026-08-22 20:47:04 UTC-6.000] TIKI: TIKI_InitTiki: No valid animations found in models/static/rubble_bigpile.tik.
[2026-08-22 20:47:04 UTC-6.000] PRECACHE
[2026-08-22 20:47:04 UTC-6.000] TIKI: TIKI_FixFrameNum: illegal frame number 77 (total: 57) in anim 'truck_out_captain' in 'models/human/german_afrika_private.tik'
[2026-08-22 20:47:04 UTC-6.000] TIKI: TIKI_FixFrameNum: illegal frame number 60 (total: 57) in anim 'truck_out_guy01' in 'models/human/german_afrika_private.tik'
[2026-08-22 20:47:04 UTC-6.000] TIKI: TIKI_FixFrameNum: illegal frame number 63 (total: 47) in anim 'truck_out_guy02' in 'models/human/german_afrika_private.tik'
[2026-08-22 20:47:04 UTC-6.000] TIKI: TIKI_FixFrameNum: illegal frame number 56 (total: 47) in anim 'truck_out_guy03' in 'models/human/german_afrika_private.tik'
[2026-08-22 20:47:04 UTC-6.000] TIKI: TIKI_FixFrameNum: illegal frame number 77 (total: 57) in anim 'truck_out_captain' in 'models/human/german_afrika_nco.tik'
[2026-08-22 20:47:04 UTC-6.000] TIKI: TIKI_FixFrameNum: illegal frame number 60 (total: 57) in anim 'truck_out_guy01' in 'models/human/german_afrika_nco.tik'
[2026-08-22 20:47:04 UTC-6.000] TIKI: TIKI_FixFrameNum: illegal frame number 63 (total: 47) in anim 'truck_out_guy02' in 'models/human/german_afrika_nco.tik'
[2026-08-22 20:47:04 UTC-6.000] TIKI: TIKI_FixFrameNum: illegal frame number 56 (total: 47) in anim 'truck_out_guy03' in 'models/human/german_afrika_nco.tik'
[2026-08-22 20:47:04 UTC-6.000] TIKI: TIKI_FixFrameNum: illegal frame number 77 (total: 57) in anim 'truck_out_captain' in 'models/human/german_afrika_grenadier.tik'
[2026-08-22 20:47:04 UTC-6.000] TIKI: TIKI_FixFrameNum: illegal frame number 60 (total: 57) in anim 'truck_out_guy01' in 'models/human/german_afrika_grenadier.tik'
[2026-08-22 20:47:04 UTC-6.000] TIKI: TIKI_FixFrameNum: illegal frame number 63 (total: 47) in anim 'truck_out_guy02' in 'models/human/german_afrika_grenadier.tik'
[2026-08-22 20:47:04 UTC-6.000] TIKI: TIKI_FixFrameNum: illegal frame number 56 (total: 47) in anim 'truck_out_guy03' in 'models/human/german_afrika_grenadier.tik'
[2026-08-22 20:47:04 UTC-6.000] TIKI: TIKI_FixFrameNum: illegal frame number 77 (total: 57) in anim 'truck_out_captain' in 'models/human/2nd-ranger_captain.tik'
[2026-08-22 20:47:04 UTC-6.000] TIKI: TIKI_FixFrameNum: illegal frame number 60 (total: 57) in anim 'truck_out_guy01' in 'models/human/2nd-ranger_captain.tik'
[2026-08-22 20:47:04 UTC-6.000] TIKI: TIKI_FixFrameNum: illegal frame number 63 (total: 47) in anim 'truck_out_guy02' in 'models/human/2nd-ranger_captain.tik'
[2026-08-22 20:47:04 UTC-6.000] TIKI: TIKI_FixFrameNum: illegal frame number 56 (total: 47) in anim 'truck_out_guy03' in 'models/human/2nd-ranger_captain.tik'
[2026-08-22 20:47:04 UTC-6.000] TIKI: TIKI_FixFrameNum: illegal frame number 77 (total: 57) in anim 'truck_out_captain' in 'models/human/2nd-ranger_private.tik'
[2026-08-22 20:47:04 UTC-6.000] TIKI: TIKI_FixFrameNum: illegal frame number 60 (total: 57) in anim 'truck_out_guy01' in 'models/human/2nd-ranger_private.tik'
[2026-08-22 20:47:04 UTC-6.000] TIKI: TIKI_FixFrameNum: illegal frame number 63 (total: 47) in anim 'truck_out_guy02' in 'models/human/2nd-ranger_private.tik'
[2026-08-22 20:47:04 UTC-6.000] TIKI: TIKI_FixFrameNum: illegal frame number 56 (total: 47) in anim 'truck_out_guy03' in 'models/human/2nd-ranger_private.tik'
[2026-08-22 20:47:04 UTC-6.000] ^~^~^ Box data is corrupted for 'models/human/allied_pilot/allied_pilot.skd'
[2026-08-22 20:47:04 UTC-6.000] Channel named Bip01 L Clavicle pos not added. (Bone will not work without it)
[2026-08-22 20:47:04 UTC-6.000] Channel named Bip01 R Clavicle pos not added. (Bone will not work without it)
[2026-08-22 20:47:05 UTC-6.000] TIKI_InitTiki: could not find surface 'ranger_top_c' in 'models/player/allied_big_red_one.tik' (check referenced skb/skd files).
[2026-08-22 20:47:05 UTC-6.000] TIKI_InitTiki: could not find surface 'ranger_top_c' in 'models/player/allied_big_red_one_nohat.tik' (check referenced skb/skd files).
[2026-08-22 20:47:05 UTC-6.000] Channel named Bip01 Spine pos not added. (Bone will not work without it)
[2026-08-22 20:47:05 UTC-6.000] Channel named Bip01 Spine1 pos not added. (Bone will not work without it)
[2026-08-22 20:47:05 UTC-6.000] Channel named Bip01 Spine2 pos not added. (Bone will not work without it)
[2026-08-22 20:47:05 UTC-6.000] Channel named Bip01 Neck pos not added. (Bone will not work without it)
[2026-08-22 20:47:05 UTC-6.000] Channel named Bip01 Head pos not added. (Bone will not work without it)
[2026-08-22 20:47:05 UTC-6.000] Channel named Bip01 L Clavicle pos not added. (Bone will not work without it)
[2026-08-22 20:47:05 UTC-6.000] Channel named Bip01 L UpperArm pos not added. (Bone will not work without it)
[2026-08-22 20:47:05 UTC-6.000] Channel named Bip01 L Forearm pos not added. (Bone will not work without it)
[2026-08-22 20:47:05 UTC-6.000] Channel named Bip01 L Hand pos not added. (Bone will not work without it)
[2026-08-22 20:47:05 UTC-6.000] Channel named Bip01 R Clavicle pos not added. (Bone will not work without it)
[2026-08-22 20:47:05 UTC-6.000] Channel named Bip01 R UpperArm pos not added. (Bone will not work without it)
[2026-08-22 20:47:05 UTC-6.000] Channel named Bip01 R Forearm pos not added. (Bone will not work without it)
[2026-08-22 20:47:05 UTC-6.000] Channel named Bip01 R Hand pos not added. (Bone will not work without it)
[2026-08-22 20:47:05 UTC-6.000] Channel named Bip01 Spine pos not added. (Bone will not work without it)
[2026-08-22 20:47:05 UTC-6.000] Channel named Bip01 Spine1 pos not added. (Bone will not work without it)
[2026-08-22 20:47:05 UTC-6.000] Channel named Bip01 Spine2 pos not added. (Bone will not work without it)
[2026-08-22 20:47:05 UTC-6.000] Channel named Bip01 Neck pos not added. (Bone will not work without it)
[2026-08-22 20:47:05 UTC-6.000] Channel named Bip01 Head pos not added. (Bone will not work without it)
[2026-08-22 20:47:05 UTC-6.000] Channel named Bip01 L Clavicle pos not added. (Bone will not work without it)
[2026-08-22 20:47:05 UTC-6.000] Channel named Bip01 L UpperArm pos not added. (Bone will not work without it)
[2026-08-22 20:47:05 UTC-6.000] Channel named Bip01 L Forearm pos not added. (Bone will not work without it)
[2026-08-22 20:47:05 UTC-6.000] Channel named Bip01 L Hand pos not added. (Bone will not work without it)
[2026-08-22 20:47:05 UTC-6.000] Channel named Bip01 R Clavicle pos not added. (Bone will not work without it)
[2026-08-22 20:47:05 UTC-6.000] Channel named Bip01 R UpperArm pos not added. (Bone will not work without it)
[2026-08-22 20:47:05 UTC-6.000] Channel named Bip01 R Forearm pos not added. (Bone will not work without it)
[2026-08-22 20:47:05 UTC-6.000] Channel named Bip01 R Hand pos not added. (Bone will not work without it)
[2026-08-22 20:47:05 UTC-6.000] Channel named Bip01 Spine pos not added. (Bone will not work without it)
[2026-08-22 20:47:05 UTC-6.000] Channel named Bip01 Spine1 pos not added. (Bone will not work without it)
[2026-08-22 20:47:05 UTC-6.000] Channel named Bip01 Spine2 pos not added. (Bone will not work without it)
[2026-08-22 20:47:05 UTC-6.000] Channel named Bip01 Neck pos not added. (Bone will not work without it)
[2026-08-22 20:47:05 UTC-6.000] Channel named Bip01 Head pos not added. (Bone will not work without it)
[2026-08-22 20:47:05 UTC-6.000] Channel named Bip01 L Clavicle pos not added. (Bone will not work without it)
[2026-08-22 20:47:05 UTC-6.000] Channel named Bip01 L UpperArm pos not added. (Bone will not work without it)
[2026-08-22 20:47:05 UTC-6.000] Channel named Bip01 L Forearm pos not added. (Bone will not work without it)
[2026-08-22 20:47:05 UTC-6.000] Channel named Bip01 L Hand pos not added. (Bone will not work without it)
[2026-08-22 20:47:05 UTC-6.000] Channel named Bip01 R Clavicle pos not added. (Bone will not work without it)
[2026-08-22 20:47:05 UTC-6.000] Channel named Bip01 R UpperArm pos not added. (Bone will not work without it)
[2026-08-22 20:47:05 UTC-6.000] Channel named Bip01 R Forearm pos not added. (Bone will not work without it)
[2026-08-22 20:47:05 UTC-6.000] Channel named Bip01 R Hand pos not added. (Bone will not work without it)
[2026-08-22 20:47:05 UTC-6.000] Channel named Bip01 Spine pos not added. (Bone will not work without it)
[2026-08-22 20:47:05 UTC-6.000] Channel named Bip01 Spine1 pos not added. (Bone will not work without it)
[2026-08-22 20:47:05 UTC-6.000] Channel named Bip01 Spine2 pos not added. (Bone will not work without it)
[2026-08-22 20:47:05 UTC-6.000] Channel named Bip01 Neck pos not added. (Bone will not work without it)
[2026-08-22 20:47:05 UTC-6.000] Channel named Bip01 Head pos not added. (Bone will not work without it)
[2026-08-22 20:47:05 UTC-6.000] Channel named Bip01 L Clavicle pos not added. (Bone will not work without it)
[2026-08-22 20:47:05 UTC-6.000] Channel named Bip01 L UpperArm pos not added. (Bone will not work without it)
[2026-08-22 20:47:05 UTC-6.000] Channel named Bip01 L Forearm pos not added. (Bone will not work without it)
[2026-08-22 20:47:05 UTC-6.000] Channel named Bip01 L Hand pos not added. (Bone will not work without it)
[2026-08-22 20:47:05 UTC-6.000] Channel named Bip01 R Clavicle pos not added. (Bone will not work without it)
[2026-08-22 20:47:05 UTC-6.000] Channel named Bip01 R UpperArm pos not added. (Bone will not work without it)
[2026-08-22 20:47:05 UTC-6.000] Channel named Bip01 R Forearm pos not added. (Bone will not work without it)
[2026-08-22 20:47:05 UTC-6.000] Channel named Bip01 R Hand pos not added. (Bone will not work without it)
[2026-08-22 20:47:05 UTC-6.000] Channel named Bip01 Spine pos not added. (Bone will not work without it)
[2026-08-22 20:47:05 UTC-6.000] Channel named Bip01 Spine1 pos not added. (Bone will not work without it)
[2026-08-22 20:47:05 UTC-6.000] Channel named Bip01 Spine2 pos not added. (Bone will not work without it)
[2026-08-22 20:47:05 UTC-6.000] Channel named Bip01 Neck pos not added. (Bone will not work without it)
[2026-08-22 20:47:05 UTC-6.000] Channel named Bip01 Head pos not added. (Bone will not work without it)
[2026-08-22 20:47:05 UTC-6.000] Channel named Bip01 L Clavicle pos not added. (Bone will not work without it)
[2026-08-22 20:47:05 UTC-6.000] Channel named Bip01 L UpperArm pos not added. (Bone will not work without it)
[2026-08-22 20:47:05 UTC-6.000] Channel named Bip01 L Forearm pos not added. (Bone will not work without it)
[2026-08-22 20:47:05 UTC-6.000] Channel named Bip01 L Hand pos not added. (Bone will not work without it)
[2026-08-22 20:47:05 UTC-6.000] Channel named Bip01 R Clavicle pos not added. (Bone will not work without it)
[2026-08-22 20:47:05 UTC-6.000] Channel named Bip01 R UpperArm pos not added. (Bone will not work without it)
[2026-08-22 20:47:05 UTC-6.000] Channel named Bip01 R Forearm pos not added. (Bone will not work without it)
[2026-08-22 20:47:05 UTC-6.000] Channel named Bip01 R Hand pos not added. (Bone will not work without it)
[2026-08-22 20:47:05 UTC-6.000] Channel named Bip01 Spine pos not added. (Bone will not work without it)
[2026-08-22 20:47:05 UTC-6.000] Channel named Bip01 Spine1 pos not added. (Bone will not work without it)
[2026-08-22 20:47:05 UTC-6.000] Channel named Bip01 Spine2 pos not added. (Bone will not work without it)
[2026-08-22 20:47:05 UTC-6.000] Channel named Bip01 Neck pos not added. (Bone will not work without it)
[2026-08-22 20:47:05 UTC-6.000] Channel named Bip01 Head pos not added. (Bone will not work without it)
[2026-08-22 20:47:05 UTC-6.000] Channel named Bip01 L Clavicle pos not added. (Bone will not work without it)
[2026-08-22 20:47:05 UTC-6.000] Channel named Bip01 L UpperArm pos not added. (Bone will not work without it)
[2026-08-22 20:47:05 UTC-6.000] Channel named Bip01 L Forearm pos not added. (Bone will not work without it)
[2026-08-22 20:47:05 UTC-6.000] Channel named Bip01 L Hand pos not added. (Bone will not work without it)
[2026-08-22 20:47:05 UTC-6.000] Channel named Bip01 R Clavicle pos not added. (Bone will not work without it)
[2026-08-22 20:47:05 UTC-6.000] Channel named Bip01 R UpperArm pos not added. (Bone will not work without it)
[2026-08-22 20:47:05 UTC-6.000] Channel named Bip01 R Forearm pos not added. (Bone will not work without it)
[2026-08-22 20:47:05 UTC-6.000] Channel named Bip01 R Hand pos not added. (Bone will not work without it)
[2026-08-22 20:47:05 UTC-6.000] Channel named Bip01 Spine pos not added. (Bone will not work without it)
[2026-08-22 20:47:05 UTC-6.000] Channel named Bip01 Spine1 pos not added. (Bone will not work without it)
[2026-08-22 20:47:05 UTC-6.000] Channel named Bip01 Spine2 pos not added. (Bone will not work without it)
[2026-08-22 20:47:05 UTC-6.000] Channel named Bip01 Neck pos not added. (Bone will not work without it)
[2026-08-22 20:47:05 UTC-6.000] Channel named Bip01 Head pos not added. (Bone will not work without it)
[2026-08-22 20:47:05 UTC-6.000] Channel named Bip01 L Clavicle pos not added. (Bone will not work without it)
[2026-08-22 20:47:05 UTC-6.000] Channel named Bip01 L UpperArm pos not added. (Bone will not work without it)
[2026-08-22 20:47:05 UTC-6.000] Channel named Bip01 L Forearm pos not added. (Bone will not work without it)
[2026-08-22 20:47:05 UTC-6.000] Channel named Bip01 L Hand pos not added. (Bone will not work without it)
[2026-08-22 20:47:05 UTC-6.000] Channel named Bip01 R Clavicle pos not added. (Bone will not work without it)
[2026-08-22 20:47:05 UTC-6.000] Channel named Bip01 R UpperArm pos not added. (Bone will not work without it)
[2026-08-22 20:47:05 UTC-6.000] Channel named Bip01 R Forearm pos not added. (Bone will not work without it)
[2026-08-22 20:47:05 UTC-6.000] Channel named Bip01 R Hand pos not added. (Bone will not work without it)
[2026-08-22 20:47:05 UTC-6.000] Channel named Bip01 Spine pos not added. (Bone will not work without it)
[2026-08-22 20:47:05 UTC-6.000] Channel named Bip01 Spine1 pos not added. (Bone will not work without it)
[2026-08-22 20:47:05 UTC-6.000] Channel named Bip01 Spine2 pos not added. (Bone will not work without it)
[2026-08-22 20:47:05 UTC-6.000] Channel named Bip01 Neck pos not added. (Bone will not work without it)
[2026-08-22 20:47:05 UTC-6.000] Channel named Bip01 Head pos not added. (Bone will not work without it)
[2026-08-22 20:47:05 UTC-6.000] Channel named Bip01 L Clavicle pos not added. (Bone will not work without it)
[2026-08-22 20:47:05 UTC-6.000] Channel named Bip01 L UpperArm pos not added. (Bone will not work without it)
[2026-08-22 20:47:05 UTC-6.000] Channel named Bip01 L Forearm pos not added. (Bone will not work without it)
[2026-08-22 20:47:05 UTC-6.000] Channel named Bip01 L Hand pos not added. (Bone will not work without it)
[2026-08-22 20:47:05 UTC-6.000] Channel named Bip01 R Clavicle pos not added. (Bone will not work without it)
[2026-08-22 20:47:05 UTC-6.000] Channel named Bip01 R UpperArm pos not added. (Bone will not work without it)
[2026-08-22 20:47:05 UTC-6.000] Channel named Bip01 R Forearm pos not added. (Bone will not work without it)
[2026-08-22 20:47:05 UTC-6.000] Channel named Bip01 R Hand pos not added. (Bone will not work without it)
[2026-08-22 20:47:05 UTC-6.000] Channel named Bip01 Spine pos not added. (Bone will not work without it)
[2026-08-22 20:47:05 UTC-6.000] Channel named Bip01 Spine1 pos not added. (Bone will not work without it)
[2026-08-22 20:47:05 UTC-6.000] Channel named Bip01 Spine2 pos not added. (Bone will not work without it)
[2026-08-22 20:47:05 UTC-6.000] Channel named Bip01 Neck pos not added. (Bone will not work without it)
[2026-08-22 20:47:05 UTC-6.000] Channel named Bip01 Head pos not added. (Bone will not work without it)
[2026-08-22 20:47:05 UTC-6.000] Channel named Bip01 L Clavicle pos not added. (Bone will not work without it)
[2026-08-22 20:47:05 UTC-6.000] Channel named Bip01 L UpperArm pos not added. (Bone will not work without it)
[2026-08-22 20:47:05 UTC-6.000] Channel named Bip01 L Forearm pos not added. (Bone will not work without it)
[2026-08-22 20:47:05 UTC-6.000] Channel named Bip01 L Hand pos not added. (Bone will not work without it)
[2026-08-22 20:47:05 UTC-6.000] Channel named Bip01 R Clavicle pos not added. (Bone will not work without it)
[2026-08-22 20:47:05 UTC-6.000] Channel named Bip01 R UpperArm pos not added. (Bone will not work without it)
[2026-08-22 20:47:05 UTC-6.000] Channel named Bip01 R Forearm pos not added. (Bone will not work without it)
[2026-08-22 20:47:05 UTC-6.000] Channel named Bip01 R Hand pos not added. (Bone will not work without it)
[2026-08-22 20:47:05 UTC-6.000] Channel named Bip01 Spine pos not added. (Bone will not work without it)
[2026-08-22 20:47:05 UTC-6.000] Channel named Bip01 Spine1 pos not added. (Bone will not work without it)
[2026-08-22 20:47:05 UTC-6.000] Channel named Bip01 Spine2 pos not added. (Bone will not work without it)
[2026-08-22 20:47:05 UTC-6.000] Channel named Bip01 Neck pos not added. (Bone will not work without it)
[2026-08-22 20:47:05 UTC-6.000] Channel named Bip01 Head pos not added. (Bone will not work without it)
[2026-08-22 20:47:05 UTC-6.000] Channel named Bip01 L Clavicle pos not added. (Bone will not work without it)
[2026-08-22 20:47:05 UTC-6.000] Channel named Bip01 L UpperArm pos not added. (Bone will not work without it)
[2026-08-22 20:47:05 UTC-6.000] Channel named Bip01 L Forearm pos not added. (Bone will not work without it)
[2026-08-22 20:47:05 UTC-6.000] Channel named Bip01 L Hand pos not added. (Bone will not work without it)
[2026-08-22 20:47:05 UTC-6.000] Channel named Bip01 R Clavicle pos not added. (Bone will not work without it)
[2026-08-22 20:47:05 UTC-6.000] Channel named Bip01 R UpperArm pos not added. (Bone will not work without it)
[2026-08-22 20:47:05 UTC-6.000] Channel named Bip01 R Forearm pos not added. (Bone will not work without it)
[2026-08-22 20:47:05 UTC-6.000] Channel named Bip01 R Hand pos not added. (Bone will not work without it)
[2026-08-22 20:47:05 UTC-6.000] Channel named Bip01 Spine pos not added. (Bone will not work without it)
[2026-08-22 20:47:05 UTC-6.000] Channel named Bip01 Spine1 pos not added. (Bone will not work without it)
[2026-08-22 20:47:05 UTC-6.000] Channel named Bip01 Spine2 pos not added. (Bone will not work without it)
[2026-08-22 20:47:05 UTC-6.000] Channel named Bip01 Neck pos not added. (Bone will not work without it)
[2026-08-22 20:47:05 UTC-6.000] Channel named Bip01 Head pos not added. (Bone will not work without it)
[2026-08-22 20:47:05 UTC-6.000] Channel named Bip01 L Clavicle pos not added. (Bone will not work without it)
[2026-08-22 20:47:05 UTC-6.000] Channel named Bip01 L UpperArm pos not added. (Bone will not work without it)
[2026-08-22 20:47:05 UTC-6.000] Channel named Bip01 L Forearm pos not added. (Bone will not work without it)
[2026-08-22 20:47:05 UTC-6.000] Channel named Bip01 L Hand pos not added. (Bone will not work without it)
[2026-08-22 20:47:05 UTC-6.000] Channel named Bip01 R Clavicle pos not added. (Bone will not work without it)
[2026-08-22 20:47:05 UTC-6.000] Channel named Bip01 R UpperArm pos not added. (Bone will not work without it)
[2026-08-22 20:47:05 UTC-6.000] Channel named Bip01 R Forearm pos not added. (Bone will not work without it)
[2026-08-22 20:47:05 UTC-6.000] Channel named Bip01 R Hand pos not added. (Bone will not work without it)
[2026-08-22 20:47:05 UTC-6.000] Channel named Bip01 Spine pos not added. (Bone will not work without it)
[2026-08-22 20:47:05 UTC-6.000] Channel named Bip01 Spine1 pos not added. (Bone will not work without it)
[2026-08-22 20:47:05 UTC-6.000] Channel named Bip01 Spine2 pos not added. (Bone will not work without it)
[2026-08-22 20:47:05 UTC-6.000] Channel named Bip01 Neck pos not added. (Bone will not work without it)
[2026-08-22 20:47:05 UTC-6.000] Channel named Bip01 Head pos not added. (Bone will not work without it)
[2026-08-22 20:47:05 UTC-6.000] Channel named Bip01 L Clavicle pos not added. (Bone will not work without it)
[2026-08-22 20:47:05 UTC-6.000] Channel named Bip01 L UpperArm pos not added. (Bone will not work without it)
[2026-08-22 20:47:05 UTC-6.000] Channel named Bip01 L Forearm pos not added. (Bone will not work without it)
[2026-08-22 20:47:05 UTC-6.000] Channel named Bip01 L Hand pos not added. (Bone will not work without it)
[2026-08-22 20:47:05 UTC-6.000] Channel named Bip01 R Clavicle pos not added. (Bone will not work without it)
[2026-08-22 20:47:05 UTC-6.000] Channel named Bip01 R UpperArm pos not added. (Bone will not work without it)
[2026-08-22 20:47:05 UTC-6.000] Channel named Bip01 R Forearm pos not added. (Bone will not work without it)
[2026-08-22 20:47:05 UTC-6.000] Channel named Bip01 R Hand pos not added. (Bone will not work without it)
[2026-08-22 20:47:05 UTC-6.000] Channel named Bip01 Spine pos not added. (Bone will not work without it)
[2026-08-22 20:47:05 UTC-6.000] Channel named Bip01 Spine1 pos not added. (Bone will not work without it)
[2026-08-22 20:47:05 UTC-6.000] Channel named Bip01 Spine2 pos not added. (Bone will not work without it)
[2026-08-22 20:47:05 UTC-6.000] Channel named Bip01 Neck pos not added. (Bone will not work without it)
[2026-08-22 20:47:05 UTC-6.000] Channel named Bip01 Head pos not added. (Bone will not work without it)
[2026-08-22 20:47:05 UTC-6.000] Channel named Bip01 L Clavicle pos not added. (Bone will not work without it)
[2026-08-22 20:47:05 UTC-6.000] Channel named Bip01 L UpperArm pos not added. (Bone will not work without it)
[2026-08-22 20:47:05 UTC-6.000] Channel named Bip01 L Forearm pos not added. (Bone will not work without it)
[2026-08-22 20:47:05 UTC-6.000] Channel named Bip01 L Hand pos not added. (Bone will not work without it)
[2026-08-22 20:47:05 UTC-6.000] Channel named Bip01 R Clavicle pos not added. (Bone will not work without it)
[2026-08-22 20:47:05 UTC-6.000] Channel named Bip01 R UpperArm pos not added. (Bone will not work without it)
[2026-08-22 20:47:05 UTC-6.000] Channel named Bip01 R Forearm pos not added. (Bone will not work without it)
[2026-08-22 20:47:05 UTC-6.000] Channel named Bip01 R Hand pos not added. (Bone will not work without it)
[2026-08-22 20:47:05 UTC-6.000] Channel named Bip01 Spine pos not added. (Bone will not work without it)
[2026-08-22 20:47:05 UTC-6.000] Channel named Bip01 Spine1 pos not added. (Bone will not work without it)
[2026-08-22 20:47:05 UTC-6.000] Channel named Bip01 Spine2 pos not added. (Bone will not work without it)
[2026-08-22 20:47:05 UTC-6.000] Channel named Bip01 Neck pos not added. (Bone will not work without it)
[2026-08-22 20:47:05 UTC-6.000] Channel named Bip01 Head pos not added. (Bone will not work without it)
[2026-08-22 20:47:05 UTC-6.000] Channel named Bip01 L Clavicle pos not added. (Bone will not work without it)
[2026-08-22 20:47:05 UTC-6.000] Channel named Bip01 L UpperArm pos not added. (Bone will not work without it)
[2026-08-22 20:47:05 UTC-6.000] Channel named Bip01 L Forearm pos not added. (Bone will not work without it)
[2026-08-22 20:47:05 UTC-6.000] Channel named Bip01 L Hand pos not added. (Bone will not work without it)
[2026-08-22 20:47:05 UTC-6.000] Channel named Bip01 R Clavicle pos not added. (Bone will not work without it)
[2026-08-22 20:47:05 UTC-6.000] Channel named Bip01 R UpperArm pos not added. (Bone will not work without it)
[2026-08-22 20:47:05 UTC-6.000] Channel named Bip01 R Forearm pos not added. (Bone will not work without it)
[2026-08-22 20:47:05 UTC-6.000] Channel named Bip01 R Hand pos not added. (Bone will not work without it)
[2026-08-22 20:47:05 UTC-6.000] Channel named Bip01 Spine pos not added. (Bone will not work without it)
[2026-08-22 20:47:05 UTC-6.000] Channel named Bip01 Spine1 pos not added. (Bone will not work without it)
[2026-08-22 20:47:05 UTC-6.000] Channel named Bip01 Spine2 pos not added. (Bone will not work without it)
[2026-08-22 20:47:05 UTC-6.000] Channel named Bip01 Neck pos not added. (Bone will not work without it)
[2026-08-22 20:47:05 UTC-6.000] Channel named Bip01 Head pos not added. (Bone will not work without it)
[2026-08-22 20:47:05 UTC-6.000] Channel named Bip01 L Clavicle pos not added. (Bone will not work without it)
[2026-08-22 20:47:05 UTC-6.000] Channel named Bip01 L UpperArm pos not added. (Bone will not work without it)
[2026-08-22 20:47:05 UTC-6.000] Channel named Bip01 L Forearm pos not added. (Bone will not work without it)
[2026-08-22 20:47:05 UTC-6.000] Channel named Bip01 L Hand pos not added. (Bone will not work without it)
[2026-08-22 20:47:05 UTC-6.000] Channel named Bip01 R Clavicle pos not added. (Bone will not work without it)
[2026-08-22 20:47:05 UTC-6.000] Channel named Bip01 R UpperArm pos not added. (Bone will not work without it)
[2026-08-22 20:47:05 UTC-6.000] Channel named Bip01 R Forearm pos not added. (Bone will not work without it)
[2026-08-22 20:47:05 UTC-6.000] Channel named Bip01 R Hand pos not added. (Bone will not work without it)
[2026-08-22 20:47:05 UTC-6.000] Channel named Bip01 Spine pos not added. (Bone will not work without it)
[2026-08-22 20:47:05 UTC-6.000] Channel named Bip01 Spine1 pos not added. (Bone will not work without it)
[2026-08-22 20:47:05 UTC-6.000] Channel named Bip01 Spine2 pos not added. (Bone will not work without it)
[2026-08-22 20:47:05 UTC-6.000] Channel named Bip01 Neck pos not added. (Bone will not work without it)
[2026-08-22 20:47:05 UTC-6.000] Channel named Bip01 Head pos not added. (Bone will not work without it)
[2026-08-22 20:47:05 UTC-6.000] Channel named Bip01 L Clavicle pos not added. (Bone will not work without it)
[2026-08-22 20:47:05 UTC-6.000] Channel named Bip01 L UpperArm pos not added. (Bone will not work without it)
[2026-08-22 20:47:05 UTC-6.000] Channel named Bip01 L Forearm pos not added. (Bone will not work without it)
[2026-08-22 20:47:05 UTC-6.000] Channel named Bip01 L Hand pos not added. (Bone will not work without it)
[2026-08-22 20:47:05 UTC-6.000] Channel named Bip01 R Clavicle pos not added. (Bone will not work without it)
[2026-08-22 20:47:05 UTC-6.000] Channel named Bip01 R UpperArm pos not added. (Bone will not work without it)
[2026-08-22 20:47:05 UTC-6.000] Channel named Bip01 R Forearm pos not added. (Bone will not work without it)
[2026-08-22 20:47:05 UTC-6.000] Channel named Bip01 R Hand pos not added. (Bone will not work without it)
[2026-08-22 20:47:05 UTC-6.000] Channel named Bip01 Spine pos not added. (Bone will not work without it)
[2026-08-22 20:47:05 UTC-6.000] Channel named Bip01 Spine1 pos not added. (Bone will not work without it)
[2026-08-22 20:47:05 UTC-6.000] Channel named Bip01 Spine2 pos not added. (Bone will not work without it)
[2026-08-22 20:47:05 UTC-6.000] Channel named Bip01 Neck pos not added. (Bone will not work without it)
[2026-08-22 20:47:05 UTC-6.000] Channel named Bip01 Head pos not added. (Bone will not work without it)
[2026-08-22 20:47:05 UTC-6.000] Channel named Bip01 L Clavicle pos not added. (Bone will not work without it)
[2026-08-22 20:47:05 UTC-6.000] Channel named Bip01 L UpperArm pos not added. (Bone will not work without it)
[2026-08-22 20:47:05 UTC-6.000] Channel named Bip01 L Forearm pos not added. (Bone will not work without it)
[2026-08-22 20:47:05 UTC-6.000] Channel named Bip01 L Hand pos not added. (Bone will not work without it)
[2026-08-22 20:47:05 UTC-6.000] Channel named Bip01 R Clavicle pos not added. (Bone will not work without it)
[2026-08-22 20:47:05 UTC-6.000] Channel named Bip01 R UpperArm pos not added. (Bone will not work without it)
[2026-08-22 20:47:05 UTC-6.000] Channel named Bip01 R Forearm pos not added. (Bone will not work without it)
[2026-08-22 20:47:05 UTC-6.000] Channel named Bip01 R Hand pos not added. (Bone will not work without it)
[2026-08-22 20:47:05 UTC-6.000] TIKI_InitTiki: could not find surface 'ranger_top_c' in 'models/player/allied_infantry.tik' (check referenced skb/skd files).
[2026-08-22 20:47:05 UTC-6.000] TIKI_InitTiki: could not find surface 'ranger_top_c' in 'models/player/allied_infantry_nohat.tik' (check referenced skb/skd files).
[2026-08-22 20:47:05 UTC-6.000] Channel named Bip01 Spine pos not added. (Bone will not work without it)
[2026-08-22 20:47:05 UTC-6.000] Channel named Bip01 Spine1 pos not added. (Bone will not work without it)
[2026-08-22 20:47:05 UTC-6.000] Channel named Bip01 Spine2 pos not added. (Bone will not work without it)
[2026-08-22 20:47:05 UTC-6.000] Channel named Bip01 Neck pos not added. (Bone will not work without it)
[2026-08-22 20:47:05 UTC-6.000] Channel named Bip01 Head pos not added. (Bone will not work without it)
[2026-08-22 20:47:05 UTC-6.000] Channel named Bip01 L Clavicle pos not added. (Bone will not work without it)
[2026-08-22 20:47:05 UTC-6.000] Channel named Bip01 L UpperArm pos not added. (Bone will not work without it)
[2026-08-22 20:47:05 UTC-6.000] Channel named Bip01 L Forearm pos not added. (Bone will not work without it)
[2026-08-22 20:47:05 UTC-6.000] Channel named Bip01 L Hand pos not added. (Bone will not work without it)
[2026-08-22 20:47:05 UTC-6.000] Channel named Bip01 R Clavicle pos not added. (Bone will not work without it)
[2026-08-22 20:47:05 UTC-6.000] Channel named Bip01 R UpperArm pos not added. (Bone will not work without it)
[2026-08-22 20:47:05 UTC-6.000] Channel named Bip01 R Forearm pos not added. (Bone will not work without it)
[2026-08-22 20:47:05 UTC-6.000] Channel named Bip01 R Hand pos not added. (Bone will not work without it)
[2026-08-22 20:47:05 UTC-6.000] Channel named Bip01 Spine pos not added. (Bone will not work without it)
[2026-08-22 20:47:05 UTC-6.000] Channel named Bip01 Spine1 pos not added. (Bone will not work without it)
[2026-08-22 20:47:05 UTC-6.000] Channel named Bip01 Spine2 pos not added. (Bone will not work without it)
[2026-08-22 20:47:05 UTC-6.000] Channel named Bip01 Neck pos not added. (Bone will not work without it)
[2026-08-22 20:47:05 UTC-6.000] Channel named Bip01 Head pos not added. (Bone will not work without it)
[2026-08-22 20:47:05 UTC-6.000] Channel named Bip01 L Clavicle pos not added. (Bone will not work without it)
[2026-08-22 20:47:05 UTC-6.000] Channel named Bip01 L UpperArm pos not added. (Bone will not work without it)
[2026-08-22 20:47:05 UTC-6.000] Channel named Bip01 L Forearm pos not added. (Bone will not work without it)
[2026-08-22 20:47:05 UTC-6.000] Channel named Bip01 L Hand pos not added. (Bone will not work without it)
[2026-08-22 20:47:05 UTC-6.000] Channel named Bip01 R Clavicle pos not added. (Bone will not work without it)
[2026-08-22 20:47:05 UTC-6.000] Channel named Bip01 R UpperArm pos not added. (Bone will not work without it)
[2026-08-22 20:47:05 UTC-6.000] Channel named Bip01 R Forearm pos not added. (Bone will not work without it)
[2026-08-22 20:47:05 UTC-6.000] Channel named Bip01 R Hand pos not added. (Bone will not work without it)
[2026-08-22 20:47:05 UTC-6.000] TIKI: TIKI_ParseSetup: unknown setup command 'init' in 'models/player/american_omaha_ranger.tik' on line 48, skipping line.
[2026-08-22 20:47:05 UTC-6.000] TIKI: TIKI_ParseSetup: unknown setup command '{' in 'models/player/american_omaha_ranger.tik' on line 49, skipping line.
[2026-08-22 20:47:05 UTC-6.000] TIKI: TIKI_ParseSetup: unknown setup command 'client' in 'models/player/american_omaha_ranger.tik' on line 50, skipping line.
[2026-08-22 20:47:05 UTC-6.000] TIKI: TIKI_ParseSetup: unknown setup command '{' in 'models/player/american_omaha_ranger.tik' on line 51, skipping line.
[2026-08-22 20:47:05 UTC-6.000] TIKI: TIKI_LoadTIKIfile: unknown section server in models/player/american_omaha_ranger.tik online 54, skipping line.
[2026-08-22 20:47:05 UTC-6.000] TIKI: TIKI_LoadTIKIfile: unknown section { in models/player/american_omaha_ranger.tik online 55, skipping line.
[2026-08-22 20:47:05 UTC-6.000] TIKI: TIKI_LoadTIKIfile: unknown section voicetype in models/player/american_omaha_ranger.tik online 56, skipping line.
[2026-08-22 20:47:05 UTC-6.000] TIKI: TIKI_LoadTIKIfile: unknown section } in models/player/american_omaha_ranger.tik online 57, skipping line.
[2026-08-22 20:47:05 UTC-6.000] TIKI: TIKI_LoadTIKIfile: unknown section } in models/player/american_omaha_ranger.tik online 58, skipping line.
[2026-08-22 20:47:05 UTC-6.000] TIKI: TIKI_ParseSetup: unknown setup command 'init' in 'models/player/american_omaha_ranger_nohat.tik' on line 51, skipping line.
[2026-08-22 20:47:05 UTC-6.000] TIKI: TIKI_ParseSetup: unknown setup command '{' in 'models/player/american_omaha_ranger_nohat.tik' on line 52, skipping line.
[2026-08-22 20:47:05 UTC-6.000] TIKI: TIKI_ParseSetup: unknown setup command 'client' in 'models/player/american_omaha_ranger_nohat.tik' on line 53, skipping line.
[2026-08-22 20:47:05 UTC-6.000] TIKI: TIKI_ParseSetup: unknown setup command '{' in 'models/player/american_omaha_ranger_nohat.tik' on line 54, skipping line.
[2026-08-22 20:47:05 UTC-6.000] TIKI: TIKI_LoadTIKIfile: unknown section server in models/player/american_omaha_ranger_nohat.tik online 57, skipping line.
[2026-08-22 20:47:05 UTC-6.000] TIKI: TIKI_LoadTIKIfile: unknown section { in models/player/american_omaha_ranger_nohat.tik online 58, skipping line.
[2026-08-22 20:47:05 UTC-6.000] TIKI: TIKI_LoadTIKIfile: unknown section voicetype in models/player/american_omaha_ranger_nohat.tik online 59, skipping line.
[2026-08-22 20:47:05 UTC-6.000] TIKI: TIKI_LoadTIKIfile: unknown section } in models/player/american_omaha_ranger_nohat.tik online 60, skipping line.
[2026-08-22 20:47:05 UTC-6.000] TIKI: TIKI_LoadTIKIfile: unknown section } in models/player/american_omaha_ranger_nohat.tik online 61, skipping line.
[2026-08-22 20:47:06 UTC-6.000] Channel named Bip01 Spine pos not added. (Bone will not work without it)
[2026-08-22 20:47:06 UTC-6.000] Channel named Bip01 Spine1 pos not added. (Bone will not work without it)
[2026-08-22 20:47:06 UTC-6.000] Channel named Bip01 Spine2 pos not added. (Bone will not work without it)
[2026-08-22 20:47:06 UTC-6.000] Channel named Bip01 Neck pos not added. (Bone will not work without it)
[2026-08-22 20:47:06 UTC-6.000] Channel named Bip01 Head pos not added. (Bone will not work without it)
[2026-08-22 20:47:06 UTC-6.000] Channel named Bip01 L Clavicle pos not added. (Bone will not work without it)
[2026-08-22 20:47:06 UTC-6.000] Channel named Bip01 L UpperArm pos not added. (Bone will not work without it)
[2026-08-22 20:47:06 UTC-6.000] Channel named Bip01 L Forearm pos not added. (Bone will not work without it)
[2026-08-22 20:47:06 UTC-6.000] Channel named Bip01 L Hand pos not added. (Bone will not work without it)
[2026-08-22 20:47:06 UTC-6.000] Channel named Bip01 R Clavicle pos not added. (Bone will not work without it)
[2026-08-22 20:47:06 UTC-6.000] Channel named Bip01 R UpperArm pos not added. (Bone will not work without it)
[2026-08-22 20:47:06 UTC-6.000] Channel named Bip01 R Forearm pos not added. (Bone will not work without it)
[2026-08-22 20:47:06 UTC-6.000] Channel named Bip01 R Hand pos not added. (Bone will not work without it)
[2026-08-22 20:47:06 UTC-6.000] 

-----------PARSING 'ubersound/coop_aivoice.scr' (SERVER)------------
[2026-08-22 20:47:06 UTC-6.000] Any SetCurrentTiki errors means that tiki wasn't prefetched and tiki-specific sounds for it won't work. To fix prefetch the tiki. Ignore if you don't use that tiki on this level.
[2026-08-22 20:47:06 UTC-6.000] G_Command_ProcessFile: ubersound/coop_aivoice.scr
[2026-08-22 20:47:06 UTC-6.000] DUPLICATE ALIASES: coop_av_de_contact and coop_av_de_contact
[2026-08-22 20:47:06 UTC-6.000] DUPLICATE ALIASES: coop_av_de_contact and coop_av_de_contact
[2026-08-22 20:47:06 UTC-6.000] DUPLICATE ALIASES: coop_av_de_contact and coop_av_de_contact
[2026-08-22 20:47:06 UTC-6.000] DUPLICATE ALIASES: coop_av_de_contact and coop_av_de_contact
[2026-08-22 20:47:06 UTC-6.000] DUPLICATE ALIASES: coop_av_de_contact and coop_av_de_contact
[2026-08-22 20:47:06 UTC-6.000] DUPLICATE ALIASES: coop_av_de_contact and coop_av_de_contact
[2026-08-22 20:47:06 UTC-6.000] DUPLICATE ALIASES: coop_av_de_contact and coop_av_de_contact
[2026-08-22 20:47:06 UTC-6.000] DUPLICATE ALIASES: coop_av_de_spot and coop_av_de_spot
[2026-08-22 20:47:06 UTC-6.000] DUPLICATE ALIASES: coop_av_de_spot and coop_av_de_spot
[2026-08-22 20:47:06 UTC-6.000] DUPLICATE ALIASES: coop_av_de_spot and coop_av_de_spot
[2026-08-22 20:47:06 UTC-6.000] DUPLICATE ALIASES: coop_av_de_spot and coop_av_de_spot
[2026-08-22 20:47:06 UTC-6.000] DUPLICATE ALIASES: coop_av_de_spot and coop_av_de_spot
[2026-08-22 20:47:06 UTC-6.000] DUPLICATE ALIASES: coop_av_de_backup and coop_av_de_backup
[2026-08-22 20:47:06 UTC-6.000] DUPLICATE ALIASES: coop_av_de_backup and coop_av_de_backup
[2026-08-22 20:47:06 UTC-6.000] DUPLICATE ALIASES: coop_av_de_backup and coop_av_de_backup
[2026-08-22 20:47:06 UTC-6.000] DUPLICATE ALIASES: coop_av_de_backup and coop_av_de_backup
[2026-08-22 20:47:06 UTC-6.000] DUPLICATE ALIASES: coop_av_de_backup and coop_av_de_backup
[2026-08-22 20:47:06 UTC-6.000] DUPLICATE ALIASES: coop_av_de_cover and coop_av_de_cover
[2026-08-22 20:47:06 UTC-6.000] DUPLICATE ALIASES: coop_av_de_cover and coop_av_de_cover
[2026-08-22 20:47:06 UTC-6.000] DUPLICATE ALIASES: coop_av_de_cover and coop_av_de_cover
[2026-08-22 20:47:06 UTC-6.000] DUPLICATE ALIASES: coop_av_de_cover and coop_av_de_cover
[2026-08-22 20:47:06 UTC-6.000] DUPLICATE ALIASES: coop_av_de_cover and coop_av_de_cover
[2026-08-22 20:47:06 UTC-6.000] DUPLICATE ALIASES: coop_av_de_cover and coop_av_de_cover
[2026-08-22 20:47:06 UTC-6.000] DUPLICATE ALIASES: coop_av_de_cover and coop_av_de_cover
[2026-08-22 20:47:06 UTC-6.000] DUPLICATE ALIASES: coop_av_de_cover and coop_av_de_cover
[2026-08-22 20:47:06 UTC-6.000] DUPLICATE ALIASES: coop_av_de_cover and coop_av_de_cover
[2026-08-22 20:47:06 UTC-6.000] DUPLICATE ALIASES: coop_av_de_grenade and coop_av_de_grenade
[2026-08-22 20:47:06 UTC-6.000] DUPLICATE ALIASES: coop_av_de_grenade and coop_av_de_grenade
[2026-08-22 20:47:06 UTC-6.000] DUPLICATE ALIASES: coop_av_de_grenade and coop_av_de_grenade
[2026-08-22 20:47:06 UTC-6.000] DUPLICATE ALIASES: coop_av_de_grenade and coop_av_de_grenade
[2026-08-22 20:47:06 UTC-6.000] DUPLICATE ALIASES: coop_av_de_grenade and coop_av_de_grenade
[2026-08-22 20:47:06 UTC-6.000] DUPLICATE ALIASES: coop_av_de_grenade and coop_av_de_grenade
[2026-08-22 20:47:06 UTC-6.000] DUPLICATE ALIASES: coop_av_de_fallback and coop_av_de_fallback
[2026-08-22 20:47:06 UTC-6.000] DUPLICATE ALIASES: coop_av_de_fallback and coop_av_de_fallback
[2026-08-22 20:47:06 UTC-6.000] DUPLICATE ALIASES: coop_av_de_fallback and coop_av_de_fallback
[2026-08-22 20:47:06 UTC-6.000] DUPLICATE ALIASES: coop_av_de_fallback and coop_av_de_fallback
[2026-08-22 20:47:06 UTC-6.000] DUPLICATE ALIASES: coop_av_de_fallback and coop_av_de_fallback
[2026-08-22 20:47:06 UTC-6.000] DUPLICATE ALIASES: coop_av_de_mandown and coop_av_de_mandown
[2026-08-22 20:47:06 UTC-6.000] DUPLICATE ALIASES: coop_av_de_mandown and coop_av_de_mandown
[2026-08-22 20:47:06 UTC-6.000] DUPLICATE ALIASES: coop_av_de_taunt and coop_av_de_taunt
[2026-08-22 20:47:06 UTC-6.000] DUPLICATE ALIASES: coop_av_de_taunt and coop_av_de_taunt
[2026-08-22 20:47:06 UTC-6.000] DUPLICATE ALIASES: coop_av_de_taunt and coop_av_de_taunt
[2026-08-22 20:47:06 UTC-6.000] DUPLICATE ALIASES: coop_av_de_taunt and coop_av_de_taunt
[2026-08-22 20:47:06 UTC-6.000] DUPLICATE ALIASES: coop_av_de_taunt and coop_av_de_taunt
[2026-08-22 20:47:06 UTC-6.000] DUPLICATE ALIASES: coop_av_de_taunt and coop_av_de_taunt
[2026-08-22 20:47:06 UTC-6.000] DUPLICATE ALIASES: coop_av_de_taunt and coop_av_de_taunt
[2026-08-22 20:47:06 UTC-6.000] DUPLICATE ALIASES: coop_av_de_kill and coop_av_de_kill
[2026-08-22 20:47:06 UTC-6.000] DUPLICATE ALIASES: coop_av_de_kill and coop_av_de_kill
[2026-08-22 20:47:06 UTC-6.000] DUPLICATE ALIASES: coop_av_de_kill and coop_av_de_kill
[2026-08-22 20:47:06 UTC-6.000] DUPLICATE ALIASES: coop_av_de_kill and coop_av_de_kill
[2026-08-22 20:47:06 UTC-6.000] DUPLICATE ALIASES: coop_av_de_kill and coop_av_de_kill
[2026-08-22 20:47:06 UTC-6.000] DUPLICATE ALIASES: coop_av_de_kill and coop_av_de_kill
[2026-08-22 20:47:06 UTC-6.000] DUPLICATE ALIASES: coop_av_de_kill and coop_av_de_kill
[2026-08-22 20:47:06 UTC-6.000] DUPLICATE ALIASES: coop_av_de_attack and coop_av_de_attack
[2026-08-22 20:47:06 UTC-6.000] DUPLICATE ALIASES: coop_av_de_attack and coop_av_de_attack
[2026-08-22 20:47:06 UTC-6.000] DUPLICATE ALIASES: coop_av_de_attack and coop_av_de_attack
[2026-08-22 20:47:06 UTC-6.000] DUPLICATE ALIASES: coop_av_de_attack and coop_av_de_attack
[2026-08-22 20:47:06 UTC-6.000] DUPLICATE ALIASES: coop_av_de_attack and coop_av_de_attack
[2026-08-22 20:47:06 UTC-6.000] DUPLICATE ALIASES: coop_av_de_reload and coop_av_de_reload
[2026-08-22 20:47:06 UTC-6.000] DUPLICATE ALIASES: coop_av_de_reload and coop_av_de_reload
[2026-08-22 20:47:06 UTC-6.000] DUPLICATE ALIASES: coop_av_de_reload and coop_av_de_reload
[2026-08-22 20:47:06 UTC-6.000] DUPLICATE ALIASES: coop_av_de_reload and coop_av_de_reload
[2026-08-22 20:47:06 UTC-6.000] DUPLICATE ALIASES: coop_av_de_reload and coop_av_de_reload
[2026-08-22 20:47:06 UTC-6.000] DUPLICATE ALIASES: coop_av_us_contact and coop_av_us_contact
[2026-08-22 20:47:06 UTC-6.000] DUPLICATE ALIASES: coop_av_us_contact and coop_av_us_contact
[2026-08-22 20:47:06 UTC-6.000] DUPLICATE ALIASES: coop_av_us_contact and coop_av_us_contact
[2026-08-22 20:47:06 UTC-6.000] DUPLICATE ALIASES: coop_av_us_contact and coop_av_us_contact
[2026-08-22 20:47:06 UTC-6.000] DUPLICATE ALIASES: coop_av_us_contact and coop_av_us_contact
[2026-08-22 20:47:06 UTC-6.000] DUPLICATE ALIASES: coop_av_us_contact and coop_av_us_contact
[2026-08-22 20:47:06 UTC-6.000] DUPLICATE ALIASES: coop_av_us_contact and coop_av_us_contact
[2026-08-22 20:47:06 UTC-6.000] DUPLICATE ALIASES: coop_av_us_spot and coop_av_us_spot
[2026-08-22 20:47:06 UTC-6.000] DUPLICATE ALIASES: coop_av_us_spot and coop_av_us_spot
[2026-08-22 20:47:06 UTC-6.000] DUPLICATE ALIASES: coop_av_us_spot and coop_av_us_spot
[2026-08-22 20:47:06 UTC-6.000] DUPLICATE ALIASES: coop_av_us_cover and coop_av_us_cover
[2026-08-22 20:47:06 UTC-6.000] DUPLICATE ALIASES: coop_av_us_cover and coop_av_us_cover
[2026-08-22 20:47:06 UTC-6.000] DUPLICATE ALIASES: coop_av_us_cover and coop_av_us_cover
[2026-08-22 20:47:06 UTC-6.000] DUPLICATE ALIASES: coop_av_us_cover and coop_av_us_cover
[2026-08-22 20:47:06 UTC-6.000] DUPLICATE ALIASES: coop_av_us_cover and coop_av_us_cover
[2026-08-22 20:47:06 UTC-6.000] DUPLICATE ALIASES: coop_av_us_cover and coop_av_us_cover
[2026-08-22 20:47:06 UTC-6.000] DUPLICATE ALIASES: coop_av_us_cover and coop_av_us_cover
[2026-08-22 20:47:06 UTC-6.000] DUPLICATE ALIASES: coop_av_us_grenade and coop_av_us_grenade
[2026-08-22 20:47:06 UTC-6.000] DUPLICATE ALIASES: coop_av_us_grenade and coop_av_us_grenade
[2026-08-22 20:47:06 UTC-6.000] DUPLICATE ALIASES: coop_av_us_grenade and coop_av_us_grenade
[2026-08-22 20:47:06 UTC-6.000] DUPLICATE ALIASES: coop_av_us_grenade and coop_av_us_grenade
[2026-08-22 20:47:06 UTC-6.000] DUPLICATE ALIASES: coop_av_us_grenade and coop_av_us_grenade
[2026-08-22 20:47:06 UTC-6.000] DUPLICATE ALIASES: coop_av_us_mandown and coop_av_us_mandown
[2026-08-22 20:47:06 UTC-6.000] DUPLICATE ALIASES: coop_av_us_mandown and coop_av_us_mandown
[2026-08-22 20:47:06 UTC-6.000] DUPLICATE ALIASES: coop_av_us_mandown and coop_av_us_mandown
[2026-08-22 20:47:06 UTC-6.000] DUPLICATE ALIASES: coop_av_us_mandown and coop_av_us_mandown
[2026-08-22 20:47:06 UTC-6.000] DUPLICATE ALIASES: coop_av_us_fallback and coop_av_us_fallback
[2026-08-22 20:47:06 UTC-6.000] DUPLICATE ALIASES: coop_av_us_fallback and coop_av_us_fallback
[2026-08-22 20:47:06 UTC-6.000] DUPLICATE ALIASES: coop_av_us_fallback and coop_av_us_fallback
[2026-08-22 20:47:06 UTC-6.000] DUPLICATE ALIASES: coop_av_us_kill and coop_av_us_kill
[2026-08-22 20:47:06 UTC-6.000] DUPLICATE ALIASES: coop_av_us_kill and coop_av_us_kill
[2026-08-22 20:47:06 UTC-6.000] DUPLICATE ALIASES: coop_av_us_kill and coop_av_us_kill
[2026-08-22 20:47:06 UTC-6.000] DUPLICATE ALIASES: coop_av_us_kill and coop_av_us_kill
[2026-08-22 20:47:06 UTC-6.000] DUPLICATE ALIASES: coop_av_us_kill and coop_av_us_kill
[2026-08-22 20:47:06 UTC-6.000] DUPLICATE ALIASES: coop_av_us_attack and coop_av_us_attack
[2026-08-22 20:47:06 UTC-6.000] DUPLICATE ALIASES: coop_av_us_attack and coop_av_us_attack
[2026-08-22 20:47:06 UTC-6.000] DUPLICATE ALIASES: coop_av_us_attack and coop_av_us_attack
[2026-08-22 20:47:06 UTC-6.000] DUPLICATE ALIASES: coop_av_us_attack and coop_av_us_attack
[2026-08-22 20:47:06 UTC-6.000] DUPLICATE ALIASES: coop_av_us_attack and coop_av_us_attack
[2026-08-22 20:47:06 UTC-6.000] DUPLICATE ALIASES: coop_av_us_taunt and coop_av_us_taunt
[2026-08-22 20:47:06 UTC-6.000] DUPLICATE ALIASES: coop_av_us_taunt and coop_av_us_taunt
[2026-08-22 20:47:06 UTC-6.000] DUPLICATE ALIASES: coop_av_us_taunt and coop_av_us_taunt
[2026-08-22 20:47:06 UTC-6.000] DUPLICATE ALIASES: coop_av_us_taunt and coop_av_us_taunt
[2026-08-22 20:47:06 UTC-6.000] DUPLICATE ALIASES: coop_av_us_taunt and coop_av_us_taunt
[2026-08-22 20:47:06 UTC-6.000] DUPLICATE ALIASES: coop_av_us_backup and coop_av_us_backup
[2026-08-22 20:47:06 UTC-6.000] DUPLICATE ALIASES: coop_av_us_backup and coop_av_us_backup
[2026-08-22 20:47:06 UTC-6.000] DUPLICATE ALIASES: coop_av_us_backup and coop_av_us_backup
[2026-08-22 20:47:06 UTC-6.000] DUPLICATE ALIASES: coop_av_us_backup and coop_av_us_backup
[2026-08-22 20:47:06 UTC-6.000] DUPLICATE ALIASES: coop_av_us_backup and coop_av_us_backup
[2026-08-22 20:47:06 UTC-6.000] DUPLICATE ALIASES: coop_av_us_reload and coop_av_us_reload
[2026-08-22 20:47:06 UTC-6.000] DUPLICATE ALIASES: coop_av_us_reload and coop_av_us_reload
[2026-08-22 20:47:06 UTC-6.000] DUPLICATE ALIASES: coop_av_us_reload and coop_av_us_reload
[2026-08-22 20:47:06 UTC-6.000] DUPLICATE ALIASES: coop_av_us_reload and coop_av_us_reload
[2026-08-22 20:47:06 UTC-6.000] DUPLICATE ALIASES: coop_av_us_reload and coop_av_us_reload
[2026-08-22 20:47:06 UTC-6.000] DUPLICATE ALIASES: coop_av_uk_contact and coop_av_uk_contact
[2026-08-22 20:47:06 UTC-6.000] DUPLICATE ALIASES: coop_av_uk_contact and coop_av_uk_contact
[2026-08-22 20:47:06 UTC-6.000] DUPLICATE ALIASES: coop_av_uk_contact and coop_av_uk_contact
[2026-08-22 20:47:06 UTC-6.000] DUPLICATE ALIASES: coop_av_uk_contact and coop_av_uk_contact
[2026-08-22 20:47:06 UTC-6.000] DUPLICATE ALIASES: coop_av_uk_contact and coop_av_uk_contact
[2026-08-22 20:47:06 UTC-6.000] DUPLICATE ALIASES: coop_av_uk_cover and coop_av_uk_cover
[2026-08-22 20:47:06 UTC-6.000] DUPLICATE ALIASES: coop_av_uk_cover and coop_av_uk_cover
[2026-08-22 20:47:06 UTC-6.000] DUPLICATE ALIASES: coop_av_uk_cover and coop_av_uk_cover
[2026-08-22 20:47:06 UTC-6.000] DUPLICATE ALIASES: coop_av_uk_cover and coop_av_uk_cover
[2026-08-22 20:47:06 UTC-6.000] DUPLICATE ALIASES: coop_av_uk_cover and coop_av_uk_cover
[2026-08-22 20:47:06 UTC-6.000] DUPLICATE ALIASES: coop_av_uk_backup and coop_av_uk_backup
[2026-08-22 20:47:06 UTC-6.000] DUPLICATE ALIASES: coop_av_uk_backup and coop_av_uk_backup
[2026-08-22 20:47:06 UTC-6.000] DUPLICATE ALIASES: coop_av_uk_backup and coop_av_uk_backup
[2026-08-22 20:47:06 UTC-6.000] DUPLICATE ALIASES: coop_av_uk_backup and coop_av_uk_backup
[2026-08-22 20:47:06 UTC-6.000] DUPLICATE ALIASES: coop_av_uk_reload and coop_av_uk_reload
[2026-08-22 20:47:06 UTC-6.000] DUPLICATE ALIASES: coop_av_uk_reload and coop_av_uk_reload
[2026-08-22 20:47:06 UTC-6.000] DUPLICATE ALIASES: coop_av_uk_reload and coop_av_uk_reload
[2026-08-22 20:47:06 UTC-6.000] DUPLICATE ALIASES: coop_av_uk_reload and coop_av_uk_reload
[2026-08-22 20:47:06 UTC-6.000] DUPLICATE ALIASES: coop_av_uk_reload and coop_av_uk_reload
[2026-08-22 20:47:06 UTC-6.000] DUPLICATE ALIASES: coop_av_it_contact and coop_av_it_contact
[2026-08-22 20:47:06 UTC-6.000] DUPLICATE ALIASES: coop_av_it_contact and coop_av_it_contact
[2026-08-22 20:47:06 UTC-6.000] DUPLICATE ALIASES: coop_av_it_contact and coop_av_it_contact
[2026-08-22 20:47:06 UTC-6.000] DUPLICATE ALIASES: coop_av_it_cover and coop_av_it_cover
[2026-08-22 20:47:06 UTC-6.000] DUPLICATE ALIASES: coop_av_it_cover and coop_av_it_cover
[2026-08-22 20:47:06 UTC-6.000] DUPLICATE ALIASES: coop_av_it_grenade and coop_av_it_grenade
[2026-08-22 20:47:06 UTC-6.000] DUPLICATE ALIASES: coop_av_it_grenade and coop_av_it_grenade
[2026-08-22 20:47:06 UTC-6.000] DUPLICATE ALIASES: coop_av_it_grenade and coop_av_it_grenade
[2026-08-22 20:47:06 UTC-6.000] DUPLICATE ALIASES: coop_av_it_taunt and coop_av_it_taunt
[2026-08-22 20:47:06 UTC-6.000] DUPLICATE ALIASES: coop_av_it_taunt and coop_av_it_taunt
[2026-08-22 20:47:06 UTC-6.000] DUPLICATE ALIASES: coop_av_it_curious and coop_av_it_curious
[2026-08-22 20:47:06 UTC-6.000] DUPLICATE ALIASES: coop_av_it_curious and coop_av_it_curious
[2026-08-22 20:47:06 UTC-6.000] DUPLICATE ALIASES: coop_av_ru_contact and coop_av_ru_contact
[2026-08-22 20:47:06 UTC-6.000] DUPLICATE ALIASES: coop_av_ru_spot and coop_av_ru_spot
[2026-08-22 20:47:06 UTC-6.000] DUPLICATE ALIASES: coop_av_ru_attack and coop_av_ru_attack
[2026-08-22 20:47:06 UTC-6.000] DUPLICATE ALIASES: coop_av_ru_attack and coop_av_ru_attack
[2026-08-22 20:47:06 UTC-6.000] DUPLICATE ALIASES: coop_av_ru_cover and coop_av_ru_cover
[2026-08-22 20:47:06 UTC-6.000] DUPLICATE ALIASES: coop_av_ru_cover and coop_av_ru_cover
[2026-08-22 20:47:06 UTC-6.000] DUPLICATE ALIASES: coop_av_ru_fallback and coop_av_ru_fallback
[2026-08-22 20:47:06 UTC-6.000] DUPLICATE ALIASES: coop_av_ru_backup and coop_av_ru_backup
[2026-08-22 20:47:06 UTC-6.000] DUPLICATE ALIASES: coop_av_ru_kill and coop_av_ru_kill
[2026-08-22 20:47:06 UTC-6.000] DUPLICATE ALIASES: coop_av_ru_kill and coop_av_ru_kill
[2026-08-22 20:47:06 UTC-6.000] DUPLICATE ALIASES: coop_av_ru_taunt and coop_av_ru_taunt
[2026-08-22 20:47:06 UTC-6.000] DUPLICATE ALIASES: coop_av_ru_taunt and coop_av_ru_taunt
[2026-08-22 20:47:06 UTC-6.000] DUPLICATE ALIASES: coop_av_ru_taunt and coop_av_ru_taunt
[2026-08-22 20:47:06 UTC-6.000] Parse/Load time: 0.050000 seconds.
[2026-08-22 20:47:06 UTC-6.000] -------------PARSING 'ubersound/coop_aivoice.scr' DONE (SERVER)---------------

[2026-08-22 20:47:06 UTC-6.000] 

-----------PARSING 'ubersound/coop_audio.scr' (SERVER)------------
[2026-08-22 20:47:06 UTC-6.000] Any SetCurrentTiki errors means that tiki wasn't prefetched and tiki-specific sounds for it won't work. To fix prefetch the tiki. Ignore if you don't use that tiki on this level.
[2026-08-22 20:47:06 UTC-6.000] G_Command_ProcessFile: ubersound/coop_audio.scr
[2026-08-22 20:47:06 UTC-6.000] Parse/Load time: 0.001000 seconds.
[2026-08-22 20:47:06 UTC-6.000] -------------PARSING 'ubersound/coop_audio.scr' DONE (SERVER)---------------

[2026-08-22 20:47:06 UTC-6.000] 

-----------PARSING 'ubersound/coop_buildsounds.scr' (SERVER)------------
[2026-08-22 20:47:06 UTC-6.000] Any SetCurrentTiki errors means that tiki wasn't prefetched and tiki-specific sounds for it won't work. To fix prefetch the tiki. Ignore if you don't use that tiki on this level.
[2026-08-22 20:47:06 UTC-6.000] G_Command_ProcessFile: ubersound/coop_buildsounds.scr
[2026-08-22 20:47:06 UTC-6.000] Parse/Load time: 0.001000 seconds.
[2026-08-22 20:47:06 UTC-6.000] -------------PARSING 'ubersound/coop_buildsounds.scr' DONE (SERVER)---------------

[2026-08-22 20:47:06 UTC-6.000] 

-----------PARSING 'ubersound/coop_chatter.scr' (SERVER)------------
[2026-08-22 20:47:06 UTC-6.000] Any SetCurrentTiki errors means that tiki wasn't prefetched and tiki-specific sounds for it won't work. To fix prefetch the tiki. Ignore if you don't use that tiki on this level.
[2026-08-22 20:47:06 UTC-6.000] G_Command_ProcessFile: ubersound/coop_chatter.scr
[2026-08-22 20:47:06 UTC-6.000] DUPLICATE ALIASES: coop_av_de_attack and coop_av_de_attack
[2026-08-22 20:47:06 UTC-6.000] DUPLICATE ALIASES: coop_av_de_attack and coop_av_de_attack
[2026-08-22 20:47:06 UTC-6.000] DUPLICATE ALIASES: coop_av_de_attack and coop_av_de_attack
[2026-08-22 20:47:06 UTC-6.000] DUPLICATE ALIASES: coop_av_de_attack and coop_av_de_attack
[2026-08-22 20:47:06 UTC-6.000] DUPLICATE ALIASES: coop_av_de_attack and coop_av_de_attack
[2026-08-22 20:47:06 UTC-6.000] DUPLICATE ALIASES: coop_av_de_attack and coop_av_de_attack
[2026-08-22 20:47:06 UTC-6.000] DUPLICATE ALIASES: coop_av_de_attack and coop_av_de_attack
[2026-08-22 20:47:06 UTC-6.000] DUPLICATE ALIASES: coop_av_de_attack and coop_av_de_attack
[2026-08-22 20:47:06 UTC-6.000] DUPLICATE ALIASES: coop_av_de_attack and coop_av_de_attack
[2026-08-22 20:47:06 UTC-6.000] DUPLICATE ALIASES: coop_av_de_attack and coop_av_de_attack
[2026-08-22 20:47:06 UTC-6.000] DUPLICATE ALIASES: coop_av_de_attack and coop_av_de_attack
[2026-08-22 20:47:06 UTC-6.000] DUPLICATE ALIASES: coop_av_de_attack and coop_av_de_attack
[2026-08-22 20:47:06 UTC-6.000] DUPLICATE ALIASES: coop_av_de_attack and coop_av_de_attack
[2026-08-22 20:47:06 UTC-6.000] DUPLICATE ALIASES: coop_av_de_attack and coop_av_de_attack
[2026-08-22 20:47:06 UTC-6.000] DUPLICATE ALIASES: coop_av_de_attack and coop_av_de_attack
[2026-08-22 20:47:06 UTC-6.000] DUPLICATE ALIASES: coop_av_de_attack and coop_av_de_attack
[2026-08-22 20:47:06 UTC-6.000] DUPLICATE ALIASES: coop_av_de_attack and coop_av_de_attack
[2026-08-22 20:47:06 UTC-6.000] DUPLICATE ALIASES: coop_av_de_attack and coop_av_de_attack
[2026-08-22 20:47:06 UTC-6.000] DUPLICATE ALIASES: coop_av_de_attack and coop_av_de_attack
[2026-08-22 20:47:06 UTC-6.000] DUPLICATE ALIASES: coop_av_de_attack and coop_av_de_attack
[2026-08-22 20:47:06 UTC-6.000] DUPLICATE ALIASES: coop_av_de_attack and coop_av_de_attack
[2026-08-22 20:47:06 UTC-6.000] DUPLICATE ALIASES: coop_av_de_attack and coop_av_de_attack
[2026-08-22 20:47:06 UTC-6.000] DUPLICATE ALIASES: coop_av_de_attack and coop_av_de_attack
[2026-08-22 20:47:06 UTC-6.000] DUPLICATE ALIASES: coop_av_de_attack and coop_av_de_attack
[2026-08-22 20:47:06 UTC-6.000] DUPLICATE ALIASES: coop_av_de_attack and coop_av_de_attack
[2026-08-22 20:47:06 UTC-6.000] DUPLICATE ALIASES: coop_av_de_attack and coop_av_de_attack
[2026-08-22 20:47:06 UTC-6.000] DUPLICATE ALIASES: coop_av_de_attack and coop_av_de_attack
[2026-08-22 20:47:06 UTC-6.000] DUPLICATE ALIASES: coop_av_de_attack and coop_av_de_attack
[2026-08-22 20:47:06 UTC-6.000] DUPLICATE ALIASES: coop_av_de_attack and coop_av_de_attack
[2026-08-22 20:47:06 UTC-6.000] DUPLICATE ALIASES: coop_av_de_attack and coop_av_de_attack
[2026-08-22 20:47:06 UTC-6.000] DUPLICATE ALIASES: coop_av_de_attack and coop_av_de_attack
[2026-08-22 20:47:06 UTC-6.000] DUPLICATE ALIASES: coop_av_de_attack and coop_av_de_attack
[2026-08-22 20:47:06 UTC-6.000] DUPLICATE ALIASES: coop_av_de_attack and coop_av_de_attack
[2026-08-22 20:47:06 UTC-6.000] DUPLICATE ALIASES: coop_av_de_attack and coop_av_de_attack
[2026-08-22 20:47:06 UTC-6.000] DUPLICATE ALIASES: coop_av_de_backup and coop_av_de_backup
[2026-08-22 20:47:06 UTC-6.000] DUPLICATE ALIASES: coop_av_de_backup and coop_av_de_backup
[2026-08-22 20:47:06 UTC-6.000] DUPLICATE ALIASES: coop_av_de_banter and coop_av_de_banter
[2026-08-22 20:47:06 UTC-6.000] DUPLICATE ALIASES: coop_av_de_banter and coop_av_de_banter
[2026-08-22 20:47:06 UTC-6.000] DUPLICATE ALIASES: coop_av_de_banter and coop_av_de_banter
[2026-08-22 20:47:06 UTC-6.000] DUPLICATE ALIASES: coop_av_de_banter and coop_av_de_banter
[2026-08-22 20:47:06 UTC-6.000] DUPLICATE ALIASES: coop_av_de_banter and coop_av_de_banter
[2026-08-22 20:47:06 UTC-6.000] DUPLICATE ALIASES: coop_av_de_banter and coop_av_de_banter
[2026-08-22 20:47:06 UTC-6.000] DUPLICATE ALIASES: coop_av_de_banter and coop_av_de_banter
[2026-08-22 20:47:06 UTC-6.000] DUPLICATE ALIASES: coop_av_de_banter and coop_av_de_banter
[2026-08-22 20:47:06 UTC-6.000] DUPLICATE ALIASES: coop_av_de_banter and coop_av_de_banter
[2026-08-22 20:47:06 UTC-6.000] DUPLICATE ALIASES: coop_av_de_banter and coop_av_de_banter
[2026-08-22 20:47:06 UTC-6.000] DUPLICATE ALIASES: coop_av_de_banter and coop_av_de_banter
[2026-08-22 20:47:06 UTC-6.000] DUPLICATE ALIASES: coop_av_de_banter and coop_av_de_banter
[2026-08-22 20:47:06 UTC-6.000] DUPLICATE ALIASES: coop_av_de_banter and coop_av_de_banter
[2026-08-22 20:47:06 UTC-6.000] DUPLICATE ALIASES: coop_av_de_banter and coop_av_de_banter
[2026-08-22 20:47:06 UTC-6.000] DUPLICATE ALIASES: coop_av_de_banter and coop_av_de_banter
[2026-08-22 20:47:06 UTC-6.000] DUPLICATE ALIASES: coop_av_de_banter and coop_av_de_banter
[2026-08-22 20:47:06 UTC-6.000] DUPLICATE ALIASES: coop_av_de_banter and coop_av_de_banter
[2026-08-22 20:47:06 UTC-6.000] DUPLICATE ALIASES: coop_av_de_banter and coop_av_de_banter
[2026-08-22 20:47:06 UTC-6.000] DUPLICATE ALIASES: coop_av_de_banter and coop_av_de_banter
[2026-08-22 20:47:06 UTC-6.000] DUPLICATE ALIASES: coop_av_de_banter and coop_av_de_banter
[2026-08-22 20:47:06 UTC-6.000] DUPLICATE ALIASES: coop_av_de_banter and coop_av_de_banter
[2026-08-22 20:47:06 UTC-6.000] DUPLICATE ALIASES: coop_av_de_banter and coop_av_de_banter
[2026-08-22 20:47:06 UTC-6.000] DUPLICATE ALIASES: coop_av_de_banter and coop_av_de_banter
[2026-08-22 20:47:06 UTC-6.000] DUPLICATE ALIASES: coop_av_de_banter and coop_av_de_banter
[2026-08-22 20:47:06 UTC-6.000] DUPLICATE ALIASES: coop_av_de_banter and coop_av_de_banter
[2026-08-22 20:47:06 UTC-6.000] DUPLICATE ALIASES: coop_av_de_fear and coop_av_de_fear
[2026-08-22 20:47:06 UTC-6.000] DUPLICATE ALIASES: coop_av_de_fear and coop_av_de_fear
[2026-08-22 20:47:06 UTC-6.000] DUPLICATE ALIASES: coop_av_de_fear and coop_av_de_fear
[2026-08-22 20:47:06 UTC-6.000] DUPLICATE ALIASES: coop_av_de_fear and coop_av_de_fear
[2026-08-22 20:47:06 UTC-6.000] DUPLICATE ALIASES: coop_av_de_fear and coop_av_de_fear
[2026-08-22 20:47:06 UTC-6.000] DUPLICATE ALIASES: coop_av_de_fear and coop_av_de_fear
[2026-08-22 20:47:06 UTC-6.000] DUPLICATE ALIASES: coop_av_de_fear and coop_av_de_fear
[2026-08-22 20:47:06 UTC-6.000] DUPLICATE ALIASES: coop_av_de_fear and coop_av_de_fear
[2026-08-22 20:47:06 UTC-6.000] DUPLICATE ALIASES: coop_av_de_fear and coop_av_de_fear
[2026-08-22 20:47:06 UTC-6.000] DUPLICATE ALIASES: coop_av_de_fear and coop_av_de_fear
[2026-08-22 20:47:06 UTC-6.000] DUPLICATE ALIASES: coop_av_de_fear and coop_av_de_fear
[2026-08-22 20:47:06 UTC-6.000] DUPLICATE ALIASES: coop_av_de_fear and coop_av_de_fear
[2026-08-22 20:47:06 UTC-6.000] DUPLICATE ALIASES: coop_av_de_fear and coop_av_de_fear
[2026-08-22 20:47:06 UTC-6.000] DUPLICATE ALIASES: coop_av_de_fear and coop_av_de_fear
[2026-08-22 20:47:06 UTC-6.000] DUPLICATE ALIASES: coop_av_de_fear and coop_av_de_fear
[2026-08-22 20:47:06 UTC-6.000] DUPLICATE ALIASES: coop_av_de_fear and coop_av_de_fear
[2026-08-22 20:47:06 UTC-6.000] DUPLICATE ALIASES: coop_av_de_fear and coop_av_de_fear
[2026-08-22 20:47:06 UTC-6.000] DUPLICATE ALIASES: coop_av_de_fear and coop_av_de_fear
[2026-08-22 20:47:06 UTC-6.000] DUPLICATE ALIASES: coop_av_de_fear and coop_av_de_fear
[2026-08-22 20:47:06 UTC-6.000] DUPLICATE ALIASES: coop_av_de_fear and coop_av_de_fear
[2026-08-22 20:47:06 UTC-6.000] DUPLICATE ALIASES: coop_av_de_fear and coop_av_de_fear
[2026-08-22 20:47:06 UTC-6.000] DUPLICATE ALIASES: coop_av_de_fear and coop_av_de_fear
[2026-08-22 20:47:06 UTC-6.000] DUPLICATE ALIASES: coop_av_de_fear and coop_av_de_fear
[2026-08-22 20:47:06 UTC-6.000] DUPLICATE ALIASES: coop_av_de_fear and coop_av_de_fear
[2026-08-22 20:47:06 UTC-6.000] DUPLICATE ALIASES: coop_av_de_fear and coop_av_de_fear
[2026-08-22 20:47:06 UTC-6.000] DUPLICATE ALIASES: coop_av_de_fear and coop_av_de_fear
[2026-08-22 20:47:06 UTC-6.000] DUPLICATE ALIASES: coop_av_de_fear and coop_av_de_fear
[2026-08-22 20:47:06 UTC-6.000] DUPLICATE ALIASES: coop_av_de_fear and coop_av_de_fear
[2026-08-22 20:47:06 UTC-6.000] DUPLICATE ALIASES: coop_av_de_fear and coop_av_de_fear
[2026-08-22 20:47:06 UTC-6.000] DUPLICATE ALIASES: coop_av_de_fear and coop_av_de_fear
[2026-08-22 20:47:06 UTC-6.000] DUPLICATE ALIASES: coop_av_de_fear and coop_av_de_fear
[2026-08-22 20:47:06 UTC-6.000] DUPLICATE ALIASES: coop_av_de_fear and coop_av_de_fear
[2026-08-22 20:47:06 UTC-6.000] DUPLICATE ALIASES: coop_av_de_fear and coop_av_de_fear
[2026-08-22 20:47:06 UTC-6.000] DUPLICATE ALIASES: coop_av_de_fear and coop_av_de_fear
[2026-08-22 20:47:06 UTC-6.000] DUPLICATE ALIASES: coop_av_de_fear and coop_av_de_fear
[2026-08-22 20:47:06 UTC-6.000] DUPLICATE ALIASES: coop_av_de_fear and coop_av_de_fear
[2026-08-22 20:47:06 UTC-6.000] DUPLICATE ALIASES: coop_av_de_fear and coop_av_de_fear
[2026-08-22 20:47:06 UTC-6.000] DUPLICATE ALIASES: coop_av_de_fear and coop_av_de_fear
[2026-08-22 20:47:06 UTC-6.000] DUPLICATE ALIASES: coop_av_de_fear and coop_av_de_fear
[2026-08-22 20:47:06 UTC-6.000] DUPLICATE ALIASES: coop_av_de_fear and coop_av_de_fear
[2026-08-22 20:47:06 UTC-6.000] DUPLICATE ALIASES: coop_av_de_fear and coop_av_de_fear
[2026-08-22 20:47:06 UTC-6.000] DUPLICATE ALIASES: coop_av_de_fear and coop_av_de_fear
[2026-08-22 20:47:06 UTC-6.000] DUPLICATE ALIASES: coop_av_de_fear and coop_av_de_fear
[2026-08-22 20:47:06 UTC-6.000] DUPLICATE ALIASES: coop_av_de_fear and coop_av_de_fear
[2026-08-22 20:47:06 UTC-6.000] DUPLICATE ALIASES: coop_av_de_fear and coop_av_de_fear
[2026-08-22 20:47:06 UTC-6.000] DUPLICATE ALIASES: coop_av_de_fear and coop_av_de_fear
[2026-08-22 20:47:06 UTC-6.000] DUPLICATE ALIASES: coop_av_de_fear and coop_av_de_fear
[2026-08-22 20:47:06 UTC-6.000] DUPLICATE ALIASES: coop_av_de_fear and coop_av_de_fear
[2026-08-22 20:47:06 UTC-6.000] DUPLICATE ALIASES: coop_av_de_fear and coop_av_de_fear
[2026-08-22 20:47:06 UTC-6.000] DUPLICATE ALIASES: coop_av_de_fear and coop_av_de_fear
[2026-08-22 20:47:06 UTC-6.000] DUPLICATE ALIASES: coop_av_de_fear and coop_av_de_fear
[2026-08-22 20:47:06 UTC-6.000] DUPLICATE ALIASES: coop_av_de_fear and coop_av_de_fear
[2026-08-22 20:47:06 UTC-6.000] DUPLICATE ALIASES: coop_av_de_fear and coop_av_de_fear
[2026-08-22 20:47:06 UTC-6.000] DUPLICATE ALIASES: coop_av_de_fear and coop_av_de_fear
[2026-08-22 20:47:06 UTC-6.000] DUPLICATE ALIASES: coop_av_de_fear and coop_av_de_fear
[2026-08-22 20:47:06 UTC-6.000] DUPLICATE ALIASES: coop_av_de_fear and coop_av_de_fear
[2026-08-22 20:47:06 UTC-6.000] DUPLICATE ALIASES: coop_av_de_fear and coop_av_de_fear
[2026-08-22 20:47:06 UTC-6.000] DUPLICATE ALIASES: coop_av_de_fear and coop_av_de_fear
[2026-08-22 20:47:06 UTC-6.000] DUPLICATE ALIASES: coop_av_de_fear and coop_av_de_fear
[2026-08-22 20:47:06 UTC-6.000] DUPLICATE ALIASES: coop_av_de_fear and coop_av_de_fear
[2026-08-22 20:47:06 UTC-6.000] DUPLICATE ALIASES: coop_av_de_fear and coop_av_de_fear
[2026-08-22 20:47:06 UTC-6.000] DUPLICATE ALIASES: coop_av_de_fear and coop_av_de_fear
[2026-08-22 20:47:06 UTC-6.000] DUPLICATE ALIASES: coop_av_de_fear and coop_av_de_fear
[2026-08-22 20:47:06 UTC-6.000] DUPLICATE ALIASES: coop_av_de_fear and coop_av_de_fear
[2026-08-22 20:47:06 UTC-6.000] DUPLICATE ALIASES: coop_av_de_fear and coop_av_de_fear
[2026-08-22 20:47:06 UTC-6.000] DUPLICATE ALIASES: coop_av_de_fear and coop_av_de_fear
[2026-08-22 20:47:06 UTC-6.000] DUPLICATE ALIASES: coop_av_de_fear and coop_av_de_fear
[2026-08-22 20:47:06 UTC-6.000] DUPLICATE ALIASES: coop_av_de_fear and coop_av_de_fear
[2026-08-22 20:47:06 UTC-6.000] DUPLICATE ALIASES: coop_av_de_fear and coop_av_de_fear
[2026-08-22 20:47:06 UTC-6.000] DUPLICATE ALIASES: coop_av_de_fear and coop_av_de_fear
[2026-08-22 20:47:06 UTC-6.000] DUPLICATE ALIASES: coop_av_de_fear and coop_av_de_fear
[2026-08-22 20:47:06 UTC-6.000] DUPLICATE ALIASES: coop_av_de_fear and coop_av_de_fear
[2026-08-22 20:47:06 UTC-6.000] DUPLICATE ALIASES: coop_av_de_fear and coop_av_de_fear
[2026-08-22 20:47:06 UTC-6.000] DUPLICATE ALIASES: coop_av_de_fear and coop_av_de_fear
[2026-08-22 20:47:06 UTC-6.000] DUPLICATE ALIASES: coop_av_de_fear and coop_av_de_fear
[2026-08-22 20:47:06 UTC-6.000] DUPLICATE ALIASES: coop_av_de_fear and coop_av_de_fear
[2026-08-22 20:47:06 UTC-6.000] DUPLICATE ALIASES: coop_av_de_fear and coop_av_de_fear
[2026-08-22 20:47:06 UTC-6.000] DUPLICATE ALIASES: coop_av_de_fear and coop_av_de_fear
[2026-08-22 20:47:06 UTC-6.000] DUPLICATE ALIASES: coop_av_de_fear and coop_av_de_fear
[2026-08-22 20:47:06 UTC-6.000] DUPLICATE ALIASES: coop_av_de_fear and coop_av_de_fear
[2026-08-22 20:47:06 UTC-6.000] DUPLICATE ALIASES: coop_av_de_fear and coop_av_de_fear
[2026-08-22 20:47:06 UTC-6.000] DUPLICATE ALIASES: coop_av_de_fear and coop_av_de_fear
[2026-08-22 20:47:06 UTC-6.000] DUPLICATE ALIASES: coop_av_de_fear and coop_av_de_fear
[2026-08-22 20:47:06 UTC-6.000] DUPLICATE ALIASES: coop_av_de_fear and coop_av_de_fear
[2026-08-22 20:47:06 UTC-6.000] DUPLICATE ALIASES: coop_av_de_fear and coop_av_de_fear
[2026-08-22 20:47:06 UTC-6.000] DUPLICATE ALIASES: coop_av_de_fear and coop_av_de_fear
[2026-08-22 20:47:06 UTC-6.000] DUPLICATE ALIASES: coop_av_de_fear and coop_av_de_fear
[2026-08-22 20:47:06 UTC-6.000] DUPLICATE ALIASES: coop_av_de_fear and coop_av_de_fear
[2026-08-22 20:47:06 UTC-6.000] DUPLICATE ALIASES: coop_av_de_fear and coop_av_de_fear
[2026-08-22 20:47:06 UTC-6.000] DUPLICATE ALIASES: coop_av_de_fear and coop_av_de_fear
[2026-08-22 20:47:06 UTC-6.000] DUPLICATE ALIASES: coop_av_de_fear and coop_av_de_fear
[2026-08-22 20:47:06 UTC-6.000] DUPLICATE ALIASES: coop_av_de_fear and coop_av_de_fear
[2026-08-22 20:47:06 UTC-6.000] DUPLICATE ALIASES: coop_av_de_fear and coop_av_de_fear
[2026-08-22 20:47:06 UTC-6.000] DUPLICATE ALIASES: coop_av_de_fear and coop_av_de_fear
[2026-08-22 20:47:06 UTC-6.000] DUPLICATE ALIASES: coop_av_de_fear and coop_av_de_fear
[2026-08-22 20:47:06 UTC-6.000] DUPLICATE ALIASES: coop_av_de_fear and coop_av_de_fear
[2026-08-22 20:47:06 UTC-6.000] DUPLICATE ALIASES: coop_av_de_fear and coop_av_de_fear
[2026-08-22 20:47:06 UTC-6.000] DUPLICATE ALIASES: coop_av_de_fear and coop_av_de_fear
[2026-08-22 20:47:06 UTC-6.000] DUPLICATE ALIASES: coop_av_de_fear and coop_av_de_fear
[2026-08-22 20:47:06 UTC-6.000] DUPLICATE ALIASES: coop_av_de_fear and coop_av_de_fear
[2026-08-22 20:47:06 UTC-6.000] DUPLICATE ALIASES: coop_av_de_fear and coop_av_de_fear
[2026-08-22 20:47:06 UTC-6.000] DUPLICATE ALIASES: coop_av_de_fear and coop_av_de_fear
[2026-08-22 20:47:06 UTC-6.000] DUPLICATE ALIASES: coop_av_de_fear and coop_av_de_fear
[2026-08-22 20:47:06 UTC-6.000] DUPLICATE ALIASES: coop_av_de_fear and coop_av_de_fear
[2026-08-22 20:47:06 UTC-6.000] DUPLICATE ALIASES: coop_av_de_fear and coop_av_de_fear
[2026-08-22 20:47:06 UTC-6.000] DUPLICATE ALIASES: coop_av_de_fear and coop_av_de_fear
[2026-08-22 20:47:06 UTC-6.000] DUPLICATE ALIASES: coop_av_de_fear and coop_av_de_fear
[2026-08-22 20:47:06 UTC-6.000] DUPLICATE ALIASES: coop_av_de_fear and coop_av_de_fear
[2026-08-22 20:47:06 UTC-6.000] DUPLICATE ALIASES: coop_av_de_fear and coop_av_de_fear
[2026-08-22 20:47:06 UTC-6.000] DUPLICATE ALIASES: coop_av_de_fear and coop_av_de_fear
[2026-08-22 20:47:06 UTC-6.000] DUPLICATE ALIASES: coop_av_de_fear and coop_av_de_fear
[2026-08-22 20:47:06 UTC-6.000] DUPLICATE ALIASES: coop_av_de_fear and coop_av_de_fear
[2026-08-22 20:47:06 UTC-6.000] DUPLICATE ALIASES: coop_av_de_fear and coop_av_de_fear
[2026-08-22 20:47:06 UTC-6.000] DUPLICATE ALIASES: coop_av_de_fear and coop_av_de_fear
[2026-08-22 20:47:06 UTC-6.000] DUPLICATE ALIASES: coop_av_de_fear and coop_av_de_fear
[2026-08-22 20:47:06 UTC-6.000] DUPLICATE ALIASES: coop_av_de_fear and coop_av_de_fear
[2026-08-22 20:47:06 UTC-6.000] DUPLICATE ALIASES: coop_av_de_fear and coop_av_de_fear
[2026-08-22 20:47:06 UTC-6.000] DUPLICATE ALIASES: coop_av_de_fear and coop_av_de_fear
[2026-08-22 20:47:06 UTC-6.000] DUPLICATE ALIASES: coop_av_de_fear and coop_av_de_fear
[2026-08-22 20:47:06 UTC-6.000] DUPLICATE ALIASES: coop_av_de_fear and coop_av_de_fear
[2026-08-22 20:47:06 UTC-6.000] DUPLICATE ALIASES: coop_av_de_fear and coop_av_de_fear
[2026-08-22 20:47:06 UTC-6.000] DUPLICATE ALIASES: coop_av_de_fear and coop_av_de_fear
[2026-08-22 20:47:06 UTC-6.000] DUPLICATE ALIASES: coop_av_de_fear and coop_av_de_fear
[2026-08-22 20:47:06 UTC-6.000] DUPLICATE ALIASES: coop_av_de_fear and coop_av_de_fear
[2026-08-22 20:47:06 UTC-6.000] DUPLICATE ALIASES: coop_av_de_fear and coop_av_de_fear
[2026-08-22 20:47:06 UTC-6.000] DUPLICATE ALIASES: coop_av_de_fear and coop_av_de_fear
[2026-08-22 20:47:06 UTC-6.000] DUPLICATE ALIASES: coop_av_de_fear and coop_av_de_fear
[2026-08-22 20:47:06 UTC-6.000] DUPLICATE ALIASES: coop_av_de_fear and coop_av_de_fear
[2026-08-22 20:47:06 UTC-6.000] DUPLICATE ALIASES: coop_av_de_fear and coop_av_de_fear
[2026-08-22 20:47:06 UTC-6.000] DUPLICATE ALIASES: coop_av_de_fear and coop_av_de_fear
[2026-08-22 20:47:06 UTC-6.000] DUPLICATE ALIASES: coop_av_de_fear and coop_av_de_fear
[2026-08-22 20:47:06 UTC-6.000] DUPLICATE ALIASES: coop_av_de_fear and coop_av_de_fear
[2026-08-22 20:47:06 UTC-6.000] DUPLICATE ALIASES: coop_av_de_fear and coop_av_de_fear
[2026-08-22 20:47:06 UTC-6.000] DUPLICATE ALIASES: coop_av_de_fear and coop_av_de_fear
[2026-08-22 20:47:06 UTC-6.000] DUPLICATE ALIASES: coop_av_de_fear and coop_av_de_fear
[2026-08-22 20:47:06 UTC-6.000] DUPLICATE ALIASES: coop_av_de_fear and coop_av_de_fear
[2026-08-22 20:47:06 UTC-6.000] DUPLICATE ALIASES: coop_av_de_fear and coop_av_de_fear
[2026-08-22 20:47:06 UTC-6.000] DUPLICATE ALIASES: coop_av_de_fear and coop_av_de_fear
[2026-08-22 20:47:06 UTC-6.000] DUPLICATE ALIASES: coop_av_de_fear and coop_av_de_fear
[2026-08-22 20:47:06 UTC-6.000] DUPLICATE ALIASES: coop_av_de_fear and coop_av_de_fear
[2026-08-22 20:47:06 UTC-6.000] DUPLICATE ALIASES: coop_av_de_fear and coop_av_de_fear
[2026-08-22 20:47:06 UTC-6.000] DUPLICATE ALIASES: coop_av_de_fear and coop_av_de_fear
[2026-08-22 20:47:06 UTC-6.000] DUPLICATE ALIASES: coop_av_de_fear and coop_av_de_fear
[2026-08-22 20:47:06 UTC-6.000] DUPLICATE ALIASES: coop_av_de_fear and coop_av_de_fear
[2026-08-22 20:47:06 UTC-6.000] DUPLICATE ALIASES: coop_av_de_fear and coop_av_de_fear
[2026-08-22 20:47:06 UTC-6.000] DUPLICATE ALIASES: coop_av_de_fear and coop_av_de_fear
[2026-08-22 20:47:06 UTC-6.000] DUPLICATE ALIASES: coop_av_de_fear and coop_av_de_fear
[2026-08-22 20:47:06 UTC-6.000] DUPLICATE ALIASES: coop_av_de_fear and coop_av_de_fear
[2026-08-22 20:47:06 UTC-6.000] DUPLICATE ALIASES: coop_av_de_fear and coop_av_de_fear
[2026-08-22 20:47:06 UTC-6.000] DUPLICATE ALIASES: coop_av_de_fear and coop_av_de_fear
[2026-08-22 20:47:06 UTC-6.000] DUPLICATE ALIASES: coop_av_de_fear and coop_av_de_fear
[2026-08-22 20:47:06 UTC-6.000] DUPLICATE ALIASES: coop_av_de_fear and coop_av_de_fear
[2026-08-22 20:47:06 UTC-6.000] DUPLICATE ALIASES: coop_av_de_fear and coop_av_de_fear
[2026-08-22 20:47:06 UTC-6.000] DUPLICATE ALIASES: coop_av_de_fear and coop_av_de_fear
[2026-08-22 20:47:06 UTC-6.000] DUPLICATE ALIASES: coop_av_de_fear and coop_av_de_fear
[2026-08-22 20:47:06 UTC-6.000] DUPLICATE ALIASES: coop_av_de_fear and coop_av_de_fear
[2026-08-22 20:47:06 UTC-6.000] DUPLICATE ALIASES: coop_av_de_fear and coop_av_de_fear
[2026-08-22 20:47:06 UTC-6.000] DUPLICATE ALIASES: coop_av_de_fear and coop_av_de_fear
[2026-08-22 20:47:06 UTC-6.000] DUPLICATE ALIASES: coop_av_de_fear and coop_av_de_fear
[2026-08-22 20:47:06 UTC-6.000] DUPLICATE ALIASES: coop_av_de_fear and coop_av_de_fear
[2026-08-22 20:47:06 UTC-6.000] DUPLICATE ALIASES: coop_av_de_fear and coop_av_de_fear
[2026-08-22 20:47:06 UTC-6.000] DUPLICATE ALIASES: coop_av_de_fear and coop_av_de_fear
[2026-08-22 20:47:06 UTC-6.000] DUPLICATE ALIASES: coop_av_de_fear and coop_av_de_fear
[2026-08-22 20:47:06 UTC-6.000] DUPLICATE ALIASES: coop_av_de_fear and coop_av_de_fear
[2026-08-22 20:47:06 UTC-6.000] DUPLICATE ALIASES: coop_av_de_fear and coop_av_de_fear
[2026-08-22 20:47:06 UTC-6.000] Unknown parameter for coop_av_de_handsup alias
[2026-08-22 20:47:06 UTC-6.000] DUPLICATE ALIASES: coop_av_de_handsup and coop_av_de_handsup
[2026-08-22 20:47:06 UTC-6.000] DUPLICATE ALIASES: coop_av_de_handsup and coop_av_de_handsup
[2026-08-22 20:47:06 UTC-6.000] DUPLICATE ALIASES: coop_av_it_attack and coop_av_it_attack
[2026-08-22 20:47:06 UTC-6.000] DUPLICATE ALIASES: coop_av_it_attack and coop_av_it_attack
[2026-08-22 20:47:06 UTC-6.000] DUPLICATE ALIASES: coop_av_it_attack and coop_av_it_attack
[2026-08-22 20:47:06 UTC-6.000] DUPLICATE ALIASES: coop_av_it_attack and coop_av_it_attack
[2026-08-22 20:47:06 UTC-6.000] DUPLICATE ALIASES: coop_av_it_attack and coop_av_it_attack
[2026-08-22 20:47:06 UTC-6.000] DUPLICATE ALIASES: coop_av_it_attack and coop_av_it_attack
[2026-08-22 20:47:06 UTC-6.000] DUPLICATE ALIASES: coop_av_it_attack and coop_av_it_attack
[2026-08-22 20:47:06 UTC-6.000] DUPLICATE ALIASES: coop_av_it_attack and coop_av_it_attack
[2026-08-22 20:47:06 UTC-6.000] DUPLICATE ALIASES: coop_av_it_attack and coop_av_it_attack
[2026-08-22 20:47:06 UTC-6.000] DUPLICATE ALIASES: coop_av_it_attack and coop_av_it_attack
[2026-08-22 20:47:06 UTC-6.000] DUPLICATE ALIASES: coop_av_it_attack and coop_av_it_attack
[2026-08-22 20:47:06 UTC-6.000] DUPLICATE ALIASES: coop_av_it_attack and coop_av_it_attack
[2026-08-22 20:47:06 UTC-6.000] DUPLICATE ALIASES: coop_av_it_attack and coop_av_it_attack
[2026-08-22 20:47:06 UTC-6.000] DUPLICATE ALIASES: coop_av_it_attack and coop_av_it_attack
[2026-08-22 20:47:06 UTC-6.000] DUPLICATE ALIASES: coop_av_it_attack and coop_av_it_attack
[2026-08-22 20:47:06 UTC-6.000] DUPLICATE ALIASES: coop_av_it_attack and coop_av_it_attack
[2026-08-22 20:47:06 UTC-6.000] DUPLICATE ALIASES: coop_av_it_attack and coop_av_it_attack
[2026-08-22 20:47:06 UTC-6.000] DUPLICATE ALIASES: coop_av_it_attack and coop_av_it_attack
[2026-08-22 20:47:06 UTC-6.000] DUPLICATE ALIASES: coop_av_it_attack and coop_av_it_attack
[2026-08-22 20:47:06 UTC-6.000] DUPLICATE ALIASES: coop_av_it_attack and coop_av_it_attack
[2026-08-22 20:47:06 UTC-6.000] DUPLICATE ALIASES: coop_av_it_attack and coop_av_it_attack
[2026-08-22 20:47:06 UTC-6.000] DUPLICATE ALIASES: coop_av_it_attack and coop_av_it_attack
[2026-08-22 20:47:06 UTC-6.000] DUPLICATE ALIASES: coop_av_it_attack and coop_av_it_attack
[2026-08-22 20:47:06 UTC-6.000] DUPLICATE ALIASES: coop_av_it_attack and coop_av_it_attack
[2026-08-22 20:47:06 UTC-6.000] DUPLICATE ALIASES: coop_av_it_attack and coop_av_it_attack
[2026-08-22 20:47:06 UTC-6.000] DUPLICATE ALIASES: coop_av_it_attack and coop_av_it_attack
[2026-08-22 20:47:06 UTC-6.000] DUPLICATE ALIASES: coop_av_it_attack and coop_av_it_attack
[2026-08-22 20:47:06 UTC-6.000] DUPLICATE ALIASES: coop_av_it_attack and coop_av_it_attack
[2026-08-22 20:47:06 UTC-6.000] DUPLICATE ALIASES: coop_av_it_attack and coop_av_it_attack
[2026-08-22 20:47:06 UTC-6.000] DUPLICATE ALIASES: coop_av_it_attack and coop_av_it_attack
[2026-08-22 20:47:06 UTC-6.000] DUPLICATE ALIASES: coop_av_it_attack and coop_av_it_attack
[2026-08-22 20:47:06 UTC-6.000] DUPLICATE ALIASES: coop_av_it_attack and coop_av_it_attack
[2026-08-22 20:47:06 UTC-6.000] DUPLICATE ALIASES: coop_av_it_attack and coop_av_it_attack
[2026-08-22 20:47:06 UTC-6.000] DUPLICATE ALIASES: coop_av_it_attack and coop_av_it_attack
[2026-08-22 20:47:06 UTC-6.000] DUPLICATE ALIASES: coop_av_it_attack and coop_av_it_attack
[2026-08-22 20:47:06 UTC-6.000] DUPLICATE ALIASES: coop_av_it_attack and coop_av_it_attack
[2026-08-22 20:47:06 UTC-6.000] DUPLICATE ALIASES: coop_av_it_attack and coop_av_it_attack
[2026-08-22 20:47:06 UTC-6.000] DUPLICATE ALIASES: coop_av_it_attack and coop_av_it_attack
[2026-08-22 20:47:06 UTC-6.000] DUPLICATE ALIASES: coop_av_it_attack and coop_av_it_attack
[2026-08-22 20:47:06 UTC-6.000] DUPLICATE ALIASES: coop_av_it_attack and coop_av_it_attack
[2026-08-22 20:47:06 UTC-6.000] DUPLICATE ALIASES: coop_av_it_attack and coop_av_it_attack
[2026-08-22 20:47:06 UTC-6.000] DUPLICATE ALIASES: coop_av_it_attack and coop_av_it_attack
[2026-08-22 20:47:06 UTC-6.000] DUPLICATE ALIASES: coop_av_it_attack and coop_av_it_attack
[2026-08-22 20:47:06 UTC-6.000] DUPLICATE ALIASES: coop_av_it_attack and coop_av_it_attack
[2026-08-22 20:47:06 UTC-6.000] DUPLICATE ALIASES: coop_av_it_attack and coop_av_it_attack
[2026-08-22 20:47:06 UTC-6.000] DUPLICATE ALIASES: coop_av_it_attack and coop_av_it_attack
[2026-08-22 20:47:06 UTC-6.000] DUPLICATE ALIASES: coop_av_it_attack and coop_av_it_attack
[2026-08-22 20:47:06 UTC-6.000] DUPLICATE ALIASES: coop_av_it_attack and coop_av_it_attack
[2026-08-22 20:47:06 UTC-6.000] DUPLICATE ALIASES: coop_av_it_attack and coop_av_it_attack
[2026-08-22 20:47:06 UTC-6.000] DUPLICATE ALIASES: coop_av_it_attack and coop_av_it_attack
[2026-08-22 20:47:06 UTC-6.000] DUPLICATE ALIASES: coop_av_it_attack and coop_av_it_attack
[2026-08-22 20:47:06 UTC-6.000] DUPLICATE ALIASES: coop_av_it_attack and coop_av_it_attack
[2026-08-22 20:47:06 UTC-6.000] DUPLICATE ALIASES: coop_av_it_attack and coop_av_it_attack
[2026-08-22 20:47:06 UTC-6.000] DUPLICATE ALIASES: coop_av_it_attack and coop_av_it_attack
[2026-08-22 20:47:06 UTC-6.000] DUPLICATE ALIASES: coop_av_it_attack and coop_av_it_attack
[2026-08-22 20:47:06 UTC-6.000] DUPLICATE ALIASES: coop_av_it_attack and coop_av_it_attack
[2026-08-22 20:47:06 UTC-6.000] DUPLICATE ALIASES: coop_av_it_attack and coop_av_it_attack
[2026-08-22 20:47:06 UTC-6.000] DUPLICATE ALIASES: coop_av_it_attack and coop_av_it_attack
[2026-08-22 20:47:06 UTC-6.000] DUPLICATE ALIASES: coop_av_it_attack and coop_av_it_attack
[2026-08-22 20:47:06 UTC-6.000] DUPLICATE ALIASES: coop_av_it_attack and coop_av_it_attack
[2026-08-22 20:47:06 UTC-6.000] DUPLICATE ALIASES: coop_av_it_attack and coop_av_it_attack
[2026-08-22 20:47:06 UTC-6.000] DUPLICATE ALIASES: coop_av_it_attack and coop_av_it_attack
[2026-08-22 20:47:06 UTC-6.000] DUPLICATE ALIASES: coop_av_it_attack and coop_av_it_attack
[2026-08-22 20:47:06 UTC-6.000] DUPLICATE ALIASES: coop_av_it_attack and coop_av_it_attack
[2026-08-22 20:47:06 UTC-6.000] DUPLICATE ALIASES: coop_av_it_attack and coop_av_it_attack
[2026-08-22 20:47:06 UTC-6.000] DUPLICATE ALIASES: coop_av_it_attack and coop_av_it_attack
[2026-08-22 20:47:06 UTC-6.000] DUPLICATE ALIASES: coop_av_it_attack and coop_av_it_attack
[2026-08-22 20:47:06 UTC-6.000] DUPLICATE ALIASES: coop_av_it_attack and coop_av_it_attack
[2026-08-22 20:47:06 UTC-6.000] DUPLICATE ALIASES: coop_av_it_attack and coop_av_it_attack
[2026-08-22 20:47:06 UTC-6.000] DUPLICATE ALIASES: coop_av_it_attack and coop_av_it_attack
[2026-08-22 20:47:06 UTC-6.000] DUPLICATE ALIASES: coop_av_it_attack and coop_av_it_attack
[2026-08-22 20:47:06 UTC-6.000] DUPLICATE ALIASES: coop_av_it_attack and coop_av_it_attack
[2026-08-22 20:47:06 UTC-6.000] DUPLICATE ALIASES: coop_av_it_backup and coop_av_it_backup
[2026-08-22 20:47:06 UTC-6.000] DUPLICATE ALIASES: coop_av_it_backup and coop_av_it_backup
[2026-08-22 20:47:06 UTC-6.000] DUPLICATE ALIASES: coop_av_it_backup and coop_av_it_backup
[2026-08-22 20:47:06 UTC-6.000] DUPLICATE ALIASES: coop_av_it_backup and coop_av_it_backup
[2026-08-22 20:47:06 UTC-6.000] DUPLICATE ALIASES: coop_av_it_backup and coop_av_it_backup
[2026-08-22 20:47:06 UTC-6.000] DUPLICATE ALIASES: coop_av_uk_attack and coop_av_uk_attack
[2026-08-22 20:47:06 UTC-6.000] DUPLICATE ALIASES: coop_av_uk_attack and coop_av_uk_attack
[2026-08-22 20:47:06 UTC-6.000] DUPLICATE ALIASES: coop_av_uk_attack and coop_av_uk_attack
[2026-08-22 20:47:06 UTC-6.000] DUPLICATE ALIASES: coop_av_uk_attack and coop_av_uk_attack
[2026-08-22 20:47:06 UTC-6.000] DUPLICATE ALIASES: coop_av_uk_attack and coop_av_uk_attack
[2026-08-22 20:47:06 UTC-6.000] DUPLICATE ALIASES: coop_av_uk_attack and coop_av_uk_attack
[2026-08-22 20:47:06 UTC-6.000] DUPLICATE ALIASES: coop_av_uk_attack and coop_av_uk_attack
[2026-08-22 20:47:06 UTC-6.000] DUPLICATE ALIASES: coop_av_uk_attack and coop_av_uk_attack
[2026-08-22 20:47:06 UTC-6.000] DUPLICATE ALIASES: coop_av_uk_attack and coop_av_uk_attack
[2026-08-22 20:47:06 UTC-6.000] DUPLICATE ALIASES: coop_av_uk_attack and coop_av_uk_attack
[2026-08-22 20:47:06 UTC-6.000] DUPLICATE ALIASES: coop_av_uk_attack and coop_av_uk_attack
[2026-08-22 20:47:06 UTC-6.000] DUPLICATE ALIASES: coop_av_uk_attack and coop_av_uk_attack
[2026-08-22 20:47:06 UTC-6.000] DUPLICATE ALIASES: coop_av_uk_attack and coop_av_uk_attack
[2026-08-22 20:47:06 UTC-6.000] DUPLICATE ALIASES: coop_av_uk_attack and coop_av_uk_attack
[2026-08-22 20:47:06 UTC-6.000] DUPLICATE ALIASES: coop_av_uk_attack and coop_av_uk_attack
[2026-08-22 20:47:06 UTC-6.000] DUPLICATE ALIASES: coop_av_uk_attack and coop_av_uk_attack
[2026-08-22 20:47:06 UTC-6.000] DUPLICATE ALIASES: coop_av_uk_attack and coop_av_uk_attack
[2026-08-22 20:47:06 UTC-6.000] DUPLICATE ALIASES: coop_av_uk_attack and coop_av_uk_attack
[2026-08-22 20:47:06 UTC-6.000] DUPLICATE ALIASES: coop_av_uk_attack and coop_av_uk_attack
[2026-08-22 20:47:06 UTC-6.000] DUPLICATE ALIASES: coop_av_uk_attack and coop_av_uk_attack
[2026-08-22 20:47:06 UTC-6.000] DUPLICATE ALIASES: coop_av_uk_attack and coop_av_uk_attack
[2026-08-22 20:47:06 UTC-6.000] DUPLICATE ALIASES: coop_av_uk_attack and coop_av_uk_attack
[2026-08-22 20:47:06 UTC-6.000] DUPLICATE ALIASES: coop_av_uk_attack and coop_av_uk_attack
[2026-08-22 20:47:06 UTC-6.000] DUPLICATE ALIASES: coop_av_uk_attack and coop_av_uk_attack
[2026-08-22 20:47:06 UTC-6.000] DUPLICATE ALIASES: coop_av_uk_attack and coop_av_uk_attack
[2026-08-22 20:47:06 UTC-6.000] DUPLICATE ALIASES: coop_av_uk_attack and coop_av_uk_attack
[2026-08-22 20:47:06 UTC-6.000] DUPLICATE ALIASES: coop_av_uk_attack and coop_av_uk_attack
[2026-08-22 20:47:06 UTC-6.000] DUPLICATE ALIASES: coop_av_uk_attack and coop_av_uk_attack
[2026-08-22 20:47:06 UTC-6.000] DUPLICATE ALIASES: coop_av_uk_attack and coop_av_uk_attack
[2026-08-22 20:47:06 UTC-6.000] DUPLICATE ALIASES: coop_av_uk_attack and coop_av_uk_attack
[2026-08-22 20:47:06 UTC-6.000] DUPLICATE ALIASES: coop_av_uk_attack and coop_av_uk_attack
[2026-08-22 20:47:06 UTC-6.000] DUPLICATE ALIASES: coop_av_uk_attack and coop_av_uk_attack
[2026-08-22 20:47:06 UTC-6.000] DUPLICATE ALIASES: coop_av_uk_attack and coop_av_uk_attack
[2026-08-22 20:47:06 UTC-6.000] DUPLICATE ALIASES: coop_av_uk_attack and coop_av_uk_attack
[2026-08-22 20:47:06 UTC-6.000] DUPLICATE ALIASES: coop_av_uk_attack and coop_av_uk_attack
[2026-08-22 20:47:06 UTC-6.000] DUPLICATE ALIASES: coop_av_uk_attack and coop_av_uk_attack
[2026-08-22 20:47:06 UTC-6.000] DUPLICATE ALIASES: coop_av_uk_attack and coop_av_uk_attack
[2026-08-22 20:47:06 UTC-6.000] DUPLICATE ALIASES: coop_av_uk_attack and coop_av_uk_attack
[2026-08-22 20:47:06 UTC-6.000] DUPLICATE ALIASES: coop_av_uk_attack and coop_av_uk_attack
[2026-08-22 20:47:06 UTC-6.000] DUPLICATE ALIASES: coop_av_uk_attack and coop_av_uk_attack
[2026-08-22 20:47:06 UTC-6.000] DUPLICATE ALIASES: coop_av_uk_attack and coop_av_uk_attack
[2026-08-22 20:47:06 UTC-6.000] DUPLICATE ALIASES: coop_av_uk_attack and coop_av_uk_attack
[2026-08-22 20:47:06 UTC-6.000] DUPLICATE ALIASES: coop_av_uk_attack and coop_av_uk_attack
[2026-08-22 20:47:06 UTC-6.000] DUPLICATE ALIASES: coop_av_uk_attack and coop_av_uk_attack
[2026-08-22 20:47:06 UTC-6.000] DUPLICATE ALIASES: coop_av_uk_attack and coop_av_uk_attack
[2026-08-22 20:47:06 UTC-6.000] DUPLICATE ALIASES: coop_av_uk_attack and coop_av_uk_attack
[2026-08-22 20:47:06 UTC-6.000] DUPLICATE ALIASES: coop_av_uk_attack and coop_av_uk_attack
[2026-08-22 20:47:06 UTC-6.000] DUPLICATE ALIASES: coop_av_uk_attack and coop_av_uk_attack
[2026-08-22 20:47:06 UTC-6.000] DUPLICATE ALIASES: coop_av_uk_attack and coop_av_uk_attack
[2026-08-22 20:47:06 UTC-6.000] DUPLICATE ALIASES: coop_av_uk_attack and coop_av_uk_attack
[2026-08-22 20:47:06 UTC-6.000] DUPLICATE ALIASES: coop_av_uk_attack and coop_av_uk_attack
[2026-08-22 20:47:06 UTC-6.000] DUPLICATE ALIASES: coop_av_uk_attack and coop_av_uk_attack
[2026-08-22 20:47:06 UTC-6.000] DUPLICATE ALIASES: coop_av_uk_attack and coop_av_uk_attack
[2026-08-22 20:47:06 UTC-6.000] DUPLICATE ALIASES: coop_av_uk_attack and coop_av_uk_attack
[2026-08-22 20:47:06 UTC-6.000] DUPLICATE ALIASES: coop_av_uk_attack and coop_av_uk_attack
[2026-08-22 20:47:06 UTC-6.000] DUPLICATE ALIASES: coop_av_uk_attack and coop_av_uk_attack
[2026-08-22 20:47:06 UTC-6.000] DUPLICATE ALIASES: coop_av_uk_attack and coop_av_uk_attack
[2026-08-22 20:47:06 UTC-6.000] DUPLICATE ALIASES: coop_av_uk_attack and coop_av_uk_attack
[2026-08-22 20:47:06 UTC-6.000] DUPLICATE ALIASES: coop_av_uk_attack and coop_av_uk_attack
[2026-08-22 20:47:06 UTC-6.000] DUPLICATE ALIASES: coop_av_uk_attack and coop_av_uk_attack
[2026-08-22 20:47:06 UTC-6.000] DUPLICATE ALIASES: coop_av_uk_attack and coop_av_uk_attack
[2026-08-22 20:47:06 UTC-6.000] DUPLICATE ALIASES: coop_av_uk_attack and coop_av_uk_attack
[2026-08-22 20:47:06 UTC-6.000] DUPLICATE ALIASES: coop_av_uk_attack and coop_av_uk_attack
[2026-08-22 20:47:06 UTC-6.000] DUPLICATE ALIASES: coop_av_uk_attack and coop_av_uk_attack
[2026-08-22 20:47:06 UTC-6.000] DUPLICATE ALIASES: coop_av_uk_attack and coop_av_uk_attack
[2026-08-22 20:47:06 UTC-6.000] DUPLICATE ALIASES: coop_av_uk_attack and coop_av_uk_attack
[2026-08-22 20:47:06 UTC-6.000] DUPLICATE ALIASES: coop_av_uk_attack and coop_av_uk_attack
[2026-08-22 20:47:06 UTC-6.000] DUPLICATE ALIASES: coop_av_uk_attack and coop_av_uk_attack
[2026-08-22 20:47:06 UTC-6.000] DUPLICATE ALIASES: coop_av_uk_attack and coop_av_uk_attack
[2026-08-22 20:47:06 UTC-6.000] DUPLICATE ALIASES: coop_av_uk_attack and coop_av_uk_attack
[2026-08-22 20:47:06 UTC-6.000] DUPLICATE ALIASES: coop_av_uk_attack and coop_av_uk_attack
[2026-08-22 20:47:06 UTC-6.000] DUPLICATE ALIASES: coop_av_uk_attack and coop_av_uk_attack
[2026-08-22 20:47:06 UTC-6.000] DUPLICATE ALIASES: coop_av_uk_attack and coop_av_uk_attack
[2026-08-22 20:47:06 UTC-6.000] DUPLICATE ALIASES: coop_av_uk_attack and coop_av_uk_attack
[2026-08-22 20:47:06 UTC-6.000] DUPLICATE ALIASES: coop_av_uk_attack and coop_av_uk_attack
[2026-08-22 20:47:06 UTC-6.000] DUPLICATE ALIASES: coop_av_uk_attack and coop_av_uk_attack
[2026-08-22 20:47:06 UTC-6.000] DUPLICATE ALIASES: coop_av_uk_attack and coop_av_uk_attack
[2026-08-22 20:47:06 UTC-6.000] DUPLICATE ALIASES: coop_av_uk_attack and coop_av_uk_attack
[2026-08-22 20:47:06 UTC-6.000] DUPLICATE ALIASES: coop_av_uk_attack and coop_av_uk_attack
[2026-08-22 20:47:06 UTC-6.000] DUPLICATE ALIASES: coop_av_uk_attack and coop_av_uk_attack
[2026-08-22 20:47:06 UTC-6.000] DUPLICATE ALIASES: coop_av_uk_attack and coop_av_uk_attack
[2026-08-22 20:47:06 UTC-6.000] DUPLICATE ALIASES: coop_av_uk_attack and coop_av_uk_attack
[2026-08-22 20:47:06 UTC-6.000] DUPLICATE ALIASES: coop_av_uk_attack and coop_av_uk_attack
[2026-08-22 20:47:06 UTC-6.000] DUPLICATE ALIASES: coop_av_uk_attack and coop_av_uk_attack
[2026-08-22 20:47:06 UTC-6.000] DUPLICATE ALIASES: coop_av_uk_attack and coop_av_uk_attack
[2026-08-22 20:47:06 UTC-6.000] DUPLICATE ALIASES: coop_av_uk_attack and coop_av_uk_attack
[2026-08-22 20:47:06 UTC-6.000] DUPLICATE ALIASES: coop_av_uk_attack and coop_av_uk_attack
[2026-08-22 20:47:06 UTC-6.000] DUPLICATE ALIASES: coop_av_uk_attack and coop_av_uk_attack
[2026-08-22 20:47:06 UTC-6.000] DUPLICATE ALIASES: coop_av_uk_attack and coop_av_uk_attack
[2026-08-22 20:47:06 UTC-6.000] DUPLICATE ALIASES: coop_av_uk_attack and coop_av_uk_attack
[2026-08-22 20:47:06 UTC-6.000] DUPLICATE ALIASES: coop_av_uk_attack and coop_av_uk_attack
[2026-08-22 20:47:06 UTC-6.000] DUPLICATE ALIASES: coop_av_uk_attack and coop_av_uk_attack
[2026-08-22 20:47:06 UTC-6.000] DUPLICATE ALIASES: coop_av_uk_attack and coop_av_uk_attack
[2026-08-22 20:47:06 UTC-6.000] DUPLICATE ALIASES: coop_av_uk_attack and coop_av_uk_attack
[2026-08-22 20:47:06 UTC-6.000] DUPLICATE ALIASES: coop_av_uk_attack and coop_av_uk_attack
[2026-08-22 20:47:06 UTC-6.000] DUPLICATE ALIASES: coop_av_uk_attack and coop_av_uk_attack
[2026-08-22 20:47:06 UTC-6.000] DUPLICATE ALIASES: coop_av_uk_attack and coop_av_uk_attack
[2026-08-22 20:47:06 UTC-6.000] DUPLICATE ALIASES: coop_av_uk_attack and coop_av_uk_attack
[2026-08-22 20:47:06 UTC-6.000] DUPLICATE ALIASES: coop_av_uk_attack and coop_av_uk_attack
[2026-08-22 20:47:06 UTC-6.000] DUPLICATE ALIASES: coop_av_uk_attack and coop_av_uk_attack
[2026-08-22 20:47:06 UTC-6.000] DUPLICATE ALIASES: coop_av_uk_attack and coop_av_uk_attack
[2026-08-22 20:47:06 UTC-6.000] DUPLICATE ALIASES: coop_av_uk_attack and coop_av_uk_attack
[2026-08-22 20:47:06 UTC-6.000] DUPLICATE ALIASES: coop_av_uk_backup and coop_av_uk_backup
[2026-08-22 20:47:06 UTC-6.000] DUPLICATE ALIASES: coop_av_uk_backup and coop_av_uk_backup
[2026-08-22 20:47:06 UTC-6.000] DUPLICATE ALIASES: coop_av_uk_cover and coop_av_uk_cover
[2026-08-22 20:47:06 UTC-6.000] DUPLICATE ALIASES: coop_av_uk_cover and coop_av_uk_cover
[2026-08-22 20:47:06 UTC-6.000] DUPLICATE ALIASES: coop_av_uk_cover and coop_av_uk_cover
[2026-08-22 20:47:06 UTC-6.000] DUPLICATE ALIASES: coop_av_uk_cover and coop_av_uk_cover
[2026-08-22 20:47:06 UTC-6.000] DUPLICATE ALIASES: coop_av_uk_cover and coop_av_uk_cover
[2026-08-22 20:47:06 UTC-6.000] DUPLICATE ALIASES: coop_av_uk_cover and coop_av_uk_cover
[2026-08-22 20:47:06 UTC-6.000] DUPLICATE ALIASES: coop_av_uk_cover and coop_av_uk_cover
[2026-08-22 20:47:06 UTC-6.000] DUPLICATE ALIASES: coop_av_uk_cover and coop_av_uk_cover
[2026-08-22 20:47:06 UTC-6.000] DUPLICATE ALIASES: coop_av_uk_cover and coop_av_uk_cover
[2026-08-22 20:47:06 UTC-6.000] DUPLICATE ALIASES: coop_av_uk_reload and coop_av_uk_reload
[2026-08-22 20:47:06 UTC-6.000] DUPLICATE ALIASES: coop_av_uk_reload and coop_av_uk_reload
[2026-08-22 20:47:06 UTC-6.000] DUPLICATE ALIASES: coop_av_uk_reload and coop_av_uk_reload
[2026-08-22 20:47:06 UTC-6.000] DUPLICATE ALIASES: coop_av_uk_reload and coop_av_uk_reload
[2026-08-22 20:47:06 UTC-6.000] DUPLICATE ALIASES: coop_av_uk_reload and coop_av_uk_reload
[2026-08-22 20:47:06 UTC-6.000] DUPLICATE ALIASES: coop_av_uk_reload and coop_av_uk_reload
[2026-08-22 20:47:06 UTC-6.000] DUPLICATE ALIASES: coop_av_uk_reload and coop_av_uk_reload
[2026-08-22 20:47:06 UTC-6.000] DUPLICATE ALIASES: coop_av_uk_reload and coop_av_uk_reload
[2026-08-22 20:47:06 UTC-6.000] DUPLICATE ALIASES: coop_av_uk_reload and coop_av_uk_reload
[2026-08-22 20:47:06 UTC-6.000] DUPLICATE ALIASES: coop_av_uk_reload and coop_av_uk_reload
[2026-08-22 20:47:06 UTC-6.000] DUPLICATE ALIASES: coop_av_uk_reload and coop_av_uk_reload
[2026-08-22 20:47:06 UTC-6.000] DUPLICATE ALIASES: coop_av_uk_reload and coop_av_uk_reload
[2026-08-22 20:47:06 UTC-6.000] DUPLICATE ALIASES: coop_av_uk_reload and coop_av_uk_reload
[2026-08-22 20:47:06 UTC-6.000] DUPLICATE ALIASES: coop_av_uk_reload and coop_av_uk_reload
[2026-08-22 20:47:06 UTC-6.000] DUPLICATE ALIASES: coop_av_uk_reload and coop_av_uk_reload
[2026-08-22 20:47:06 UTC-6.000] DUPLICATE ALIASES: coop_av_uk_reload and coop_av_uk_reload
[2026-08-22 20:47:06 UTC-6.000] DUPLICATE ALIASES: coop_av_uk_reload and coop_av_uk_reload
[2026-08-22 20:47:06 UTC-6.000] DUPLICATE ALIASES: coop_av_uk_reload and coop_av_uk_reload
[2026-08-22 20:47:06 UTC-6.000] DUPLICATE ALIASES: coop_av_uk_reload and coop_av_uk_reload
[2026-08-22 20:47:06 UTC-6.000] DUPLICATE ALIASES: coop_av_uk_reload and coop_av_uk_reload
[2026-08-22 20:47:06 UTC-6.000] DUPLICATE ALIASES: coop_av_uk_reload and coop_av_uk_reload
[2026-08-22 20:47:06 UTC-6.000] DUPLICATE ALIASES: coop_av_uk_reload and coop_av_uk_reload
[2026-08-22 20:47:06 UTC-6.000] DUPLICATE ALIASES: coop_av_uk_reload and coop_av_uk_reload
[2026-08-22 20:47:06 UTC-6.000] DUPLICATE ALIASES: coop_av_uk_reload and coop_av_uk_reload
[2026-08-22 20:47:06 UTC-6.000] DUPLICATE ALIASES: coop_av_uk_reload and coop_av_uk_reload
[2026-08-22 20:47:06 UTC-6.000] DUPLICATE ALIASES: coop_av_uk_reload and coop_av_uk_reload
[2026-08-22 20:47:06 UTC-6.000] DUPLICATE ALIASES: coop_av_uk_reload and coop_av_uk_reload
[2026-08-22 20:47:06 UTC-6.000] DUPLICATE ALIASES: coop_av_uk_reload and coop_av_uk_reload
[2026-08-22 20:47:06 UTC-6.000] DUPLICATE ALIASES: coop_av_uk_reload and coop_av_uk_reload
[2026-08-22 20:47:06 UTC-6.000] DUPLICATE ALIASES: coop_av_uk_reload and coop_av_uk_reload
[2026-08-22 20:47:06 UTC-6.000] DUPLICATE ALIASES: coop_av_uk_reload and coop_av_uk_reload
[2026-08-22 20:47:06 UTC-6.000] DUPLICATE ALIASES: coop_av_uk_reload and coop_av_uk_reload
[2026-08-22 20:47:06 UTC-6.000] DUPLICATE ALIASES: coop_av_uk_reload and coop_av_uk_reload
[2026-08-22 20:47:06 UTC-6.000] DUPLICATE ALIASES: coop_av_uk_reload and coop_av_uk_reload
[2026-08-22 20:47:06 UTC-6.000] DUPLICATE ALIASES: coop_av_uk_reload and coop_av_uk_reload
[2026-08-22 20:47:06 UTC-6.000] DUPLICATE ALIASES: coop_av_uk_reload and coop_av_uk_reload
[2026-08-22 20:47:06 UTC-6.000] DUPLICATE ALIASES: coop_av_uk_reload and coop_av_uk_reload
[2026-08-22 20:47:06 UTC-6.000] DUPLICATE ALIASES: coop_av_uk_reload and coop_av_uk_reload
[2026-08-22 20:47:06 UTC-6.000] DUPLICATE ALIASES: coop_av_uk_reload and coop_av_uk_reload
[2026-08-22 20:47:06 UTC-6.000] DUPLICATE ALIASES: coop_av_uk_reload and coop_av_uk_reload
[2026-08-22 20:47:06 UTC-6.000] DUPLICATE ALIASES: coop_av_uk_reload and coop_av_uk_reload
[2026-08-22 20:47:06 UTC-6.000] DUPLICATE ALIASES: coop_av_uk_reload and coop_av_uk_reload
[2026-08-22 20:47:06 UTC-6.000] DUPLICATE ALIASES: coop_av_uk_reload and coop_av_uk_reload
[2026-08-22 20:47:06 UTC-6.000] DUPLICATE ALIASES: coop_av_uk_reload and coop_av_uk_reload
[2026-08-22 20:47:06 UTC-6.000] DUPLICATE ALIASES: coop_av_uk_reload and coop_av_uk_reload
[2026-08-22 20:47:06 UTC-6.000] DUPLICATE ALIASES: coop_av_uk_reload and coop_av_uk_reload
[2026-08-22 20:47:06 UTC-6.000] DUPLICATE ALIASES: coop_av_uk_reload and coop_av_uk_reload
[2026-08-22 20:47:06 UTC-6.000] DUPLICATE ALIASES: coop_av_uk_reload and coop_av_uk_reload
[2026-08-22 20:47:06 UTC-6.000] DUPLICATE ALIASES: coop_av_uk_reload and coop_av_uk_reload
[2026-08-22 20:47:06 UTC-6.000] DUPLICATE ALIASES: coop_av_uk_reload and coop_av_uk_reload
[2026-08-22 20:47:06 UTC-6.000] DUPLICATE ALIASES: coop_av_uk_reload and coop_av_uk_reload
[2026-08-22 20:47:06 UTC-6.000] DUPLICATE ALIASES: coop_av_uk_reload and coop_av_uk_reload
[2026-08-22 20:47:06 UTC-6.000] DUPLICATE ALIASES: coop_av_uk_reload and coop_av_uk_reload
[2026-08-22 20:47:06 UTC-6.000] DUPLICATE ALIASES: coop_av_uk_reload and coop_av_uk_reload
[2026-08-22 20:47:06 UTC-6.000] DUPLICATE ALIASES: coop_av_uk_reload and coop_av_uk_reload
[2026-08-22 20:47:06 UTC-6.000] DUPLICATE ALIASES: coop_av_uk_reload and coop_av_uk_reload
[2026-08-22 20:47:06 UTC-6.000] DUPLICATE ALIASES: coop_av_uk_reload and coop_av_uk_reload
[2026-08-22 20:47:06 UTC-6.000] DUPLICATE ALIASES: coop_av_uk_reload and coop_av_uk_reload
[2026-08-22 20:47:06 UTC-6.000] DUPLICATE ALIASES: coop_av_uk_reload and coop_av_uk_reload
[2026-08-22 20:47:06 UTC-6.000] DUPLICATE ALIASES: coop_av_uk_reload and coop_av_uk_reload
[2026-08-22 20:47:06 UTC-6.000] DUPLICATE ALIASES: coop_av_uk_reload and coop_av_uk_reload
[2026-08-22 20:47:06 UTC-6.000] DUPLICATE ALIASES: coop_av_uk_reload and coop_av_uk_reload
[2026-08-22 20:47:06 UTC-6.000] DUPLICATE ALIASES: coop_av_uk_reload and coop_av_uk_reload
[2026-08-22 20:47:06 UTC-6.000] DUPLICATE ALIASES: coop_av_uk_reload and coop_av_uk_reload
[2026-08-22 20:47:06 UTC-6.000] DUPLICATE ALIASES: coop_av_uk_reload and coop_av_uk_reload
[2026-08-22 20:47:06 UTC-6.000] DUPLICATE ALIASES: coop_av_uk_reload and coop_av_uk_reload
[2026-08-22 20:47:06 UTC-6.000] DUPLICATE ALIASES: coop_av_uk_reload and coop_av_uk_reload
[2026-08-22 20:47:06 UTC-6.000] DUPLICATE ALIASES: coop_av_uk_reload and coop_av_uk_reload
[2026-08-22 20:47:06 UTC-6.000] DUPLICATE ALIASES: coop_av_uk_reload and coop_av_uk_reload
[2026-08-22 20:47:06 UTC-6.000] DUPLICATE ALIASES: coop_av_uk_reload and coop_av_uk_reload
[2026-08-22 20:47:06 UTC-6.000] DUPLICATE ALIASES: coop_av_uk_reload and coop_av_uk_reload
[2026-08-22 20:47:06 UTC-6.000] DUPLICATE ALIASES: coop_av_uk_reload and coop_av_uk_reload
[2026-08-22 20:47:06 UTC-6.000] DUPLICATE ALIASES: coop_av_uk_reload and coop_av_uk_reload
[2026-08-22 20:47:06 UTC-6.000] DUPLICATE ALIASES: coop_av_uk_reload and coop_av_uk_reload
[2026-08-22 20:47:06 UTC-6.000] DUPLICATE ALIASES: coop_av_uk_reload and coop_av_uk_reload
[2026-08-22 20:47:06 UTC-6.000] DUPLICATE ALIASES: coop_av_uk_reload and coop_av_uk_reload
[2026-08-22 20:47:06 UTC-6.000] DUPLICATE ALIASES: coop_av_uk_reload and coop_av_uk_reload
[2026-08-22 20:47:06 UTC-6.000] DUPLICATE ALIASES: coop_av_uk_reload and coop_av_uk_reload
[2026-08-22 20:47:06 UTC-6.000] DUPLICATE ALIASES: coop_av_uk_reload and coop_av_uk_reload
[2026-08-22 20:47:06 UTC-6.000] DUPLICATE ALIASES: coop_av_uk_reload and coop_av_uk_reload
[2026-08-22 20:47:06 UTC-6.000] DUPLICATE ALIASES: coop_av_uk_reload and coop_av_uk_reload
[2026-08-22 20:47:06 UTC-6.000] DUPLICATE ALIASES: coop_av_uk_reload and coop_av_uk_reload
[2026-08-22 20:47:06 UTC-6.000] DUPLICATE ALIASES: coop_av_uk_reload and coop_av_uk_reload
[2026-08-22 20:47:06 UTC-6.000] DUPLICATE ALIASES: coop_av_uk_reload and coop_av_uk_reload
[2026-08-22 20:47:06 UTC-6.000] DUPLICATE ALIASES: coop_av_uk_reload and coop_av_uk_reload
[2026-08-22 20:47:06 UTC-6.000] DUPLICATE ALIASES: coop_av_uk_reload and coop_av_uk_reload
[2026-08-22 20:47:06 UTC-6.000] DUPLICATE ALIASES: coop_av_uk_reload and coop_av_uk_reload
[2026-08-22 20:47:06 UTC-6.000] DUPLICATE ALIASES: coop_av_uk_reload and coop_av_uk_reload
[2026-08-22 20:47:06 UTC-6.000] DUPLICATE ALIASES: coop_av_uk_reload and coop_av_uk_reload
[2026-08-22 20:47:06 UTC-6.000] DUPLICATE ALIASES: coop_av_uk_reload and coop_av_uk_reload
[2026-08-22 20:47:06 UTC-6.000] DUPLICATE ALIASES: coop_av_uk_reload and coop_av_uk_reload
[2026-08-22 20:47:06 UTC-6.000] DUPLICATE ALIASES: coop_av_uk_reload and coop_av_uk_reload
[2026-08-22 20:47:06 UTC-6.000] DUPLICATE ALIASES: coop_av_uk_reload and coop_av_uk_reload
[2026-08-22 20:47:06 UTC-6.000] DUPLICATE ALIASES: coop_av_uk_reload and coop_av_uk_reload
[2026-08-22 20:47:06 UTC-6.000] DUPLICATE ALIASES: coop_av_uk_reload and coop_av_uk_reload
[2026-08-22 20:47:06 UTC-6.000] DUPLICATE ALIASES: coop_av_uk_reload and coop_av_uk_reload
[2026-08-22 20:47:06 UTC-6.000] DUPLICATE ALIASES: coop_av_uk_reload and coop_av_uk_reload
[2026-08-22 20:47:06 UTC-6.000] DUPLICATE ALIASES: coop_av_uk_reload and coop_av_uk_reload
[2026-08-22 20:47:06 UTC-6.000] DUPLICATE ALIASES: coop_av_uk_reload and coop_av_uk_reload
[2026-08-22 20:47:06 UTC-6.000] DUPLICATE ALIASES: coop_av_uk_reload and coop_av_uk_reload
[2026-08-22 20:47:06 UTC-6.000] DUPLICATE ALIASES: coop_av_uk_reload and coop_av_uk_reload
[2026-08-22 20:47:06 UTC-6.000] DUPLICATE ALIASES: coop_av_uk_reload and coop_av_uk_reload
[2026-08-22 20:47:06 UTC-6.000] DUPLICATE ALIASES: coop_av_uk_reload and coop_av_uk_reload
[2026-08-22 20:47:06 UTC-6.000] DUPLICATE ALIASES: coop_av_uk_reload and coop_av_uk_reload
[2026-08-22 20:47:06 UTC-6.000] DUPLICATE ALIASES: coop_av_uk_reload and coop_av_uk_reload
[2026-08-22 20:47:06 UTC-6.000] DUPLICATE ALIASES: coop_av_uk_reload and coop_av_uk_reload
[2026-08-22 20:47:06 UTC-6.000] DUPLICATE ALIASES: coop_av_uk_reload and coop_av_uk_reload
[2026-08-22 20:47:06 UTC-6.000] DUPLICATE ALIASES: coop_av_uk_reload and coop_av_uk_reload
[2026-08-22 20:47:06 UTC-6.000] DUPLICATE ALIASES: coop_av_uk_reload and coop_av_uk_reload
[2026-08-22 20:47:06 UTC-6.000] DUPLICATE ALIASES: coop_av_uk_reload and coop_av_uk_reload
[2026-08-22 20:47:06 UTC-6.000] DUPLICATE ALIASES: coop_av_uk_reload and coop_av_uk_reload
[2026-08-22 20:47:06 UTC-6.000] DUPLICATE ALIASES: coop_av_uk_reload and coop_av_uk_reload
[2026-08-22 20:47:06 UTC-6.000] DUPLICATE ALIASES: coop_av_uk_reload and coop_av_uk_reload
[2026-08-22 20:47:06 UTC-6.000] DUPLICATE ALIASES: coop_av_uk_reload and coop_av_uk_reload
[2026-08-22 20:47:06 UTC-6.000] DUPLICATE ALIASES: coop_av_uk_reload and coop_av_uk_reload
[2026-08-22 20:47:06 UTC-6.000] DUPLICATE ALIASES: coop_av_uk_reload and coop_av_uk_reload
[2026-08-22 20:47:06 UTC-6.000] DUPLICATE ALIASES: coop_av_uk_reload and coop_av_uk_reload
[2026-08-22 20:47:06 UTC-6.000] DUPLICATE ALIASES: coop_av_uk_reload and coop_av_uk_reload
[2026-08-22 20:47:06 UTC-6.000] DUPLICATE ALIASES: coop_av_uk_reload and coop_av_uk_reload
[2026-08-22 20:47:06 UTC-6.000] DUPLICATE ALIASES: coop_av_uk_reload and coop_av_uk_reload
[2026-08-22 20:47:06 UTC-6.000] DUPLICATE ALIASES: coop_av_uk_reload and coop_av_uk_reload
[2026-08-22 20:47:06 UTC-6.000] DUPLICATE ALIASES: coop_av_uk_reload and coop_av_uk_reload
[2026-08-22 20:47:06 UTC-6.000] DUPLICATE ALIASES: coop_av_uk_reload and coop_av_uk_reload
[2026-08-22 20:47:06 UTC-6.000] DUPLICATE ALIASES: coop_av_uk_reload and coop_av_uk_reload
[2026-08-22 20:47:06 UTC-6.000] DUPLICATE ALIASES: coop_av_uk_reload and coop_av_uk_reload
[2026-08-22 20:47:06 UTC-6.000] DUPLICATE ALIASES: coop_av_uk_reload and coop_av_uk_reload
[2026-08-22 20:47:06 UTC-6.000] DUPLICATE ALIASES: coop_av_uk_reload and coop_av_uk_reload
[2026-08-22 20:47:06 UTC-6.000] DUPLICATE ALIASES: coop_av_uk_reload and coop_av_uk_reload
[2026-08-22 20:47:06 UTC-6.000] DUPLICATE ALIASES: coop_av_uk_reload and coop_av_uk_reload
[2026-08-22 20:47:06 UTC-6.000] DUPLICATE ALIASES: coop_av_uk_reload and coop_av_uk_reload
[2026-08-22 20:47:06 UTC-6.000] DUPLICATE ALIASES: coop_av_uk_reload and coop_av_uk_reload
[2026-08-22 20:47:06 UTC-6.000] DUPLICATE ALIASES: coop_av_uk_reload and coop_av_uk_reload
[2026-08-22 20:47:06 UTC-6.000] DUPLICATE ALIASES: coop_av_uk_suppress and coop_av_uk_suppress
[2026-08-22 20:47:06 UTC-6.000] DUPLICATE ALIASES: coop_av_uk_suppress and coop_av_uk_suppress
[2026-08-22 20:47:06 UTC-6.000] DUPLICATE ALIASES: coop_av_uk_suppress and coop_av_uk_suppress
[2026-08-22 20:47:06 UTC-6.000] DUPLICATE ALIASES: coop_av_uk_suppress and coop_av_uk_suppress
[2026-08-22 20:47:06 UTC-6.000] DUPLICATE ALIASES: coop_av_uk_suppress and coop_av_uk_suppress
[2026-08-22 20:47:06 UTC-6.000] DUPLICATE ALIASES: coop_av_uk_suppress and coop_av_uk_suppress
[2026-08-22 20:47:06 UTC-6.000] DUPLICATE ALIASES: coop_av_uk_suppress and coop_av_uk_suppress
[2026-08-22 20:47:06 UTC-6.000] DUPLICATE ALIASES: coop_av_uk_suppress and coop_av_uk_suppress
[2026-08-22 20:47:06 UTC-6.000] DUPLICATE ALIASES: coop_av_uk_suppress and coop_av_uk_suppress
[2026-08-22 20:47:06 UTC-6.000] DUPLICATE ALIASES: coop_av_uk_suppress and coop_av_uk_suppress
[2026-08-22 20:47:06 UTC-6.000] DUPLICATE ALIASES: coop_av_uk_suppress and coop_av_uk_suppress
[2026-08-22 20:47:06 UTC-6.000] DUPLICATE ALIASES: coop_av_uk_suppress and coop_av_uk_suppress
[2026-08-22 20:47:06 UTC-6.000] DUPLICATE ALIASES: coop_av_uk_suppress and coop_av_uk_suppress
[2026-08-22 20:47:06 UTC-6.000] DUPLICATE ALIASES: coop_av_uk_suppress and coop_av_uk_suppress
[2026-08-22 20:47:06 UTC-6.000] DUPLICATE ALIASES: coop_av_uk_suppress and coop_av_uk_suppress
[2026-08-22 20:47:06 UTC-6.000] DUPLICATE ALIASES: coop_av_uk_suppress and coop_av_uk_suppress
[2026-08-22 20:47:06 UTC-6.000] DUPLICATE ALIASES: coop_av_uk_suppress and coop_av_uk_suppress
[2026-08-22 20:47:06 UTC-6.000] DUPLICATE ALIASES: coop_av_uk_suppress and coop_av_uk_suppress
[2026-08-22 20:47:06 UTC-6.000] DUPLICATE ALIASES: coop_av_uk_suppress and coop_av_uk_suppress
[2026-08-22 20:47:06 UTC-6.000] DUPLICATE ALIASES: coop_av_uk_suppress and coop_av_uk_suppress
[2026-08-22 20:47:06 UTC-6.000] DUPLICATE ALIASES: coop_av_uk_suppress and coop_av_uk_suppress
[2026-08-22 20:47:06 UTC-6.000] DUPLICATE ALIASES: coop_av_uk_suppress and coop_av_uk_suppress
[2026-08-22 20:47:06 UTC-6.000] DUPLICATE ALIASES: coop_av_uk_suppress and coop_av_uk_suppress
[2026-08-22 20:47:06 UTC-6.000] DUPLICATE ALIASES: coop_av_uk_suppress and coop_av_uk_suppress
[2026-08-22 20:47:06 UTC-6.000] DUPLICATE ALIASES: coop_av_uk_suppress and coop_av_uk_suppress
[2026-08-22 20:47:06 UTC-6.000] DUPLICATE ALIASES: coop_av_uk_suppress and coop_av_uk_suppress
[2026-08-22 20:47:06 UTC-6.000] DUPLICATE ALIASES: coop_av_uk_suppress and coop_av_uk_suppress
[2026-08-22 20:47:06 UTC-6.000] DUPLICATE ALIASES: coop_av_uk_suppress and coop_av_uk_suppress
[2026-08-22 20:47:06 UTC-6.000] DUPLICATE ALIASES: coop_av_uk_suppress and coop_av_uk_suppress
[2026-08-22 20:47:06 UTC-6.000] DUPLICATE ALIASES: coop_av_uk_suppress and coop_av_uk_suppress
[2026-08-22 20:47:06 UTC-6.000] DUPLICATE ALIASES: coop_av_uk_suppress and coop_av_uk_suppress
[2026-08-22 20:47:06 UTC-6.000] DUPLICATE ALIASES: coop_av_uk_suppress and coop_av_uk_suppress
[2026-08-22 20:47:06 UTC-6.000] DUPLICATE ALIASES: coop_av_uk_suppress and coop_av_uk_suppress
[2026-08-22 20:47:06 UTC-6.000] DUPLICATE ALIASES: coop_av_uk_suppress and coop_av_uk_suppress
[2026-08-22 20:47:06 UTC-6.000] DUPLICATE ALIASES: coop_av_uk_suppress and coop_av_uk_suppress
[2026-08-22 20:47:06 UTC-6.000] DUPLICATE ALIASES: coop_av_uk_suppress and coop_av_uk_suppress
[2026-08-22 20:47:06 UTC-6.000] DUPLICATE ALIASES: coop_av_uk_suppress and coop_av_uk_suppress
[2026-08-22 20:47:06 UTC-6.000] DUPLICATE ALIASES: coop_av_uk_suppress and coop_av_uk_suppress
[2026-08-22 20:47:06 UTC-6.000] DUPLICATE ALIASES: coop_av_uk_suppress and coop_av_uk_suppress
[2026-08-22 20:47:06 UTC-6.000] DUPLICATE ALIASES: coop_av_uk_suppress and coop_av_uk_suppress
[2026-08-22 20:47:06 UTC-6.000] DUPLICATE ALIASES: coop_av_uk_suppress and coop_av_uk_suppress
[2026-08-22 20:47:06 UTC-6.000] DUPLICATE ALIASES: coop_av_uk_suppress and coop_av_uk_suppress
[2026-08-22 20:47:06 UTC-6.000] DUPLICATE ALIASES: coop_av_uk_suppress and coop_av_uk_suppress
[2026-08-22 20:47:06 UTC-6.000] DUPLICATE ALIASES: coop_av_uk_suppress and coop_av_uk_suppress
[2026-08-22 20:47:06 UTC-6.000] DUPLICATE ALIASES: coop_av_uk_suppress and coop_av_uk_suppress
[2026-08-22 20:47:06 UTC-6.000] DUPLICATE ALIASES: coop_av_uk_suppress and coop_av_uk_suppress
[2026-08-22 20:47:06 UTC-6.000] DUPLICATE ALIASES: coop_av_uk_suppress and coop_av_uk_suppress
[2026-08-22 20:47:06 UTC-6.000] DUPLICATE ALIASES: coop_av_uk_suppress and coop_av_uk_suppress
[2026-08-22 20:47:06 UTC-6.000] DUPLICATE ALIASES: coop_av_uk_suppress and coop_av_uk_suppress
[2026-08-22 20:47:06 UTC-6.000] DUPLICATE ALIASES: coop_av_uk_suppress and coop_av_uk_suppress
[2026-08-22 20:47:06 UTC-6.000] DUPLICATE ALIASES: coop_av_uk_suppress and coop_av_uk_suppress
[2026-08-22 20:47:06 UTC-6.000] DUPLICATE ALIASES: coop_av_uk_suppress and coop_av_uk_suppress
[2026-08-22 20:47:06 UTC-6.000] DUPLICATE ALIASES: coop_av_uk_suppress and coop_av_uk_suppress
[2026-08-22 20:47:06 UTC-6.000] DUPLICATE ALIASES: coop_av_uk_suppress and coop_av_uk_suppress
[2026-08-22 20:47:06 UTC-6.000] DUPLICATE ALIASES: coop_av_uk_suppress and coop_av_uk_suppress
[2026-08-22 20:47:06 UTC-6.000] DUPLICATE ALIASES: coop_av_uk_suppress and coop_av_uk_suppress
[2026-08-22 20:47:06 UTC-6.000] DUPLICATE ALIASES: coop_av_uk_suppress and coop_av_uk_suppress
[2026-08-22 20:47:06 UTC-6.000] DUPLICATE ALIASES: coop_av_uk_suppress and coop_av_uk_suppress
[2026-08-22 20:47:06 UTC-6.000] DUPLICATE ALIASES: coop_av_uk_suppress and coop_av_uk_suppress
[2026-08-22 20:47:06 UTC-6.000] DUPLICATE ALIASES: coop_av_uk_suppress and coop_av_uk_suppress
[2026-08-22 20:47:06 UTC-6.000] DUPLICATE ALIASES: coop_av_uk_suppress and coop_av_uk_suppress
[2026-08-22 20:47:06 UTC-6.000] DUPLICATE ALIASES: coop_av_uk_suppress and coop_av_uk_suppress
[2026-08-22 20:47:06 UTC-6.000] DUPLICATE ALIASES: coop_av_uk_suppress and coop_av_uk_suppress
[2026-08-22 20:47:06 UTC-6.000] DUPLICATE ALIASES: coop_av_uk_suppress and coop_av_uk_suppress
[2026-08-22 20:47:06 UTC-6.000] DUPLICATE ALIASES: coop_av_uk_suppress and coop_av_uk_suppress
[2026-08-22 20:47:06 UTC-6.000] DUPLICATE ALIASES: coop_av_uk_suppress and coop_av_uk_suppress
[2026-08-22 20:47:06 UTC-6.000] DUPLICATE ALIASES: coop_av_uk_suppress and coop_av_uk_suppress
[2026-08-22 20:47:06 UTC-6.000] DUPLICATE ALIASES: coop_av_uk_suppress and coop_av_uk_suppress
[2026-08-22 20:47:06 UTC-6.000] DUPLICATE ALIASES: coop_av_uk_suppress and coop_av_uk_suppress
[2026-08-22 20:47:06 UTC-6.000] DUPLICATE ALIASES: coop_av_uk_suppress and coop_av_uk_suppress
[2026-08-22 20:47:06 UTC-6.000] DUPLICATE ALIASES: coop_av_uk_suppress and coop_av_uk_suppress
[2026-08-22 20:47:06 UTC-6.000] DUPLICATE ALIASES: coop_av_uk_suppress and coop_av_uk_suppress
[2026-08-22 20:47:06 UTC-6.000] DUPLICATE ALIASES: coop_av_uk_suppress and coop_av_uk_suppress
[2026-08-22 20:47:06 UTC-6.000] DUPLICATE ALIASES: coop_av_uk_suppress and coop_av_uk_suppress
[2026-08-22 20:47:06 UTC-6.000] DUPLICATE ALIASES: coop_av_uk_suppress and coop_av_uk_suppress
[2026-08-22 20:47:06 UTC-6.000] DUPLICATE ALIASES: coop_av_uk_suppress and coop_av_uk_suppress
[2026-08-22 20:47:06 UTC-6.000] DUPLICATE ALIASES: coop_av_uk_suppress and coop_av_uk_suppress
[2026-08-22 20:47:06 UTC-6.000] DUPLICATE ALIASES: coop_av_uk_suppress and coop_av_uk_suppress
[2026-08-22 20:47:06 UTC-6.000] DUPLICATE ALIASES: coop_av_uk_suppress and coop_av_uk_suppress
[2026-08-22 20:47:06 UTC-6.000] DUPLICATE ALIASES: coop_av_uk_suppress and coop_av_uk_suppress
[2026-08-22 20:47:06 UTC-6.000] DUPLICATE ALIASES: coop_av_uk_suppress and coop_av_uk_suppress
[2026-08-22 20:47:06 UTC-6.000] DUPLICATE ALIASES: coop_av_uk_suppress and coop_av_uk_suppress
[2026-08-22 20:47:06 UTC-6.000] DUPLICATE ALIASES: coop_av_uk_suppress and coop_av_uk_suppress
[2026-08-22 20:47:06 UTC-6.000] DUPLICATE ALIASES: coop_av_uk_suppress and coop_av_uk_suppress
[2026-08-22 20:47:06 UTC-6.000] DUPLICATE ALIASES: coop_av_uk_suppress and coop_av_uk_suppress
[2026-08-22 20:47:06 UTC-6.000] DUPLICATE ALIASES: coop_av_uk_suppress and coop_av_uk_suppress
[2026-08-22 20:47:06 UTC-6.000] DUPLICATE ALIASES: coop_av_uk_suppress and coop_av_uk_suppress
[2026-08-22 20:47:06 UTC-6.000] DUPLICATE ALIASES: coop_av_uk_suppress and coop_av_uk_suppress
[2026-08-22 20:47:06 UTC-6.000] DUPLICATE ALIASES: coop_av_uk_suppress and coop_av_uk_suppress
[2026-08-22 20:47:06 UTC-6.000] DUPLICATE ALIASES: coop_av_uk_suppress and coop_av_uk_suppress
[2026-08-22 20:47:06 UTC-6.000] DUPLICATE ALIASES: coop_av_uk_suppress and coop_av_uk_suppress
[2026-08-22 20:47:06 UTC-6.000] DUPLICATE ALIASES: coop_av_uk_suppress and coop_av_uk_suppress
[2026-08-22 20:47:06 UTC-6.000] DUPLICATE ALIASES: coop_av_uk_suppress and coop_av_uk_suppress
[2026-08-22 20:47:06 UTC-6.000] DUPLICATE ALIASES: coop_av_uk_suppress and coop_av_uk_suppress
[2026-08-22 20:47:06 UTC-6.000] DUPLICATE ALIASES: coop_av_uk_suppress and coop_av_uk_suppress
[2026-08-22 20:47:06 UTC-6.000] DUPLICATE ALIASES: coop_av_uk_suppress and coop_av_uk_suppress
[2026-08-22 20:47:06 UTC-6.000] DUPLICATE ALIASES: coop_av_uk_suppress and coop_av_uk_suppress
[2026-08-22 20:47:06 UTC-6.000] DUPLICATE ALIASES: coop_av_uk_suppress and coop_av_uk_suppress
[2026-08-22 20:47:06 UTC-6.000] DUPLICATE ALIASES: coop_av_uk_suppress and coop_av_uk_suppress
[2026-08-22 20:47:06 UTC-6.000] DUPLICATE ALIASES: coop_av_uk_suppress and coop_av_uk_suppress
[2026-08-22 20:47:06 UTC-6.000] DUPLICATE ALIASES: coop_av_uk_suppress and coop_av_uk_suppress
[2026-08-22 20:47:06 UTC-6.000] DUPLICATE ALIASES: coop_av_uk_suppress and coop_av_uk_suppress
[2026-08-22 20:47:06 UTC-6.000] DUPLICATE ALIASES: coop_av_uk_suppress and coop_av_uk_suppress
[2026-08-22 20:47:06 UTC-6.000] DUPLICATE ALIASES: coop_av_uk_suppress and coop_av_uk_suppress
[2026-08-22 20:47:06 UTC-6.000] DUPLICATE ALIASES: coop_av_uk_suppress and coop_av_uk_suppress
[2026-08-22 20:47:06 UTC-6.000] DUPLICATE ALIASES: coop_av_uk_suppress and coop_av_uk_suppress
[2026-08-22 20:47:06 UTC-6.000] DUPLICATE ALIASES: coop_av_uk_suppress and coop_av_uk_suppress
[2026-08-22 20:47:06 UTC-6.000] DUPLICATE ALIASES: coop_av_uk_suppress and coop_av_uk_suppress
[2026-08-22 20:47:06 UTC-6.000] DUPLICATE ALIASES: coop_av_uk_suppress and coop_av_uk_suppress
[2026-08-22 20:47:06 UTC-6.000] DUPLICATE ALIASES: coop_av_uk_suppress and coop_av_uk_suppress
[2026-08-22 20:47:06 UTC-6.000] DUPLICATE ALIASES: coop_av_uk_suppress and coop_av_uk_suppress
[2026-08-22 20:47:06 UTC-6.000] DUPLICATE ALIASES: coop_av_uk_suppress and coop_av_uk_suppress
[2026-08-22 20:47:06 UTC-6.000] DUPLICATE ALIASES: coop_av_uk_suppress and coop_av_uk_suppress
[2026-08-22 20:47:06 UTC-6.000] DUPLICATE ALIASES: coop_av_uk_suppress and coop_av_uk_suppress
[2026-08-22 20:47:06 UTC-6.000] DUPLICATE ALIASES: coop_av_uk_suppress and coop_av_uk_suppress
[2026-08-22 20:47:06 UTC-6.000] DUPLICATE ALIASES: coop_av_uk_suppress and coop_av_uk_suppress
[2026-08-22 20:47:06 UTC-6.000] DUPLICATE ALIASES: coop_av_uk_suppress and coop_av_uk_suppress
[2026-08-22 20:47:06 UTC-6.000] DUPLICATE ALIASES: coop_av_uk_suppress and coop_av_uk_suppress
[2026-08-22 20:47:06 UTC-6.000] DUPLICATE ALIASES: coop_av_uk_suppress and coop_av_uk_suppress
[2026-08-22 20:47:06 UTC-6.000] DUPLICATE ALIASES: coop_av_uk_suppress and coop_av_uk_suppress
[2026-08-22 20:47:06 UTC-6.000] DUPLICATE ALIASES: coop_av_uk_suppress and coop_av_uk_suppress
[2026-08-22 20:47:06 UTC-6.000] DUPLICATE ALIASES: coop_av_uk_suppress and coop_av_uk_suppress
[2026-08-22 20:47:06 UTC-6.000] DUPLICATE ALIASES: coop_av_uk_suppress and coop_av_uk_suppress
[2026-08-22 20:47:06 UTC-6.000] DUPLICATE ALIASES: coop_av_uk_suppress and coop_av_uk_suppress
[2026-08-22 20:47:06 UTC-6.000] DUPLICATE ALIASES: coop_av_uk_suppress and coop_av_uk_suppress
[2026-08-22 20:47:06 UTC-6.000] DUPLICATE ALIASES: coop_av_uk_suppress and coop_av_uk_suppress
[2026-08-22 20:47:06 UTC-6.000] DUPLICATE ALIASES: coop_av_uk_suppress and coop_av_uk_suppress
[2026-08-22 20:47:06 UTC-6.000] DUPLICATE ALIASES: coop_av_uk_suppress and coop_av_uk_suppress
[2026-08-22 20:47:06 UTC-6.000] DUPLICATE ALIASES: coop_av_uk_suppress and coop_av_uk_suppress
[2026-08-22 20:47:06 UTC-6.000] DUPLICATE ALIASES: coop_av_uk_suppress and coop_av_uk_suppress
[2026-08-22 20:47:06 UTC-6.000] DUPLICATE ALIASES: coop_av_uk_suppress and coop_av_uk_suppress
[2026-08-22 20:47:06 UTC-6.000] DUPLICATE ALIASES: coop_av_uk_suppress and coop_av_uk_suppress
[2026-08-22 20:47:06 UTC-6.000] DUPLICATE ALIASES: coop_av_uk_suppress and coop_av_uk_suppress
[2026-08-22 20:47:06 UTC-6.000] DUPLICATE ALIASES: coop_av_uk_suppress and coop_av_uk_suppress
[2026-08-22 20:47:06 UTC-6.000] DUPLICATE ALIASES: coop_av_uk_suppress and coop_av_uk_suppress
[2026-08-22 20:47:06 UTC-6.000] DUPLICATE ALIASES: coop_av_uk_suppress and coop_av_uk_suppress
[2026-08-22 20:47:06 UTC-6.000] DUPLICATE ALIASES: coop_av_uk_suppress and coop_av_uk_suppress
[2026-08-22 20:47:06 UTC-6.000] DUPLICATE ALIASES: coop_av_uk_suppress and coop_av_uk_suppress
[2026-08-22 20:47:06 UTC-6.000] DUPLICATE ALIASES: coop_av_uk_suppress and coop_av_uk_suppress
[2026-08-22 20:47:06 UTC-6.000] DUPLICATE ALIASES: coop_av_uk_suppress and coop_av_uk_suppress
[2026-08-22 20:47:06 UTC-6.000] DUPLICATE ALIASES: coop_av_uk_suppress and coop_av_uk_suppress
[2026-08-22 20:47:06 UTC-6.000] DUPLICATE ALIASES: coop_av_uk_suppress and coop_av_uk_suppress
[2026-08-22 20:47:06 UTC-6.000] DUPLICATE ALIASES: coop_av_uk_suppress and coop_av_uk_suppress
[2026-08-22 20:47:06 UTC-6.000] DUPLICATE ALIASES: coop_av_uk_suppress and coop_av_uk_suppress
[2026-08-22 20:47:06 UTC-6.000] DUPLICATE ALIASES: coop_av_uk_suppress and coop_av_uk_suppress
[2026-08-22 20:47:06 UTC-6.000] DUPLICATE ALIASES: coop_av_uk_suppress and coop_av_uk_suppress
[2026-08-22 20:47:06 UTC-6.000] DUPLICATE ALIASES: coop_av_uk_suppress and coop_av_uk_suppress
[2026-08-22 20:47:06 UTC-6.000] DUPLICATE ALIASES: coop_av_uk_suppress and coop_av_uk_suppress
[2026-08-22 20:47:06 UTC-6.000] DUPLICATE ALIASES: coop_av_uk_suppress and coop_av_uk_suppress
[2026-08-22 20:47:06 UTC-6.000] DUPLICATE ALIASES: coop_av_uk_suppress and coop_av_uk_suppress
[2026-08-22 20:47:06 UTC-6.000] DUPLICATE ALIASES: coop_av_uk_suppress and coop_av_uk_suppress
[2026-08-22 20:47:06 UTC-6.000] DUPLICATE ALIASES: coop_av_uk_suppress and coop_av_uk_suppress
[2026-08-22 20:47:06 UTC-6.000] DUPLICATE ALIASES: coop_av_uk_suppress and coop_av_uk_suppress
[2026-08-22 20:47:06 UTC-6.000] DUPLICATE ALIASES: coop_av_uk_suppress and coop_av_uk_suppress
[2026-08-22 20:47:06 UTC-6.000] DUPLICATE ALIASES: coop_av_uk_suppress and coop_av_uk_suppress
[2026-08-22 20:47:06 UTC-6.000] DUPLICATE ALIASES: coop_av_uk_suppress and coop_av_uk_suppress
[2026-08-22 20:47:06 UTC-6.000] DUPLICATE ALIASES: coop_av_uk_suppress and coop_av_uk_suppress
[2026-08-22 20:47:06 UTC-6.000] DUPLICATE ALIASES: coop_av_uk_suppress and coop_av_uk_suppress
[2026-08-22 20:47:06 UTC-6.000] DUPLICATE ALIASES: coop_av_uk_suppress and coop_av_uk_suppress
[2026-08-22 20:47:06 UTC-6.000] DUPLICATE ALIASES: coop_av_uk_suppress and coop_av_uk_suppress
[2026-08-22 20:47:06 UTC-6.000] DUPLICATE ALIASES: coop_av_uk_suppress and coop_av_uk_suppress
[2026-08-22 20:47:06 UTC-6.000] DUPLICATE ALIASES: coop_av_uk_suppress and coop_av_uk_suppress
[2026-08-22 20:47:06 UTC-6.000] DUPLICATE ALIASES: coop_av_uk_suppress and coop_av_uk_suppress
[2026-08-22 20:47:06 UTC-6.000] DUPLICATE ALIASES: coop_av_uk_suppress and coop_av_uk_suppress
[2026-08-22 20:47:06 UTC-6.000] DUPLICATE ALIASES: coop_av_uk_suppress and coop_av_uk_suppress
[2026-08-22 20:47:06 UTC-6.000] DUPLICATE ALIASES: coop_av_uk_suppress and coop_av_uk_suppress
[2026-08-22 20:47:06 UTC-6.000] DUPLICATE ALIASES: coop_av_uk_suppress and coop_av_uk_suppress
[2026-08-22 20:47:06 UTC-6.000] DUPLICATE ALIASES: coop_av_uk_suppress and coop_av_uk_suppress
[2026-08-22 20:47:06 UTC-6.000] DUPLICATE ALIASES: coop_av_uk_suppress and coop_av_uk_suppress
[2026-08-22 20:47:06 UTC-6.000] DUPLICATE ALIASES: coop_av_uk_suppress and coop_av_uk_suppress
[2026-08-22 20:47:06 UTC-6.000] DUPLICATE ALIASES: coop_av_uk_suppress and coop_av_uk_suppress
[2026-08-22 20:47:06 UTC-6.000] DUPLICATE ALIASES: coop_av_uk_suppress and coop_av_uk_suppress
[2026-08-22 20:47:06 UTC-6.000] DUPLICATE ALIASES: coop_av_uk_suppress and coop_av_uk_suppress
[2026-08-22 20:47:06 UTC-6.000] DUPLICATE ALIASES: coop_av_uk_suppress and coop_av_uk_suppress
[2026-08-22 20:47:06 UTC-6.000] DUPLICATE ALIASES: coop_av_uk_suppress and coop_av_uk_suppress
[2026-08-22 20:47:06 UTC-6.000] DUPLICATE ALIASES: coop_av_uk_suppress and coop_av_uk_suppress
[2026-08-22 20:47:06 UTC-6.000] DUPLICATE ALIASES: coop_av_uk_suppress and coop_av_uk_suppress
[2026-08-22 20:47:06 UTC-6.000] DUPLICATE ALIASES: coop_av_uk_suppress and coop_av_uk_suppress
[2026-08-22 20:47:06 UTC-6.000] DUPLICATE ALIASES: coop_av_uk_suppress and coop_av_uk_suppress
[2026-08-22 20:47:06 UTC-6.000] DUPLICATE ALIASES: coop_av_uk_suppress and coop_av_uk_suppress
[2026-08-22 20:47:06 UTC-6.000] DUPLICATE ALIASES: coop_av_uk_suppress and coop_av_uk_suppress
[2026-08-22 20:47:06 UTC-6.000] DUPLICATE ALIASES: coop_av_uk_suppress and coop_av_uk_suppress
[2026-08-22 20:47:06 UTC-6.000] DUPLICATE ALIASES: coop_av_uk_suppress and coop_av_uk_suppress
[2026-08-22 20:47:06 UTC-6.000] DUPLICATE ALIASES: coop_av_uk_suppress and coop_av_uk_suppress
[2026-08-22 20:47:06 UTC-6.000] DUPLICATE ALIASES: coop_av_uk_suppress and coop_av_uk_suppress
[2026-08-22 20:47:06 UTC-6.000] DUPLICATE ALIASES: coop_av_uk_suppress and coop_av_uk_suppress
[2026-08-22 20:47:06 UTC-6.000] DUPLICATE ALIASES: coop_av_uk_suppress and coop_av_uk_suppress
[2026-08-22 20:47:06 UTC-6.000] DUPLICATE ALIASES: coop_av_uk_suppress and coop_av_uk_suppress
[2026-08-22 20:47:06 UTC-6.000] DUPLICATE ALIASES: coop_av_uk_suppress and coop_av_uk_suppress
[2026-08-22 20:47:06 UTC-6.000] DUPLICATE ALIASES: coop_av_uk_suppress and coop_av_uk_suppress
[2026-08-22 20:47:06 UTC-6.000] DUPLICATE ALIASES: coop_av_uk_suppress and coop_av_uk_suppress
[2026-08-22 20:47:06 UTC-6.000] DUPLICATE ALIASES: coop_av_uk_suppress and coop_av_uk_suppress
[2026-08-22 20:47:06 UTC-6.000] DUPLICATE ALIASES: coop_av_uk_suppress and coop_av_uk_suppress
[2026-08-22 20:47:06 UTC-6.000] DUPLICATE ALIASES: coop_av_uk_suppress and coop_av_uk_suppress
[2026-08-22 20:47:06 UTC-6.000] DUPLICATE ALIASES: coop_av_uk_suppress and coop_av_uk_suppress
[2026-08-22 20:47:06 UTC-6.000] DUPLICATE ALIASES: coop_av_uk_suppress and coop_av_uk_suppress
[2026-08-22 20:47:06 UTC-6.000] DUPLICATE ALIASES: coop_av_uk_suppress and coop_av_uk_suppress
[2026-08-22 20:47:06 UTC-6.000] DUPLICATE ALIASES: coop_av_uk_suppress and coop_av_uk_suppress
[2026-08-22 20:47:06 UTC-6.000] DUPLICATE ALIASES: coop_av_uk_suppress and coop_av_uk_suppress
[2026-08-22 20:47:06 UTC-6.000] DUPLICATE ALIASES: coop_av_uk_suppress and coop_av_uk_suppress
[2026-08-22 20:47:06 UTC-6.000] DUPLICATE ALIASES: coop_av_uk_suppress and coop_av_uk_suppress
[2026-08-22 20:47:06 UTC-6.000] DUPLICATE ALIASES: coop_av_uk_suppress and coop_av_uk_suppress
[2026-08-22 20:47:06 UTC-6.000] DUPLICATE ALIASES: coop_av_uk_suppress and coop_av_uk_suppress
[2026-08-22 20:47:06 UTC-6.000] DUPLICATE ALIASES: coop_av_uk_suppress and coop_av_uk_suppress
[2026-08-22 20:47:06 UTC-6.000] DUPLICATE ALIASES: coop_av_uk_suppress and coop_av_uk_suppress
[2026-08-22 20:47:06 UTC-6.000] DUPLICATE ALIASES: coop_av_uk_suppress and coop_av_uk_suppress
[2026-08-22 20:47:06 UTC-6.000] DUPLICATE ALIASES: coop_av_uk_suppress and coop_av_uk_suppress
[2026-08-22 20:47:06 UTC-6.000] DUPLICATE ALIASES: coop_av_uk_suppress and coop_av_uk_suppress
[2026-08-22 20:47:06 UTC-6.000] DUPLICATE ALIASES: coop_av_uk_suppress and coop_av_uk_suppress
[2026-08-22 20:47:06 UTC-6.000] DUPLICATE ALIASES: coop_av_uk_suppress and coop_av_uk_suppress
[2026-08-22 20:47:06 UTC-6.000] DUPLICATE ALIASES: coop_av_uk_suppress and coop_av_uk_suppress
[2026-08-22 20:47:06 UTC-6.000] DUPLICATE ALIASES: coop_av_uk_suppress and coop_av_uk_suppress
[2026-08-22 20:47:06 UTC-6.000] DUPLICATE ALIASES: coop_av_uk_suppress and coop_av_uk_suppress
[2026-08-22 20:47:06 UTC-6.000] DUPLICATE ALIASES: coop_av_uk_suppress and coop_av_uk_suppress
[2026-08-22 20:47:06 UTC-6.000] DUPLICATE ALIASES: coop_av_uk_suppress and coop_av_uk_suppress
[2026-08-22 20:47:06 UTC-6.000] DUPLICATE ALIASES: coop_av_uk_suppress and coop_av_uk_suppress
[2026-08-22 20:47:06 UTC-6.000] DUPLICATE ALIASES: coop_av_uk_suppress and coop_av_uk_suppress
[2026-08-22 20:47:06 UTC-6.000] DUPLICATE ALIASES: coop_av_uk_suppress and coop_av_uk_suppress
[2026-08-22 20:47:06 UTC-6.000] DUPLICATE ALIASES: coop_av_uk_suppress and coop_av_uk_suppress
[2026-08-22 20:47:06 UTC-6.000] DUPLICATE ALIASES: coop_av_uk_suppress and coop_av_uk_suppress
[2026-08-22 20:47:06 UTC-6.000] DUPLICATE ALIASES: coop_av_uk_suppress and coop_av_uk_suppress
[2026-08-22 20:47:06 UTC-6.000] DUPLICATE ALIASES: coop_av_uk_suppress and coop_av_uk_suppress
[2026-08-22 20:47:06 UTC-6.000] DUPLICATE ALIASES: coop_av_uk_suppress and coop_av_uk_suppress
[2026-08-22 20:47:06 UTC-6.000] DUPLICATE ALIASES: coop_av_uk_suppress and coop_av_uk_suppress
[2026-08-22 20:47:06 UTC-6.000] DUPLICATE ALIASES: coop_av_uk_suppress and coop_av_uk_suppress
[2026-08-22 20:47:06 UTC-6.000] DUPLICATE ALIASES: coop_av_uk_suppress and coop_av_uk_suppress
[2026-08-22 20:47:06 UTC-6.000] DUPLICATE ALIASES: coop_av_uk_suppress and coop_av_uk_suppress
[2026-08-22 20:47:06 UTC-6.000] DUPLICATE ALIASES: coop_av_uk_suppress and coop_av_uk_suppress
[2026-08-22 20:47:06 UTC-6.000] DUPLICATE ALIASES: coop_av_uk_suppress and coop_av_uk_suppress
[2026-08-22 20:47:06 UTC-6.000] DUPLICATE ALIASES: coop_av_uk_suppress and coop_av_uk_suppress
[2026-08-22 20:47:06 UTC-6.000] DUPLICATE ALIASES: coop_av_uk_suppress and coop_av_uk_suppress
[2026-08-22 20:47:06 UTC-6.000] DUPLICATE ALIASES: coop_av_uk_suppress and coop_av_uk_suppress
[2026-08-22 20:47:06 UTC-6.000] DUPLICATE ALIASES: coop_av_uk_suppress and coop_av_uk_suppress
[2026-08-22 20:47:06 UTC-6.000] DUPLICATE ALIASES: coop_av_uk_suppress and coop_av_uk_suppress
[2026-08-22 20:47:06 UTC-6.000] DUPLICATE ALIASES: coop_av_uk_suppress and coop_av_uk_suppress
[2026-08-22 20:47:06 UTC-6.000] DUPLICATE ALIASES: coop_av_uk_suppress and coop_av_uk_suppress
[2026-08-22 20:47:06 UTC-6.000] DUPLICATE ALIASES: coop_av_uk_suppress and coop_av_uk_suppress
[2026-08-22 20:47:06 UTC-6.000] DUPLICATE ALIASES: coop_av_uk_suppress and coop_av_uk_suppress
[2026-08-22 20:47:06 UTC-6.000] DUPLICATE ALIASES: coop_av_uk_suppress and coop_av_uk_suppress
[2026-08-22 20:47:06 UTC-6.000] DUPLICATE ALIASES: coop_av_uk_suppress and coop_av_uk_suppress
[2026-08-22 20:47:06 UTC-6.000] DUPLICATE ALIASES: coop_av_uk_suppress and coop_av_uk_suppress
[2026-08-22 20:47:06 UTC-6.000] DUPLICATE ALIASES: coop_av_us_attack and coop_av_us_attack
[2026-08-22 20:47:06 UTC-6.000] DUPLICATE ALIASES: coop_av_us_attack and coop_av_us_attack
[2026-08-22 20:47:06 UTC-6.000] DUPLICATE ALIASES: coop_av_us_attack and coop_av_us_attack
[2026-08-22 20:47:06 UTC-6.000] DUPLICATE ALIASES: coop_av_us_attack and coop_av_us_attack
[2026-08-22 20:47:06 UTC-6.000] DUPLICATE ALIASES: coop_av_us_attack and coop_av_us_attack
[2026-08-22 20:47:06 UTC-6.000] DUPLICATE ALIASES: coop_av_us_attack and coop_av_us_attack
[2026-08-22 20:47:06 UTC-6.000] DUPLICATE ALIASES: coop_av_us_attack and coop_av_us_attack
[2026-08-22 20:47:06 UTC-6.000] DUPLICATE ALIASES: coop_av_us_attack and coop_av_us_attack
[2026-08-22 20:47:06 UTC-6.000] DUPLICATE ALIASES: coop_av_us_attack and coop_av_us_attack
[2026-08-22 20:47:06 UTC-6.000] DUPLICATE ALIASES: coop_av_us_attack and coop_av_us_attack
[2026-08-22 20:47:06 UTC-6.000] DUPLICATE ALIASES: coop_av_us_attack and coop_av_us_attack
[2026-08-22 20:47:06 UTC-6.000] DUPLICATE ALIASES: coop_av_us_attack and coop_av_us_attack
[2026-08-22 20:47:06 UTC-6.000] DUPLICATE ALIASES: coop_av_us_attack and coop_av_us_attack
[2026-08-22 20:47:06 UTC-6.000] DUPLICATE ALIASES: coop_av_us_attack and coop_av_us_attack
[2026-08-22 20:47:06 UTC-6.000] DUPLICATE ALIASES: coop_av_us_attack and coop_av_us_attack
[2026-08-22 20:47:06 UTC-6.000] DUPLICATE ALIASES: coop_av_us_attack and coop_av_us_attack
[2026-08-22 20:47:06 UTC-6.000] DUPLICATE ALIASES: coop_av_us_attack and coop_av_us_attack
[2026-08-22 20:47:06 UTC-6.000] DUPLICATE ALIASES: coop_av_us_attack and coop_av_us_attack
[2026-08-22 20:47:06 UTC-6.000] DUPLICATE ALIASES: coop_av_us_attack and coop_av_us_attack
[2026-08-22 20:47:06 UTC-6.000] DUPLICATE ALIASES: coop_av_us_attack and coop_av_us_attack
[2026-08-22 20:47:06 UTC-6.000] DUPLICATE ALIASES: coop_av_us_attack and coop_av_us_attack
[2026-08-22 20:47:06 UTC-6.000] DUPLICATE ALIASES: coop_av_us_attack and coop_av_us_attack
[2026-08-22 20:47:06 UTC-6.000] DUPLICATE ALIASES: coop_av_us_attack and coop_av_us_attack
[2026-08-22 20:47:06 UTC-6.000] DUPLICATE ALIASES: coop_av_us_attack and coop_av_us_attack
[2026-08-22 20:47:06 UTC-6.000] DUPLICATE ALIASES: coop_av_us_attack and coop_av_us_attack
[2026-08-22 20:47:06 UTC-6.000] DUPLICATE ALIASES: coop_av_us_attack and coop_av_us_attack
[2026-08-22 20:47:06 UTC-6.000] DUPLICATE ALIASES: coop_av_us_attack and coop_av_us_attack
[2026-08-22 20:47:06 UTC-6.000] DUPLICATE ALIASES: coop_av_us_attack and coop_av_us_attack
[2026-08-22 20:47:06 UTC-6.000] DUPLICATE ALIASES: coop_av_us_attack and coop_av_us_attack
[2026-08-22 20:47:06 UTC-6.000] DUPLICATE ALIASES: coop_av_us_attack and coop_av_us_attack
[2026-08-22 20:47:06 UTC-6.000] DUPLICATE ALIASES: coop_av_us_attack and coop_av_us_attack
[2026-08-22 20:47:06 UTC-6.000] DUPLICATE ALIASES: coop_av_us_attack and coop_av_us_attack
[2026-08-22 20:47:06 UTC-6.000] DUPLICATE ALIASES: coop_av_us_attack and coop_av_us_attack
[2026-08-22 20:47:06 UTC-6.000] DUPLICATE ALIASES: coop_av_us_attack and coop_av_us_attack
[2026-08-22 20:47:06 UTC-6.000] DUPLICATE ALIASES: coop_av_us_attack and coop_av_us_attack
[2026-08-22 20:47:06 UTC-6.000] DUPLICATE ALIASES: coop_av_us_attack and coop_av_us_attack
[2026-08-22 20:47:06 UTC-6.000] DUPLICATE ALIASES: coop_av_us_attack and coop_av_us_attack
[2026-08-22 20:47:06 UTC-6.000] DUPLICATE ALIASES: coop_av_us_attack and coop_av_us_attack
[2026-08-22 20:47:06 UTC-6.000] DUPLICATE ALIASES: coop_av_us_attack and coop_av_us_attack
[2026-08-22 20:47:06 UTC-6.000] DUPLICATE ALIASES: coop_av_us_attack and coop_av_us_attack
[2026-08-22 20:47:06 UTC-6.000] DUPLICATE ALIASES: coop_av_us_attack and coop_av_us_attack
[2026-08-22 20:47:06 UTC-6.000] DUPLICATE ALIASES: coop_av_us_attack and coop_av_us_attack
[2026-08-22 20:47:06 UTC-6.000] DUPLICATE ALIASES: coop_av_us_attack and coop_av_us_attack
[2026-08-22 20:47:06 UTC-6.000] DUPLICATE ALIASES: coop_av_us_attack and coop_av_us_attack
[2026-08-22 20:47:06 UTC-6.000] DUPLICATE ALIASES: coop_av_us_attack and coop_av_us_attack
[2026-08-22 20:47:06 UTC-6.000] DUPLICATE ALIASES: coop_av_us_attack and coop_av_us_attack
[2026-08-22 20:47:06 UTC-6.000] DUPLICATE ALIASES: coop_av_us_attack and coop_av_us_attack
[2026-08-22 20:47:06 UTC-6.000] DUPLICATE ALIASES: coop_av_us_attack and coop_av_us_attack
[2026-08-22 20:47:06 UTC-6.000] DUPLICATE ALIASES: coop_av_us_attack and coop_av_us_attack
[2026-08-22 20:47:06 UTC-6.000] DUPLICATE ALIASES: coop_av_us_attack and coop_av_us_attack
[2026-08-22 20:47:06 UTC-6.000] DUPLICATE ALIASES: coop_av_us_attack and coop_av_us_attack
[2026-08-22 20:47:06 UTC-6.000] DUPLICATE ALIASES: coop_av_us_attack and coop_av_us_attack
[2026-08-22 20:47:06 UTC-6.000] DUPLICATE ALIASES: coop_av_us_attack and coop_av_us_attack
[2026-08-22 20:47:06 UTC-6.000] DUPLICATE ALIASES: coop_av_us_attack and coop_av_us_attack
[2026-08-22 20:47:06 UTC-6.000] DUPLICATE ALIASES: coop_av_us_attack and coop_av_us_attack
[2026-08-22 20:47:06 UTC-6.000] DUPLICATE ALIASES: coop_av_us_attack and coop_av_us_attack
[2026-08-22 20:47:06 UTC-6.000] DUPLICATE ALIASES: coop_av_us_attack and coop_av_us_attack
[2026-08-22 20:47:06 UTC-6.000] DUPLICATE ALIASES: coop_av_us_attack and coop_av_us_attack
[2026-08-22 20:47:06 UTC-6.000] DUPLICATE ALIASES: coop_av_us_attack and coop_av_us_attack
[2026-08-22 20:47:06 UTC-6.000] DUPLICATE ALIASES: coop_av_us_attack and coop_av_us_attack
[2026-08-22 20:47:06 UTC-6.000] DUPLICATE ALIASES: coop_av_us_attack and coop_av_us_attack
[2026-08-22 20:47:06 UTC-6.000] DUPLICATE ALIASES: coop_av_us_attack and coop_av_us_attack
[2026-08-22 20:47:06 UTC-6.000] DUPLICATE ALIASES: coop_av_us_attack and coop_av_us_attack
[2026-08-22 20:47:06 UTC-6.000] DUPLICATE ALIASES: coop_av_us_attack and coop_av_us_attack
[2026-08-22 20:47:06 UTC-6.000] DUPLICATE ALIASES: coop_av_us_attack and coop_av_us_attack
[2026-08-22 20:47:06 UTC-6.000] DUPLICATE ALIASES: coop_av_us_attack and coop_av_us_attack
[2026-08-22 20:47:06 UTC-6.000] DUPLICATE ALIASES: coop_av_us_attack and coop_av_us_attack
[2026-08-22 20:47:06 UTC-6.000] DUPLICATE ALIASES: coop_av_us_attack and coop_av_us_attack
[2026-08-22 20:47:06 UTC-6.000] DUPLICATE ALIASES: coop_av_us_attack and coop_av_us_attack
[2026-08-22 20:47:06 UTC-6.000] DUPLICATE ALIASES: coop_av_us_attack and coop_av_us_attack
[2026-08-22 20:47:06 UTC-6.000] DUPLICATE ALIASES: coop_av_us_attack and coop_av_us_attack
[2026-08-22 20:47:06 UTC-6.000] DUPLICATE ALIASES: coop_av_us_attack and coop_av_us_attack
[2026-08-22 20:47:06 UTC-6.000] DUPLICATE ALIASES: coop_av_us_attack and coop_av_us_attack
[2026-08-22 20:47:06 UTC-6.000] DUPLICATE ALIASES: coop_av_us_attack and coop_av_us_attack
[2026-08-22 20:47:06 UTC-6.000] DUPLICATE ALIASES: coop_av_us_attack and coop_av_us_attack
[2026-08-22 20:47:06 UTC-6.000] DUPLICATE ALIASES: coop_av_us_attack and coop_av_us_attack
[2026-08-22 20:47:06 UTC-6.000] DUPLICATE ALIASES: coop_av_us_attack and coop_av_us_attack
[2026-08-22 20:47:06 UTC-6.000] DUPLICATE ALIASES: coop_av_us_attack and coop_av_us_attack
[2026-08-22 20:47:06 UTC-6.000] DUPLICATE ALIASES: coop_av_us_attack and coop_av_us_attack
[2026-08-22 20:47:06 UTC-6.000] DUPLICATE ALIASES: coop_av_us_attack and coop_av_us_attack
[2026-08-22 20:47:06 UTC-6.000] DUPLICATE ALIASES: coop_av_us_attack and coop_av_us_attack
[2026-08-22 20:47:06 UTC-6.000] DUPLICATE ALIASES: coop_av_us_attack and coop_av_us_attack
[2026-08-22 20:47:06 UTC-6.000] DUPLICATE ALIASES: coop_av_us_attack and coop_av_us_attack
[2026-08-22 20:47:06 UTC-6.000] DUPLICATE ALIASES: coop_av_us_attack and coop_av_us_attack
[2026-08-22 20:47:06 UTC-6.000] DUPLICATE ALIASES: coop_av_us_attack and coop_av_us_attack
[2026-08-22 20:47:06 UTC-6.000] DUPLICATE ALIASES: coop_av_us_attack and coop_av_us_attack
[2026-08-22 20:47:06 UTC-6.000] DUPLICATE ALIASES: coop_av_us_attack and coop_av_us_attack
[2026-08-22 20:47:06 UTC-6.000] DUPLICATE ALIASES: coop_av_us_attack and coop_av_us_attack
[2026-08-22 20:47:06 UTC-6.000] DUPLICATE ALIASES: coop_av_us_attack and coop_av_us_attack
[2026-08-22 20:47:06 UTC-6.000] DUPLICATE ALIASES: coop_av_us_attack and coop_av_us_attack
[2026-08-22 20:47:06 UTC-6.000] DUPLICATE ALIASES: coop_av_us_attack and coop_av_us_attack
[2026-08-22 20:47:06 UTC-6.000] DUPLICATE ALIASES: coop_av_us_attack and coop_av_us_attack
[2026-08-22 20:47:06 UTC-6.000] DUPLICATE ALIASES: coop_av_us_attack and coop_av_us_attack
[2026-08-22 20:47:06 UTC-6.000] DUPLICATE ALIASES: coop_av_us_attack and coop_av_us_attack
[2026-08-22 20:47:06 UTC-6.000] DUPLICATE ALIASES: coop_av_us_attack and coop_av_us_attack
[2026-08-22 20:47:06 UTC-6.000] DUPLICATE ALIASES: coop_av_us_attack and coop_av_us_attack
[2026-08-22 20:47:06 UTC-6.000] DUPLICATE ALIASES: coop_av_us_attack and coop_av_us_attack
[2026-08-22 20:47:06 UTC-6.000] DUPLICATE ALIASES: coop_av_us_backup and coop_av_us_backup
[2026-08-22 20:47:06 UTC-6.000] DUPLICATE ALIASES: coop_av_us_backup and coop_av_us_backup
[2026-08-22 20:47:06 UTC-6.000] DUPLICATE ALIASES: coop_av_us_backup and coop_av_us_backup
[2026-08-22 20:47:06 UTC-6.000] DUPLICATE ALIASES: coop_av_us_backup and coop_av_us_backup
[2026-08-22 20:47:06 UTC-6.000] DUPLICATE ALIASES: coop_av_us_backup and coop_av_us_backup
[2026-08-22 20:47:06 UTC-6.000] DUPLICATE ALIASES: coop_av_us_backup and coop_av_us_backup
[2026-08-22 20:47:06 UTC-6.000] DUPLICATE ALIASES: coop_av_us_backup and coop_av_us_backup
[2026-08-22 20:47:06 UTC-6.000] DUPLICATE ALIASES: coop_av_us_backup and coop_av_us_backup
[2026-08-22 20:47:06 UTC-6.000] DUPLICATE ALIASES: coop_av_us_reload and coop_av_us_reload
[2026-08-22 20:47:06 UTC-6.000] DUPLICATE ALIASES: coop_av_us_reload and coop_av_us_reload
[2026-08-22 20:47:06 UTC-6.000] DUPLICATE ALIASES: coop_av_us_reload and coop_av_us_reload
[2026-08-22 20:47:06 UTC-6.000] DUPLICATE ALIASES: coop_av_us_reload and coop_av_us_reload
[2026-08-22 20:47:06 UTC-6.000] DUPLICATE ALIASES: coop_av_us_reload and coop_av_us_reload
[2026-08-22 20:47:06 UTC-6.000] DUPLICATE ALIASES: coop_av_us_reload and coop_av_us_reload
[2026-08-22 20:47:06 UTC-6.000] DUPLICATE ALIASES: coop_av_us_reload and coop_av_us_reload
[2026-08-22 20:47:06 UTC-6.000] DUPLICATE ALIASES: coop_av_us_reload and coop_av_us_reload
[2026-08-22 20:47:06 UTC-6.000] DUPLICATE ALIASES: coop_av_us_reload and coop_av_us_reload
[2026-08-22 20:47:06 UTC-6.000] DUPLICATE ALIASES: coop_av_us_reload and coop_av_us_reload
[2026-08-22 20:47:06 UTC-6.000] DUPLICATE ALIASES: coop_av_us_reload and coop_av_us_reload
[2026-08-22 20:47:06 UTC-6.000] DUPLICATE ALIASES: coop_av_us_reload and coop_av_us_reload
[2026-08-22 20:47:06 UTC-6.000] DUPLICATE ALIASES: coop_av_us_reload and coop_av_us_reload
[2026-08-22 20:47:06 UTC-6.000] DUPLICATE ALIASES: coop_av_us_reload and coop_av_us_reload
[2026-08-22 20:47:06 UTC-6.000] DUPLICATE ALIASES: coop_av_us_reload and coop_av_us_reload
[2026-08-22 20:47:06 UTC-6.000] DUPLICATE ALIASES: coop_av_us_reload and coop_av_us_reload
[2026-08-22 20:47:06 UTC-6.000] DUPLICATE ALIASES: coop_av_us_reload and coop_av_us_reload
[2026-08-22 20:47:06 UTC-6.000] DUPLICATE ALIASES: coop_av_us_reload and coop_av_us_reload
[2026-08-22 20:47:06 UTC-6.000] DUPLICATE ALIASES: coop_av_us_reload and coop_av_us_reload
[2026-08-22 20:47:06 UTC-6.000] DUPLICATE ALIASES: coop_av_us_reload and coop_av_us_reload
[2026-08-22 20:47:06 UTC-6.000] DUPLICATE ALIASES: coop_av_us_reload and coop_av_us_reload
[2026-08-22 20:47:06 UTC-6.000] DUPLICATE ALIASES: coop_av_us_reload and coop_av_us_reload
[2026-08-22 20:47:06 UTC-6.000] DUPLICATE ALIASES: coop_av_us_reload and coop_av_us_reload
[2026-08-22 20:47:06 UTC-6.000] DUPLICATE ALIASES: coop_av_us_reload and coop_av_us_reload
[2026-08-22 20:47:06 UTC-6.000] DUPLICATE ALIASES: coop_av_us_reload and coop_av_us_reload
[2026-08-22 20:47:06 UTC-6.000] DUPLICATE ALIASES: coop_av_us_reload and coop_av_us_reload
[2026-08-22 20:47:06 UTC-6.000] DUPLICATE ALIASES: coop_av_us_reload and coop_av_us_reload
[2026-08-22 20:47:06 UTC-6.000] DUPLICATE ALIASES: coop_av_us_reload and coop_av_us_reload
[2026-08-22 20:47:06 UTC-6.000] DUPLICATE ALIASES: coop_av_us_reload and coop_av_us_reload
[2026-08-22 20:47:06 UTC-6.000] DUPLICATE ALIASES: coop_av_us_reload and coop_av_us_reload
[2026-08-22 20:47:06 UTC-6.000] DUPLICATE ALIASES: coop_av_us_reload and coop_av_us_reload
[2026-08-22 20:47:06 UTC-6.000] DUPLICATE ALIASES: coop_av_us_reload and coop_av_us_reload
[2026-08-22 20:47:06 UTC-6.000] DUPLICATE ALIASES: coop_av_us_reload and coop_av_us_reload
[2026-08-22 20:47:06 UTC-6.000] DUPLICATE ALIASES: coop_av_us_reload and coop_av_us_reload
[2026-08-22 20:47:06 UTC-6.000] DUPLICATE ALIASES: coop_av_us_reload and coop_av_us_reload
[2026-08-22 20:47:06 UTC-6.000] DUPLICATE ALIASES: coop_av_us_reload and coop_av_us_reload
[2026-08-22 20:47:06 UTC-6.000] DUPLICATE ALIASES: coop_av_us_reload and coop_av_us_reload
[2026-08-22 20:47:06 UTC-6.000] DUPLICATE ALIASES: coop_av_us_reload and coop_av_us_reload
[2026-08-22 20:47:06 UTC-6.000] DUPLICATE ALIASES: coop_av_us_reload and coop_av_us_reload
[2026-08-22 20:47:06 UTC-6.000] DUPLICATE ALIASES: coop_av_us_reload and coop_av_us_reload
[2026-08-22 20:47:06 UTC-6.000] DUPLICATE ALIASES: coop_av_us_reload and coop_av_us_reload
[2026-08-22 20:47:06 UTC-6.000] DUPLICATE ALIASES: coop_av_us_reload and coop_av_us_reload
[2026-08-22 20:47:06 UTC-6.000] DUPLICATE ALIASES: coop_av_us_reload and coop_av_us_reload
[2026-08-22 20:47:06 UTC-6.000] DUPLICATE ALIASES: coop_av_us_reload and coop_av_us_reload
[2026-08-22 20:47:06 UTC-6.000] DUPLICATE ALIASES: coop_av_us_reload and coop_av_us_reload
[2026-08-22 20:47:06 UTC-6.000] DUPLICATE ALIASES: coop_av_us_reload and coop_av_us_reload
[2026-08-22 20:47:06 UTC-6.000] DUPLICATE ALIASES: coop_av_us_reload and coop_av_us_reload
[2026-08-22 20:47:06 UTC-6.000] DUPLICATE ALIASES: coop_av_us_reload and coop_av_us_reload
[2026-08-22 20:47:06 UTC-6.000] DUPLICATE ALIASES: coop_av_us_reload and coop_av_us_reload
[2026-08-22 20:47:06 UTC-6.000] DUPLICATE ALIASES: coop_av_us_reload and coop_av_us_reload
[2026-08-22 20:47:06 UTC-6.000] DUPLICATE ALIASES: coop_av_us_reload and coop_av_us_reload
[2026-08-22 20:47:06 UTC-6.000] DUPLICATE ALIASES: coop_av_us_reload and coop_av_us_reload
[2026-08-22 20:47:06 UTC-6.000] DUPLICATE ALIASES: coop_av_us_reload and coop_av_us_reload
[2026-08-22 20:47:06 UTC-6.000] DUPLICATE ALIASES: coop_av_us_reload and coop_av_us_reload
[2026-08-22 20:47:06 UTC-6.000] DUPLICATE ALIASES: coop_av_us_reload and coop_av_us_reload
[2026-08-22 20:47:06 UTC-6.000] DUPLICATE ALIASES: coop_av_us_reload and coop_av_us_reload
[2026-08-22 20:47:06 UTC-6.000] DUPLICATE ALIASES: coop_av_us_reload and coop_av_us_reload
[2026-08-22 20:47:06 UTC-6.000] DUPLICATE ALIASES: coop_av_us_reload and coop_av_us_reload
[2026-08-22 20:47:06 UTC-6.000] DUPLICATE ALIASES: coop_av_us_reload and coop_av_us_reload
[2026-08-22 20:47:06 UTC-6.000] DUPLICATE ALIASES: coop_av_us_reload and coop_av_us_reload
[2026-08-22 20:47:06 UTC-6.000] DUPLICATE ALIASES: coop_av_us_reload and coop_av_us_reload
[2026-08-22 20:47:06 UTC-6.000] DUPLICATE ALIASES: coop_av_us_reload and coop_av_us_reload
[2026-08-22 20:47:06 UTC-6.000] DUPLICATE ALIASES: coop_av_us_reload and coop_av_us_reload
[2026-08-22 20:47:06 UTC-6.000] DUPLICATE ALIASES: coop_av_us_reload and coop_av_us_reload
[2026-08-22 20:47:06 UTC-6.000] DUPLICATE ALIASES: coop_av_us_reload and coop_av_us_reload
[2026-08-22 20:47:06 UTC-6.000] DUPLICATE ALIASES: coop_av_us_reload and coop_av_us_reload
[2026-08-22 20:47:06 UTC-6.000] DUPLICATE ALIASES: coop_av_us_reload and coop_av_us_reload
[2026-08-22 20:47:06 UTC-6.000] DUPLICATE ALIASES: coop_av_us_reload and coop_av_us_reload
[2026-08-22 20:47:06 UTC-6.000] DUPLICATE ALIASES: coop_av_us_reload and coop_av_us_reload
[2026-08-22 20:47:06 UTC-6.000] DUPLICATE ALIASES: coop_av_us_reload and coop_av_us_reload
[2026-08-22 20:47:06 UTC-6.000] DUPLICATE ALIASES: coop_av_us_reload and coop_av_us_reload
[2026-08-22 20:47:06 UTC-6.000] DUPLICATE ALIASES: coop_av_us_reload and coop_av_us_reload
[2026-08-22 20:47:06 UTC-6.000] DUPLICATE ALIASES: coop_av_us_reload and coop_av_us_reload
[2026-08-22 20:47:06 UTC-6.000] DUPLICATE ALIASES: coop_av_us_reload and coop_av_us_reload
[2026-08-22 20:47:06 UTC-6.000] DUPLICATE ALIASES: coop_av_us_reload and coop_av_us_reload
[2026-08-22 20:47:06 UTC-6.000] DUPLICATE ALIASES: coop_av_us_reload and coop_av_us_reload
[2026-08-22 20:47:06 UTC-6.000] DUPLICATE ALIASES: coop_av_us_reload and coop_av_us_reload
[2026-08-22 20:47:06 UTC-6.000] DUPLICATE ALIASES: coop_av_us_reload and coop_av_us_reload
[2026-08-22 20:47:06 UTC-6.000] DUPLICATE ALIASES: coop_av_us_reload and coop_av_us_reload
[2026-08-22 20:47:06 UTC-6.000] DUPLICATE ALIASES: coop_av_us_reload and coop_av_us_reload
[2026-08-22 20:47:06 UTC-6.000] DUPLICATE ALIASES: coop_av_us_reload and coop_av_us_reload
[2026-08-22 20:47:06 UTC-6.000] DUPLICATE ALIASES: coop_av_us_reload and coop_av_us_reload
[2026-08-22 20:47:06 UTC-6.000] DUPLICATE ALIASES: coop_av_us_reload and coop_av_us_reload
[2026-08-22 20:47:06 UTC-6.000] DUPLICATE ALIASES: coop_av_us_reload and coop_av_us_reload
[2026-08-22 20:47:06 UTC-6.000] DUPLICATE ALIASES: coop_av_us_reload and coop_av_us_reload
[2026-08-22 20:47:06 UTC-6.000] DUPLICATE ALIASES: coop_av_us_reload and coop_av_us_reload
[2026-08-22 20:47:06 UTC-6.000] DUPLICATE ALIASES: coop_av_us_reload and coop_av_us_reload
[2026-08-22 20:47:06 UTC-6.000] DUPLICATE ALIASES: coop_av_us_reload and coop_av_us_reload
[2026-08-22 20:47:06 UTC-6.000] DUPLICATE ALIASES: coop_av_us_reload and coop_av_us_reload
[2026-08-22 20:47:06 UTC-6.000] DUPLICATE ALIASES: coop_av_us_reload and coop_av_us_reload
[2026-08-22 20:47:06 UTC-6.000] DUPLICATE ALIASES: coop_av_us_reload and coop_av_us_reload
[2026-08-22 20:47:06 UTC-6.000] DUPLICATE ALIASES: coop_av_us_reload and coop_av_us_reload
[2026-08-22 20:47:06 UTC-6.000] DUPLICATE ALIASES: coop_av_us_reload and coop_av_us_reload
[2026-08-22 20:47:06 UTC-6.000] DUPLICATE ALIASES: coop_av_us_reload and coop_av_us_reload
[2026-08-22 20:47:06 UTC-6.000] DUPLICATE ALIASES: coop_av_us_reload and coop_av_us_reload
[2026-08-22 20:47:06 UTC-6.000] DUPLICATE ALIASES: coop_av_us_reload and coop_av_us_reload
[2026-08-22 20:47:06 UTC-6.000] DUPLICATE ALIASES: coop_av_us_reload and coop_av_us_reload
[2026-08-22 20:47:06 UTC-6.000] DUPLICATE ALIASES: coop_av_us_reload and coop_av_us_reload
[2026-08-22 20:47:06 UTC-6.000] DUPLICATE ALIASES: coop_av_us_reload and coop_av_us_reload
[2026-08-22 20:47:06 UTC-6.000] DUPLICATE ALIASES: coop_av_us_reload and coop_av_us_reload
[2026-08-22 20:47:06 UTC-6.000] DUPLICATE ALIASES: coop_av_us_reload and coop_av_us_reload
[2026-08-22 20:47:06 UTC-6.000] DUPLICATE ALIASES: coop_av_us_reload and coop_av_us_reload
[2026-08-22 20:47:06 UTC-6.000] DUPLICATE ALIASES: coop_av_us_reload and coop_av_us_reload
[2026-08-22 20:47:06 UTC-6.000] DUPLICATE ALIASES: coop_av_us_reload and coop_av_us_reload
[2026-08-22 20:47:06 UTC-6.000] DUPLICATE ALIASES: coop_av_us_reload and coop_av_us_reload
[2026-08-22 20:47:06 UTC-6.000] DUPLICATE ALIASES: coop_av_us_reload and coop_av_us_reload
[2026-08-22 20:47:06 UTC-6.000] DUPLICATE ALIASES: coop_av_us_reload and coop_av_us_reload
[2026-08-22 20:47:06 UTC-6.000] DUPLICATE ALIASES: coop_av_us_reload and coop_av_us_reload
[2026-08-22 20:47:06 UTC-6.000] DUPLICATE ALIASES: coop_av_us_reload and coop_av_us_reload
[2026-08-22 20:47:06 UTC-6.000] DUPLICATE ALIASES: coop_av_us_reload and coop_av_us_reload
[2026-08-22 20:47:06 UTC-6.000] DUPLICATE ALIASES: coop_av_us_reload and coop_av_us_reload
[2026-08-22 20:47:06 UTC-6.000] DUPLICATE ALIASES: coop_av_us_reload and coop_av_us_reload
[2026-08-22 20:47:06 UTC-6.000] DUPLICATE ALIASES: coop_av_us_reload and coop_av_us_reload
[2026-08-22 20:47:06 UTC-6.000] DUPLICATE ALIASES: coop_av_us_reload and coop_av_us_reload
[2026-08-22 20:47:06 UTC-6.000] DUPLICATE ALIASES: coop_av_us_reload and coop_av_us_reload
[2026-08-22 20:47:06 UTC-6.000] DUPLICATE ALIASES: coop_av_us_reload and coop_av_us_reload
[2026-08-22 20:47:06 UTC-6.000] DUPLICATE ALIASES: coop_av_us_reload and coop_av_us_reload
[2026-08-22 20:47:06 UTC-6.000] DUPLICATE ALIASES: coop_av_us_reload and coop_av_us_reload
[2026-08-22 20:47:06 UTC-6.000] DUPLICATE ALIASES: coop_av_us_reload and coop_av_us_reload
[2026-08-22 20:47:06 UTC-6.000] DUPLICATE ALIASES: coop_av_us_reload and coop_av_us_reload
[2026-08-22 20:47:06 UTC-6.000] DUPLICATE ALIASES: coop_av_us_reload and coop_av_us_reload
[2026-08-22 20:47:06 UTC-6.000] DUPLICATE ALIASES: coop_av_us_reload and coop_av_us_reload
[2026-08-22 20:47:06 UTC-6.000] DUPLICATE ALIASES: coop_av_us_reload and coop_av_us_reload
[2026-08-22 20:47:06 UTC-6.000] DUPLICATE ALIASES: coop_av_us_reload and coop_av_us_reload
[2026-08-22 20:47:06 UTC-6.000] DUPLICATE ALIASES: coop_av_us_reload and coop_av_us_reload
[2026-08-22 20:47:06 UTC-6.000] DUPLICATE ALIASES: coop_av_us_reload and coop_av_us_reload
[2026-08-22 20:47:06 UTC-6.000] DUPLICATE ALIASES: coop_av_us_reload and coop_av_us_reload
[2026-08-22 20:47:06 UTC-6.000] DUPLICATE ALIASES: coop_av_us_reload and coop_av_us_reload
[2026-08-22 20:47:06 UTC-6.000] DUPLICATE ALIASES: coop_av_us_reload and coop_av_us_reload
[2026-08-22 20:47:06 UTC-6.000] DUPLICATE ALIASES: coop_av_us_reload and coop_av_us_reload
[2026-08-22 20:47:06 UTC-6.000] DUPLICATE ALIASES: coop_av_us_reload and coop_av_us_reload
[2026-08-22 20:47:06 UTC-6.000] DUPLICATE ALIASES: coop_av_us_reload and coop_av_us_reload
[2026-08-22 20:47:06 UTC-6.000] DUPLICATE ALIASES: coop_av_us_reload and coop_av_us_reload
[2026-08-22 20:47:06 UTC-6.000] DUPLICATE ALIASES: coop_av_us_reload and coop_av_us_reload
[2026-08-22 20:47:06 UTC-6.000] DUPLICATE ALIASES: coop_av_us_reload and coop_av_us_reload
[2026-08-22 20:47:06 UTC-6.000] DUPLICATE ALIASES: coop_av_us_reload and coop_av_us_reload
[2026-08-22 20:47:06 UTC-6.000] DUPLICATE ALIASES: coop_av_us_reload and coop_av_us_reload
[2026-08-22 20:47:06 UTC-6.000] DUPLICATE ALIASES: coop_av_us_reload and coop_av_us_reload
[2026-08-22 20:47:06 UTC-6.000] DUPLICATE ALIASES: coop_av_us_reload and coop_av_us_reload
[2026-08-22 20:47:06 UTC-6.000] DUPLICATE ALIASES: coop_av_us_reload and coop_av_us_reload
[2026-08-22 20:47:06 UTC-6.000] DUPLICATE ALIASES: coop_av_us_reload and coop_av_us_reload
[2026-08-22 20:47:06 UTC-6.000] DUPLICATE ALIASES: coop_av_us_reload and coop_av_us_reload
[2026-08-22 20:47:06 UTC-6.000] DUPLICATE ALIASES: coop_av_us_reload and coop_av_us_reload
[2026-08-22 20:47:06 UTC-6.000] DUPLICATE ALIASES: coop_av_us_reload and coop_av_us_reload
[2026-08-22 20:47:06 UTC-6.000] DUPLICATE ALIASES: coop_av_us_reload and coop_av_us_reload
[2026-08-22 20:47:06 UTC-6.000] DUPLICATE ALIASES: coop_av_us_reload and coop_av_us_reload
[2026-08-22 20:47:06 UTC-6.000] DUPLICATE ALIASES: coop_av_us_reload and coop_av_us_reload
[2026-08-22 20:47:06 UTC-6.000] DUPLICATE ALIASES: coop_av_us_reload and coop_av_us_reload
[2026-08-22 20:47:06 UTC-6.000] DUPLICATE ALIASES: coop_av_us_reload and coop_av_us_reload
[2026-08-22 20:47:06 UTC-6.000] DUPLICATE ALIASES: coop_av_us_reload and coop_av_us_reload
[2026-08-22 20:47:06 UTC-6.000] DUPLICATE ALIASES: coop_av_us_reload and coop_av_us_reload
[2026-08-22 20:47:06 UTC-6.000] DUPLICATE ALIASES: coop_av_us_suppress and coop_av_us_suppress
[2026-08-22 20:47:06 UTC-6.000] DUPLICATE ALIASES: coop_av_us_suppress and coop_av_us_suppress
[2026-08-22 20:47:06 UTC-6.000] DUPLICATE ALIASES: coop_av_us_suppress and coop_av_us_suppress
[2026-08-22 20:47:06 UTC-6.000] DUPLICATE ALIASES: coop_av_us_suppress and coop_av_us_suppress
[2026-08-22 20:47:06 UTC-6.000] DUPLICATE ALIASES: coop_av_us_suppress and coop_av_us_suppress
[2026-08-22 20:47:06 UTC-6.000] DUPLICATE ALIASES: coop_av_us_suppress and coop_av_us_suppress
[2026-08-22 20:47:06 UTC-6.000] DUPLICATE ALIASES: coop_av_us_suppress and coop_av_us_suppress
[2026-08-22 20:47:06 UTC-6.000] DUPLICATE ALIASES: coop_av_us_suppress and coop_av_us_suppress
[2026-08-22 20:47:06 UTC-6.000] DUPLICATE ALIASES: coop_av_us_suppress and coop_av_us_suppress
[2026-08-22 20:47:06 UTC-6.000] DUPLICATE ALIASES: coop_av_us_suppress and coop_av_us_suppress
[2026-08-22 20:47:06 UTC-6.000] DUPLICATE ALIASES: coop_av_us_suppress and coop_av_us_suppress
[2026-08-22 20:47:06 UTC-6.000] DUPLICATE ALIASES: coop_av_us_suppress and coop_av_us_suppress
[2026-08-22 20:47:06 UTC-6.000] DUPLICATE ALIASES: coop_av_us_suppress and coop_av_us_suppress
[2026-08-22 20:47:06 UTC-6.000] DUPLICATE ALIASES: coop_av_us_suppress and coop_av_us_suppress
[2026-08-22 20:47:06 UTC-6.000] DUPLICATE ALIASES: coop_av_us_suppress and coop_av_us_suppress
[2026-08-22 20:47:06 UTC-6.000] DUPLICATE ALIASES: coop_av_us_suppress and coop_av_us_suppress
[2026-08-22 20:47:06 UTC-6.000] DUPLICATE ALIASES: coop_av_us_suppress and coop_av_us_suppress
[2026-08-22 20:47:06 UTC-6.000] DUPLICATE ALIASES: coop_av_us_suppress and coop_av_us_suppress
[2026-08-22 20:47:06 UTC-6.000] DUPLICATE ALIASES: coop_av_us_suppress and coop_av_us_suppress
[2026-08-22 20:47:06 UTC-6.000] DUPLICATE ALIASES: coop_av_us_suppress and coop_av_us_suppress
[2026-08-22 20:47:06 UTC-6.000] DUPLICATE ALIASES: coop_av_us_suppress and coop_av_us_suppress
[2026-08-22 20:47:06 UTC-6.000] DUPLICATE ALIASES: coop_av_us_suppress and coop_av_us_suppress
[2026-08-22 20:47:06 UTC-6.000] DUPLICATE ALIASES: coop_av_us_suppress and coop_av_us_suppress
[2026-08-22 20:47:06 UTC-6.000] DUPLICATE ALIASES: coop_av_us_suppress and coop_av_us_suppress
[2026-08-22 20:47:06 UTC-6.000] DUPLICATE ALIASES: coop_av_us_suppress and coop_av_us_suppress
[2026-08-22 20:47:06 UTC-6.000] DUPLICATE ALIASES: coop_av_us_suppress and coop_av_us_suppress
[2026-08-22 20:47:06 UTC-6.000] DUPLICATE ALIASES: coop_av_us_suppress and coop_av_us_suppress
[2026-08-22 20:47:06 UTC-6.000] DUPLICATE ALIASES: coop_av_us_suppress and coop_av_us_suppress
[2026-08-22 20:47:06 UTC-6.000] DUPLICATE ALIASES: coop_av_us_suppress and coop_av_us_suppress
[2026-08-22 20:47:06 UTC-6.000] DUPLICATE ALIASES: coop_av_us_suppress and coop_av_us_suppress
[2026-08-22 20:47:06 UTC-6.000] DUPLICATE ALIASES: coop_av_us_suppress and coop_av_us_suppress
[2026-08-22 20:47:06 UTC-6.000] DUPLICATE ALIASES: coop_av_us_suppress and coop_av_us_suppress
[2026-08-22 20:47:06 UTC-6.000] DUPLICATE ALIASES: coop_av_us_suppress and coop_av_us_suppress
[2026-08-22 20:47:06 UTC-6.000] DUPLICATE ALIASES: coop_av_us_suppress and coop_av_us_suppress
[2026-08-22 20:47:06 UTC-6.000] DUPLICATE ALIASES: coop_av_us_suppress and coop_av_us_suppress
[2026-08-22 20:47:07 UTC-6.000] DUPLICATE ALIASES: coop_av_us_suppress and coop_av_us_suppress
[2026-08-22 20:47:07 UTC-6.000] DUPLICATE ALIASES: coop_av_us_suppress and coop_av_us_suppress
[2026-08-22 20:47:07 UTC-6.000] DUPLICATE ALIASES: coop_av_us_suppress and coop_av_us_suppress
[2026-08-22 20:47:07 UTC-6.000] DUPLICATE ALIASES: coop_av_us_suppress and coop_av_us_suppress
[2026-08-22 20:47:07 UTC-6.000] DUPLICATE ALIASES: coop_av_us_suppress and coop_av_us_suppress
[2026-08-22 20:47:07 UTC-6.000] DUPLICATE ALIASES: coop_av_us_suppress and coop_av_us_suppress
[2026-08-22 20:47:07 UTC-6.000] DUPLICATE ALIASES: coop_av_us_suppress and coop_av_us_suppress
[2026-08-22 20:47:07 UTC-6.000] DUPLICATE ALIASES: coop_av_us_suppress and coop_av_us_suppress
[2026-08-22 20:47:07 UTC-6.000] DUPLICATE ALIASES: coop_av_us_suppress and coop_av_us_suppress
[2026-08-22 20:47:07 UTC-6.000] DUPLICATE ALIASES: coop_av_us_suppress and coop_av_us_suppress
[2026-08-22 20:47:07 UTC-6.000] DUPLICATE ALIASES: coop_av_us_suppress and coop_av_us_suppress
[2026-08-22 20:47:07 UTC-6.000] DUPLICATE ALIASES: coop_av_us_suppress and coop_av_us_suppress
[2026-08-22 20:47:07 UTC-6.000] DUPLICATE ALIASES: coop_av_us_suppress and coop_av_us_suppress
[2026-08-22 20:47:07 UTC-6.000] DUPLICATE ALIASES: coop_av_us_suppress and coop_av_us_suppress
[2026-08-22 20:47:07 UTC-6.000] DUPLICATE ALIASES: coop_av_us_suppress and coop_av_us_suppress
[2026-08-22 20:47:07 UTC-6.000] DUPLICATE ALIASES: coop_av_us_suppress and coop_av_us_suppress
[2026-08-22 20:47:07 UTC-6.000] DUPLICATE ALIASES: coop_av_us_suppress and coop_av_us_suppress
[2026-08-22 20:47:07 UTC-6.000] DUPLICATE ALIASES: coop_av_us_suppress and coop_av_us_suppress
[2026-08-22 20:47:07 UTC-6.000] DUPLICATE ALIASES: coop_av_us_suppress and coop_av_us_suppress
[2026-08-22 20:47:07 UTC-6.000] DUPLICATE ALIASES: coop_av_us_suppress and coop_av_us_suppress
[2026-08-22 20:47:07 UTC-6.000] DUPLICATE ALIASES: coop_av_us_suppress and coop_av_us_suppress
[2026-08-22 20:47:07 UTC-6.000] DUPLICATE ALIASES: coop_av_us_suppress and coop_av_us_suppress
[2026-08-22 20:47:07 UTC-6.000] DUPLICATE ALIASES: coop_av_us_suppress and coop_av_us_suppress
[2026-08-22 20:47:07 UTC-6.000] DUPLICATE ALIASES: coop_av_us_suppress and coop_av_us_suppress
[2026-08-22 20:47:07 UTC-6.000] DUPLICATE ALIASES: coop_av_us_suppress and coop_av_us_suppress
[2026-08-22 20:47:07 UTC-6.000] DUPLICATE ALIASES: coop_av_us_suppress and coop_av_us_suppress
[2026-08-22 20:47:07 UTC-6.000] DUPLICATE ALIASES: coop_av_us_suppress and coop_av_us_suppress
[2026-08-22 20:47:07 UTC-6.000] DUPLICATE ALIASES: coop_av_us_suppress and coop_av_us_suppress
[2026-08-22 20:47:07 UTC-6.000] DUPLICATE ALIASES: coop_av_us_suppress and coop_av_us_suppress
[2026-08-22 20:47:07 UTC-6.000] DUPLICATE ALIASES: coop_av_us_suppress and coop_av_us_suppress
[2026-08-22 20:47:07 UTC-6.000] DUPLICATE ALIASES: coop_av_us_suppress and coop_av_us_suppress
[2026-08-22 20:47:07 UTC-6.000] DUPLICATE ALIASES: coop_av_us_suppress and coop_av_us_suppress
[2026-08-22 20:47:07 UTC-6.000] DUPLICATE ALIASES: coop_av_us_suppress and coop_av_us_suppress
[2026-08-22 20:47:07 UTC-6.000] DUPLICATE ALIASES: coop_av_us_suppress and coop_av_us_suppress
[2026-08-22 20:47:07 UTC-6.000] DUPLICATE ALIASES: coop_av_us_suppress and coop_av_us_suppress
[2026-08-22 20:47:07 UTC-6.000] DUPLICATE ALIASES: coop_av_us_suppress and coop_av_us_suppress
[2026-08-22 20:47:07 UTC-6.000] DUPLICATE ALIASES: coop_av_us_suppress and coop_av_us_suppress
[2026-08-22 20:47:07 UTC-6.000] DUPLICATE ALIASES: coop_av_us_suppress and coop_av_us_suppress
[2026-08-22 20:47:07 UTC-6.000] DUPLICATE ALIASES: coop_av_us_suppress and coop_av_us_suppress
[2026-08-22 20:47:07 UTC-6.000] DUPLICATE ALIASES: coop_av_us_suppress and coop_av_us_suppress
[2026-08-22 20:47:07 UTC-6.000] DUPLICATE ALIASES: coop_av_us_suppress and coop_av_us_suppress
[2026-08-22 20:47:07 UTC-6.000] DUPLICATE ALIASES: coop_av_us_suppress and coop_av_us_suppress
[2026-08-22 20:47:07 UTC-6.000] DUPLICATE ALIASES: coop_av_us_suppress and coop_av_us_suppress
[2026-08-22 20:47:07 UTC-6.000] DUPLICATE ALIASES: coop_av_us_suppress and coop_av_us_suppress
[2026-08-22 20:47:07 UTC-6.000] DUPLICATE ALIASES: coop_av_us_suppress and coop_av_us_suppress
[2026-08-22 20:47:07 UTC-6.000] DUPLICATE ALIASES: coop_av_us_suppress and coop_av_us_suppress
[2026-08-22 20:47:07 UTC-6.000] DUPLICATE ALIASES: coop_av_us_suppress and coop_av_us_suppress
[2026-08-22 20:47:07 UTC-6.000] DUPLICATE ALIASES: coop_av_us_suppress and coop_av_us_suppress
[2026-08-22 20:47:07 UTC-6.000] DUPLICATE ALIASES: coop_av_us_suppress and coop_av_us_suppress
[2026-08-22 20:47:07 UTC-6.000] DUPLICATE ALIASES: coop_av_us_suppress and coop_av_us_suppress
[2026-08-22 20:47:07 UTC-6.000] DUPLICATE ALIASES: coop_av_us_suppress and coop_av_us_suppress
[2026-08-22 20:47:07 UTC-6.000] DUPLICATE ALIASES: coop_av_us_suppress and coop_av_us_suppress
[2026-08-22 20:47:07 UTC-6.000] DUPLICATE ALIASES: coop_av_us_suppress and coop_av_us_suppress
[2026-08-22 20:47:07 UTC-6.000] DUPLICATE ALIASES: coop_av_us_suppress and coop_av_us_suppress
[2026-08-22 20:47:07 UTC-6.000] DUPLICATE ALIASES: coop_av_us_suppress and coop_av_us_suppress
[2026-08-22 20:47:07 UTC-6.000] DUPLICATE ALIASES: coop_av_us_suppress and coop_av_us_suppress
[2026-08-22 20:47:07 UTC-6.000] DUPLICATE ALIASES: coop_av_us_suppress and coop_av_us_suppress
[2026-08-22 20:47:07 UTC-6.000] DUPLICATE ALIASES: coop_av_us_suppress and coop_av_us_suppress
[2026-08-22 20:47:07 UTC-6.000] DUPLICATE ALIASES: coop_av_us_suppress and coop_av_us_suppress
[2026-08-22 20:47:07 UTC-6.000] DUPLICATE ALIASES: coop_av_us_suppress and coop_av_us_suppress
[2026-08-22 20:47:07 UTC-6.000] DUPLICATE ALIASES: coop_av_us_suppress and coop_av_us_suppress
[2026-08-22 20:47:07 UTC-6.000] DUPLICATE ALIASES: coop_av_us_suppress and coop_av_us_suppress
[2026-08-22 20:47:07 UTC-6.000] DUPLICATE ALIASES: coop_av_us_suppress and coop_av_us_suppress
[2026-08-22 20:47:07 UTC-6.000] DUPLICATE ALIASES: coop_av_us_suppress and coop_av_us_suppress
[2026-08-22 20:47:07 UTC-6.000] DUPLICATE ALIASES: coop_av_us_suppress and coop_av_us_suppress
[2026-08-22 20:47:07 UTC-6.000] DUPLICATE ALIASES: coop_av_us_suppress and coop_av_us_suppress
[2026-08-22 20:47:07 UTC-6.000] DUPLICATE ALIASES: coop_av_us_suppress and coop_av_us_suppress
[2026-08-22 20:47:07 UTC-6.000] DUPLICATE ALIASES: coop_av_us_suppress and coop_av_us_suppress
[2026-08-22 20:47:07 UTC-6.000] DUPLICATE ALIASES: coop_av_us_suppress and coop_av_us_suppress
[2026-08-22 20:47:07 UTC-6.000] DUPLICATE ALIASES: coop_av_us_suppress and coop_av_us_suppress
[2026-08-22 20:47:07 UTC-6.000] DUPLICATE ALIASES: coop_av_us_suppress and coop_av_us_suppress
[2026-08-22 20:47:07 UTC-6.000] DUPLICATE ALIASES: coop_av_us_suppress and coop_av_us_suppress
[2026-08-22 20:47:07 UTC-6.000] DUPLICATE ALIASES: coop_av_us_suppress and coop_av_us_suppress
[2026-08-22 20:47:07 UTC-6.000] DUPLICATE ALIASES: coop_av_us_suppress and coop_av_us_suppress
[2026-08-22 20:47:07 UTC-6.000] DUPLICATE ALIASES: coop_av_us_suppress and coop_av_us_suppress
[2026-08-22 20:47:07 UTC-6.000] DUPLICATE ALIASES: coop_av_us_suppress and coop_av_us_suppress
[2026-08-22 20:47:07 UTC-6.000] DUPLICATE ALIASES: coop_av_us_suppress and coop_av_us_suppress
[2026-08-22 20:47:07 UTC-6.000] DUPLICATE ALIASES: coop_av_us_suppress and coop_av_us_suppress
[2026-08-22 20:47:07 UTC-6.000] DUPLICATE ALIASES: coop_av_us_suppress and coop_av_us_suppress
[2026-08-22 20:47:07 UTC-6.000] DUPLICATE ALIASES: coop_av_us_suppress and coop_av_us_suppress
[2026-08-22 20:47:07 UTC-6.000] DUPLICATE ALIASES: coop_av_us_suppress and coop_av_us_suppress
[2026-08-22 20:47:07 UTC-6.000] DUPLICATE ALIASES: coop_av_us_suppress and coop_av_us_suppress
[2026-08-22 20:47:07 UTC-6.000] DUPLICATE ALIASES: coop_av_us_suppress and coop_av_us_suppress
[2026-08-22 20:47:07 UTC-6.000] DUPLICATE ALIASES: coop_av_us_suppress and coop_av_us_suppress
[2026-08-22 20:47:07 UTC-6.000] DUPLICATE ALIASES: coop_av_us_suppress and coop_av_us_suppress
[2026-08-22 20:47:07 UTC-6.000] DUPLICATE ALIASES: coop_av_us_suppress and coop_av_us_suppress
[2026-08-22 20:47:07 UTC-6.000] DUPLICATE ALIASES: coop_av_us_suppress and coop_av_us_suppress
[2026-08-22 20:47:07 UTC-6.000] DUPLICATE ALIASES: coop_av_us_suppress and coop_av_us_suppress
[2026-08-22 20:47:07 UTC-6.000] DUPLICATE ALIASES: coop_av_us_suppress and coop_av_us_suppress
[2026-08-22 20:47:07 UTC-6.000] DUPLICATE ALIASES: coop_av_us_suppress and coop_av_us_suppress
[2026-08-22 20:47:07 UTC-6.000] DUPLICATE ALIASES: coop_av_us_suppress and coop_av_us_suppress
[2026-08-22 20:47:07 UTC-6.000] DUPLICATE ALIASES: coop_av_us_suppress and coop_av_us_suppress
[2026-08-22 20:47:07 UTC-6.000] DUPLICATE ALIASES: coop_av_us_suppress and coop_av_us_suppress
[2026-08-22 20:47:07 UTC-6.000] DUPLICATE ALIASES: coop_av_us_suppress and coop_av_us_suppress
[2026-08-22 20:47:07 UTC-6.000] DUPLICATE ALIASES: coop_av_us_suppress and coop_av_us_suppress
[2026-08-22 20:47:07 UTC-6.000] DUPLICATE ALIASES: coop_av_us_suppress and coop_av_us_suppress
[2026-08-22 20:47:07 UTC-6.000] DUPLICATE ALIASES: coop_av_us_suppress and coop_av_us_suppress
[2026-08-22 20:47:07 UTC-6.000] DUPLICATE ALIASES: coop_av_us_suppress and coop_av_us_suppress
[2026-08-22 20:47:07 UTC-6.000] DUPLICATE ALIASES: coop_av_us_suppress and coop_av_us_suppress
[2026-08-22 20:47:07 UTC-6.000] DUPLICATE ALIASES: coop_av_us_suppress and coop_av_us_suppress
[2026-08-22 20:47:07 UTC-6.000] DUPLICATE ALIASES: coop_av_us_suppress and coop_av_us_suppress
[2026-08-22 20:47:07 UTC-6.000] DUPLICATE ALIASES: coop_av_us_suppress and coop_av_us_suppress
[2026-08-22 20:47:07 UTC-6.000] DUPLICATE ALIASES: coop_av_us_suppress and coop_av_us_suppress
[2026-08-22 20:47:07 UTC-6.000] DUPLICATE ALIASES: coop_av_us_suppress and coop_av_us_suppress
[2026-08-22 20:47:07 UTC-6.000] DUPLICATE ALIASES: coop_av_us_suppress and coop_av_us_suppress
[2026-08-22 20:47:07 UTC-6.000] DUPLICATE ALIASES: coop_av_us_suppress and coop_av_us_suppress
[2026-08-22 20:47:07 UTC-6.000] DUPLICATE ALIASES: coop_av_us_suppress and coop_av_us_suppress
[2026-08-22 20:47:07 UTC-6.000] DUPLICATE ALIASES: coop_av_us_suppress and coop_av_us_suppress
[2026-08-22 20:47:07 UTC-6.000] DUPLICATE ALIASES: coop_av_us_suppress and coop_av_us_suppress
[2026-08-22 20:47:07 UTC-6.000] DUPLICATE ALIASES: coop_av_us_suppress and coop_av_us_suppress
[2026-08-22 20:47:07 UTC-6.000] DUPLICATE ALIASES: coop_av_us_suppress and coop_av_us_suppress
[2026-08-22 20:47:07 UTC-6.000] DUPLICATE ALIASES: coop_av_us_suppress and coop_av_us_suppress
[2026-08-22 20:47:07 UTC-6.000] DUPLICATE ALIASES: coop_av_us_suppress and coop_av_us_suppress
[2026-08-22 20:47:07 UTC-6.000] DUPLICATE ALIASES: coop_av_us_suppress and coop_av_us_suppress
[2026-08-22 20:47:07 UTC-6.000] DUPLICATE ALIASES: coop_av_us_suppress and coop_av_us_suppress
[2026-08-22 20:47:07 UTC-6.000] DUPLICATE ALIASES: coop_av_us_suppress and coop_av_us_suppress
[2026-08-22 20:47:07 UTC-6.000] DUPLICATE ALIASES: coop_av_us_suppress and coop_av_us_suppress
[2026-08-22 20:47:07 UTC-6.000] DUPLICATE ALIASES: coop_av_us_suppress and coop_av_us_suppress
[2026-08-22 20:47:07 UTC-6.000] DUPLICATE ALIASES: coop_av_us_suppress and coop_av_us_suppress
[2026-08-22 20:47:07 UTC-6.000] DUPLICATE ALIASES: coop_av_us_suppress and coop_av_us_suppress
[2026-08-22 20:47:07 UTC-6.000] DUPLICATE ALIASES: coop_av_us_suppress and coop_av_us_suppress
[2026-08-22 20:47:07 UTC-6.000] DUPLICATE ALIASES: coop_av_us_suppress and coop_av_us_suppress
[2026-08-22 20:47:07 UTC-6.000] DUPLICATE ALIASES: coop_av_us_suppress and coop_av_us_suppress
[2026-08-22 20:47:07 UTC-6.000] DUPLICATE ALIASES: coop_av_us_suppress and coop_av_us_suppress
[2026-08-22 20:47:07 UTC-6.000] DUPLICATE ALIASES: coop_av_us_suppress and coop_av_us_suppress
[2026-08-22 20:47:07 UTC-6.000] DUPLICATE ALIASES: coop_av_us_suppress and coop_av_us_suppress
[2026-08-22 20:47:07 UTC-6.000] DUPLICATE ALIASES: coop_av_us_suppress and coop_av_us_suppress
[2026-08-22 20:47:07 UTC-6.000] DUPLICATE ALIASES: coop_av_us_suppress and coop_av_us_suppress
[2026-08-22 20:47:07 UTC-6.000] DUPLICATE ALIASES: coop_av_us_suppress and coop_av_us_suppress
[2026-08-22 20:47:07 UTC-6.000] DUPLICATE ALIASES: coop_av_us_suppress and coop_av_us_suppress
[2026-08-22 20:47:07 UTC-6.000] DUPLICATE ALIASES: coop_av_us_suppress and coop_av_us_suppress
[2026-08-22 20:47:07 UTC-6.000] DUPLICATE ALIASES: coop_av_us_suppress and coop_av_us_suppress
[2026-08-22 20:47:07 UTC-6.000] DUPLICATE ALIASES: coop_av_us_suppress and coop_av_us_suppress
[2026-08-22 20:47:07 UTC-6.000] DUPLICATE ALIASES: coop_av_us_suppress and coop_av_us_suppress
[2026-08-22 20:47:07 UTC-6.000] DUPLICATE ALIASES: coop_av_us_suppress and coop_av_us_suppress
[2026-08-22 20:47:07 UTC-6.000] DUPLICATE ALIASES: coop_av_us_suppress and coop_av_us_suppress
[2026-08-22 20:47:07 UTC-6.000] DUPLICATE ALIASES: coop_av_us_suppress and coop_av_us_suppress
[2026-08-22 20:47:07 UTC-6.000] DUPLICATE ALIASES: coop_av_us_suppress and coop_av_us_suppress
[2026-08-22 20:47:07 UTC-6.000] DUPLICATE ALIASES: coop_av_us_suppress and coop_av_us_suppress
[2026-08-22 20:47:07 UTC-6.000] DUPLICATE ALIASES: coop_av_us_suppress and coop_av_us_suppress
[2026-08-22 20:47:07 UTC-6.000] DUPLICATE ALIASES: coop_av_us_suppress and coop_av_us_suppress
[2026-08-22 20:47:07 UTC-6.000] DUPLICATE ALIASES: coop_av_us_suppress and coop_av_us_suppress
[2026-08-22 20:47:07 UTC-6.000] DUPLICATE ALIASES: coop_av_us_suppress and coop_av_us_suppress
[2026-08-22 20:47:07 UTC-6.000] DUPLICATE ALIASES: coop_av_us_suppress and coop_av_us_suppress
[2026-08-22 20:47:07 UTC-6.000] DUPLICATE ALIASES: coop_av_us_suppress and coop_av_us_suppress
[2026-08-22 20:47:07 UTC-6.000] DUPLICATE ALIASES: coop_av_us_suppress and coop_av_us_suppress
[2026-08-22 20:47:07 UTC-6.000] DUPLICATE ALIASES: coop_av_us_suppress and coop_av_us_suppress
[2026-08-22 20:47:07 UTC-6.000] DUPLICATE ALIASES: coop_av_us_suppress and coop_av_us_suppress
[2026-08-22 20:47:07 UTC-6.000] DUPLICATE ALIASES: coop_av_us_suppress and coop_av_us_suppress
[2026-08-22 20:47:07 UTC-6.000] DUPLICATE ALIASES: coop_av_us_suppress and coop_av_us_suppress
[2026-08-22 20:47:07 UTC-6.000] DUPLICATE ALIASES: coop_av_us_suppress and coop_av_us_suppress
[2026-08-22 20:47:07 UTC-6.000] DUPLICATE ALIASES: coop_av_us_suppress and coop_av_us_suppress
[2026-08-22 20:47:07 UTC-6.000] DUPLICATE ALIASES: coop_av_us_suppress and coop_av_us_suppress
[2026-08-22 20:47:07 UTC-6.000] DUPLICATE ALIASES: coop_av_us_suppress and coop_av_us_suppress
[2026-08-22 20:47:07 UTC-6.000] DUPLICATE ALIASES: coop_av_us_suppress and coop_av_us_suppress
[2026-08-22 20:47:07 UTC-6.000] DUPLICATE ALIASES: coop_av_us_suppress and coop_av_us_suppress
[2026-08-22 20:47:07 UTC-6.000] DUPLICATE ALIASES: coop_av_us_suppress and coop_av_us_suppress
[2026-08-22 20:47:07 UTC-6.000] DUPLICATE ALIASES: coop_av_us_suppress and coop_av_us_suppress
[2026-08-22 20:47:07 UTC-6.000] DUPLICATE ALIASES: coop_av_us_suppress and coop_av_us_suppress
[2026-08-22 20:47:07 UTC-6.000] DUPLICATE ALIASES: coop_av_us_suppress and coop_av_us_suppress
[2026-08-22 20:47:07 UTC-6.000] DUPLICATE ALIASES: coop_av_us_suppress and coop_av_us_suppress
[2026-08-22 20:47:07 UTC-6.000] DUPLICATE ALIASES: coop_av_us_suppress and coop_av_us_suppress
[2026-08-22 20:47:07 UTC-6.000] DUPLICATE ALIASES: coop_av_us_suppress and coop_av_us_suppress
[2026-08-22 20:47:07 UTC-6.000] DUPLICATE ALIASES: coop_av_us_suppress and coop_av_us_suppress
[2026-08-22 20:47:07 UTC-6.000] DUPLICATE ALIASES: coop_av_us_suppress and coop_av_us_suppress
[2026-08-22 20:47:07 UTC-6.000] DUPLICATE ALIASES: coop_av_us_suppress and coop_av_us_suppress
[2026-08-22 20:47:07 UTC-6.000] DUPLICATE ALIASES: coop_av_us_suppress and coop_av_us_suppress
[2026-08-22 20:47:07 UTC-6.000] DUPLICATE ALIASES: coop_av_us_suppress and coop_av_us_suppress
[2026-08-22 20:47:07 UTC-6.000] DUPLICATE ALIASES: coop_av_us_suppress and coop_av_us_suppress
[2026-08-22 20:47:07 UTC-6.000] DUPLICATE ALIASES: coop_av_us_suppress and coop_av_us_suppress
[2026-08-22 20:47:07 UTC-6.000] DUPLICATE ALIASES: coop_av_us_suppress and coop_av_us_suppress
[2026-08-22 20:47:07 UTC-6.000] DUPLICATE ALIASES: coop_av_us_suppress and coop_av_us_suppress
[2026-08-22 20:47:07 UTC-6.000] DUPLICATE ALIASES: coop_av_us_suppress and coop_av_us_suppress
[2026-08-22 20:47:07 UTC-6.000] DUPLICATE ALIASES: coop_av_us_suppress and coop_av_us_suppress
[2026-08-22 20:47:07 UTC-6.000] DUPLICATE ALIASES: coop_av_us_suppress and coop_av_us_suppress
[2026-08-22 20:47:07 UTC-6.000] DUPLICATE ALIASES: coop_av_us_suppress and coop_av_us_suppress
[2026-08-22 20:47:07 UTC-6.000] DUPLICATE ALIASES: coop_av_us_suppress and coop_av_us_suppress
[2026-08-22 20:47:07 UTC-6.000] DUPLICATE ALIASES: coop_av_us_suppress and coop_av_us_suppress
[2026-08-22 20:47:07 UTC-6.000] DUPLICATE ALIASES: coop_av_us_suppress and coop_av_us_suppress
[2026-08-22 20:47:07 UTC-6.000] DUPLICATE ALIASES: coop_av_us_suppress and coop_av_us_suppress
[2026-08-22 20:47:07 UTC-6.000] DUPLICATE ALIASES: coop_av_us_suppress and coop_av_us_suppress
[2026-08-22 20:47:07 UTC-6.000] DUPLICATE ALIASES: coop_av_us_suppress and coop_av_us_suppress
[2026-08-22 20:47:07 UTC-6.000] DUPLICATE ALIASES: coop_av_us_suppress and coop_av_us_suppress
[2026-08-22 20:47:07 UTC-6.000] DUPLICATE ALIASES: coop_av_us_suppress and coop_av_us_suppress
[2026-08-22 20:47:07 UTC-6.000] DUPLICATE ALIASES: coop_av_us_suppress and coop_av_us_suppress
[2026-08-22 20:47:07 UTC-6.000] DUPLICATE ALIASES: coop_av_us_suppress and coop_av_us_suppress
[2026-08-22 20:47:07 UTC-6.000] DUPLICATE ALIASES: coop_av_us_suppress and coop_av_us_suppress
[2026-08-22 20:47:07 UTC-6.000] DUPLICATE ALIASES: coop_av_us_suppress and coop_av_us_suppress
[2026-08-22 20:47:07 UTC-6.000] DUPLICATE ALIASES: coop_av_us_suppress and coop_av_us_suppress
[2026-08-22 20:47:07 UTC-6.000] DUPLICATE ALIASES: coop_av_us_suppress and coop_av_us_suppress
[2026-08-22 20:47:07 UTC-6.000] DUPLICATE ALIASES: coop_av_us_suppress and coop_av_us_suppress
[2026-08-22 20:47:07 UTC-6.000] DUPLICATE ALIASES: coop_av_us_suppress and coop_av_us_suppress
[2026-08-22 20:47:07 UTC-6.000] DUPLICATE ALIASES: coop_av_us_suppress and coop_av_us_suppress
[2026-08-22 20:47:07 UTC-6.000] DUPLICATE ALIASES: coop_av_us_suppress and coop_av_us_suppress
[2026-08-22 20:47:07 UTC-6.000] DUPLICATE ALIASES: coop_av_us_suppress and coop_av_us_suppress
[2026-08-22 20:47:07 UTC-6.000] DUPLICATE ALIASES: coop_av_us_suppress and coop_av_us_suppress
[2026-08-22 20:47:07 UTC-6.000] DUPLICATE ALIASES: coop_av_us_suppress and coop_av_us_suppress
[2026-08-22 20:47:07 UTC-6.000] DUPLICATE ALIASES: coop_av_us_suppress and coop_av_us_suppress
[2026-08-22 20:47:07 UTC-6.000] DUPLICATE ALIASES: coop_av_us_suppress and coop_av_us_suppress
[2026-08-22 20:47:07 UTC-6.000] DUPLICATE ALIASES: coop_av_us_suppress and coop_av_us_suppress
[2026-08-22 20:47:07 UTC-6.000] DUPLICATE ALIASES: coop_av_us_suppress and coop_av_us_suppress
[2026-08-22 20:47:07 UTC-6.000] DUPLICATE ALIASES: coop_av_us_suppress and coop_av_us_suppress
[2026-08-22 20:47:07 UTC-6.000] DUPLICATE ALIASES: coop_av_us_suppress and coop_av_us_suppress
[2026-08-22 20:47:07 UTC-6.000] DUPLICATE ALIASES: coop_av_us_suppress and coop_av_us_suppress
[2026-08-22 20:47:07 UTC-6.000] DUPLICATE ALIASES: coop_av_us_suppress and coop_av_us_suppress
[2026-08-22 20:47:07 UTC-6.000] DUPLICATE ALIASES: coop_av_us_suppress and coop_av_us_suppress
[2026-08-22 20:47:07 UTC-6.000] DUPLICATE ALIASES: coop_av_us_suppress and coop_av_us_suppress
[2026-08-22 20:47:07 UTC-6.000] DUPLICATE ALIASES: coop_av_us_suppress and coop_av_us_suppress
[2026-08-22 20:47:07 UTC-6.000] DUPLICATE ALIASES: coop_av_us_suppress and coop_av_us_suppress
[2026-08-22 20:47:07 UTC-6.000] DUPLICATE ALIASES: coop_av_us_suppress and coop_av_us_suppress
[2026-08-22 20:47:07 UTC-6.000] DUPLICATE ALIASES: coop_av_us_suppress and coop_av_us_suppress
[2026-08-22 20:47:07 UTC-6.000] DUPLICATE ALIASES: coop_av_us_suppress and coop_av_us_suppress
[2026-08-22 20:47:07 UTC-6.000] DUPLICATE ALIASES: coop_av_us_suppress and coop_av_us_suppress
[2026-08-22 20:47:07 UTC-6.000] DUPLICATE ALIASES: coop_av_us_suppress and coop_av_us_suppress
[2026-08-22 20:47:07 UTC-6.000] DUPLICATE ALIASES: coop_av_us_suppress and coop_av_us_suppress
[2026-08-22 20:47:07 UTC-6.000] DUPLICATE ALIASES: coop_av_us_suppress and coop_av_us_suppress
[2026-08-22 20:47:07 UTC-6.000] DUPLICATE ALIASES: coop_av_us_suppress and coop_av_us_suppress
[2026-08-22 20:47:07 UTC-6.000] DUPLICATE ALIASES: coop_av_us_suppress and coop_av_us_suppress
[2026-08-22 20:47:07 UTC-6.000] DUPLICATE ALIASES: coop_av_us_suppress and coop_av_us_suppress
[2026-08-22 20:47:07 UTC-6.000] DUPLICATE ALIASES: coop_av_us_suppress and coop_av_us_suppress
[2026-08-22 20:47:07 UTC-6.000] DUPLICATE ALIASES: coop_av_us_suppress and coop_av_us_suppress
[2026-08-22 20:47:07 UTC-6.000] DUPLICATE ALIASES: coop_av_us_suppress and coop_av_us_suppress
[2026-08-22 20:47:07 UTC-6.000] DUPLICATE ALIASES: coop_av_us_suppress and coop_av_us_suppress
[2026-08-22 20:47:07 UTC-6.000] Parse/Load time: 0.344000 seconds.
[2026-08-22 20:47:07 UTC-6.000] -------------PARSING 'ubersound/coop_chatter.scr' DONE (SERVER)---------------

[2026-08-22 20:47:07 UTC-6.000] 

-----------PARSING 'ubersound/coop_deathvox.scr' (SERVER)------------
[2026-08-22 20:47:07 UTC-6.000] Any SetCurrentTiki errors means that tiki wasn't prefetched and tiki-specific sounds for it won't work. To fix prefetch the tiki. Ignore if you don't use that tiki on this level.
[2026-08-22 20:47:07 UTC-6.000] G_Command_ProcessFile: ubersound/coop_deathvox.scr
[2026-08-22 20:47:07 UTC-6.000] Parse/Load time: 0.004000 seconds.
[2026-08-22 20:47:07 UTC-6.000] -------------PARSING 'ubersound/coop_deathvox.scr' DONE (SERVER)---------------

[2026-08-22 20:47:07 UTC-6.000] 

-----------PARSING 'ubersound/coop_explosions.scr' (SERVER)------------
[2026-08-22 20:47:07 UTC-6.000] Any SetCurrentTiki errors means that tiki wasn't prefetched and tiki-specific sounds for it won't work. To fix prefetch the tiki. Ignore if you don't use that tiki on this level.
[2026-08-22 20:47:07 UTC-6.000] G_Command_ProcessFile: ubersound/coop_explosions.scr
[2026-08-22 20:47:07 UTC-6.000] Parse/Load time: 0.001000 seconds.
[2026-08-22 20:47:07 UTC-6.000] -------------PARSING 'ubersound/coop_explosions.scr' DONE (SERVER)---------------

[2026-08-22 20:47:07 UTC-6.000] 

-----------PARSING 'ubersound/coop_flvo.scr' (SERVER)------------
[2026-08-22 20:47:07 UTC-6.000] Any SetCurrentTiki errors means that tiki wasn't prefetched and tiki-specific sounds for it won't work. To fix prefetch the tiki. Ignore if you don't use that tiki on this level.
[2026-08-22 20:47:07 UTC-6.000] G_Command_ProcessFile: ubersound/coop_flvo.scr
[2026-08-22 20:47:07 UTC-6.000] Parse/Load time: 0.002000 seconds.
[2026-08-22 20:47:07 UTC-6.000] -------------PARSING 'ubersound/coop_flvo.scr' DONE (SERVER)---------------

[2026-08-22 20:47:07 UTC-6.000] 

-----------PARSING 'ubersound/coop_gunfoley.scr' (SERVER)------------
[2026-08-22 20:47:07 UTC-6.000] Any SetCurrentTiki errors means that tiki wasn't prefetched and tiki-specific sounds for it won't work. To fix prefetch the tiki. Ignore if you don't use that tiki on this level.
[2026-08-22 20:47:07 UTC-6.000] G_Command_ProcessFile: ubersound/coop_gunfoley.scr
[2026-08-22 20:47:07 UTC-6.000] Parse/Load time: 0.002000 seconds.
[2026-08-22 20:47:07 UTC-6.000] -------------PARSING 'ubersound/coop_gunfoley.scr' DONE (SERVER)---------------

[2026-08-22 20:47:07 UTC-6.000] 

-----------PARSING 'ubersound/coop_gurgle.scr' (SERVER)------------
[2026-08-22 20:47:07 UTC-6.000] Any SetCurrentTiki errors means that tiki wasn't prefetched and tiki-specific sounds for it won't work. To fix prefetch the tiki. Ignore if you don't use that tiki on this level.
[2026-08-22 20:47:07 UTC-6.000] G_Command_ProcessFile: ubersound/coop_gurgle.scr
[2026-08-22 20:47:07 UTC-6.000] Parse/Load time: 0.000000 seconds.
[2026-08-22 20:47:07 UTC-6.000] -------------PARSING 'ubersound/coop_gurgle.scr' DONE (SERVER)---------------

[2026-08-22 20:47:07 UTC-6.000] 

-----------PARSING 'ubersound/coop_headshot.scr' (SERVER)------------
[2026-08-22 20:47:07 UTC-6.000] Any SetCurrentTiki errors means that tiki wasn't prefetched and tiki-specific sounds for it won't work. To fix prefetch the tiki. Ignore if you don't use that tiki on this level.
[2026-08-22 20:47:07 UTC-6.000] G_Command_ProcessFile: ubersound/coop_headshot.scr
[2026-08-22 20:47:07 UTC-6.000] Parse/Load time: 0.000000 seconds.
[2026-08-22 20:47:07 UTC-6.000] -------------PARSING 'ubersound/coop_headshot.scr' DONE (SERVER)---------------

[2026-08-22 20:47:07 UTC-6.000] 

-----------PARSING 'ubersound/coop_morocco_ubersound.scr' (SERVER)------------
[2026-08-22 20:47:07 UTC-6.000] Any SetCurrentTiki errors means that tiki wasn't prefetched and tiki-specific sounds for it won't work. To fix prefetch the tiki. Ignore if you don't use that tiki on this level.
[2026-08-22 20:47:07 UTC-6.000] G_Command_ProcessFile: ubersound/coop_morocco_ubersound.scr
[2026-08-22 20:47:07 UTC-6.000] Parse/Load time: 0.001000 seconds.
[2026-08-22 20:47:07 UTC-6.000] -------------PARSING 'ubersound/coop_morocco_ubersound.scr' DONE (SERVER)---------------

[2026-08-22 20:47:07 UTC-6.000] 

-----------PARSING 'ubersound/coop_pain.scr' (SERVER)------------
[2026-08-22 20:47:07 UTC-6.000] Any SetCurrentTiki errors means that tiki wasn't prefetched and tiki-specific sounds for it won't work. To fix prefetch the tiki. Ignore if you don't use that tiki on this level.
[2026-08-22 20:47:07 UTC-6.000] G_Command_ProcessFile: ubersound/coop_pain.scr
[2026-08-22 20:47:07 UTC-6.000] Parse/Load time: 0.000000 seconds.
[2026-08-22 20:47:07 UTC-6.000] -------------PARSING 'ubersound/coop_pain.scr' DONE (SERVER)---------------

[2026-08-22 20:47:07 UTC-6.000] 

-----------PARSING 'ubersound/coop_paintiers.scr' (SERVER)------------
[2026-08-22 20:47:07 UTC-6.000] Any SetCurrentTiki errors means that tiki wasn't prefetched and tiki-specific sounds for it won't work. To fix prefetch the tiki. Ignore if you don't use that tiki on this level.
[2026-08-22 20:47:07 UTC-6.000] G_Command_ProcessFile: ubersound/coop_paintiers.scr
[2026-08-22 20:47:07 UTC-6.000] Parse/Load time: 0.002000 seconds.
[2026-08-22 20:47:07 UTC-6.000] -------------PARSING 'ubersound/coop_paintiers.scr' DONE (SERVER)---------------

[2026-08-22 20:47:07 UTC-6.000] 

-----------PARSING 'ubersound/coop_taunt.scr' (SERVER)------------
[2026-08-22 20:47:07 UTC-6.000] Any SetCurrentTiki errors means that tiki wasn't prefetched and tiki-specific sounds for it won't work. To fix prefetch the tiki. Ignore if you don't use that tiki on this level.
[2026-08-22 20:47:07 UTC-6.000] G_Command_ProcessFile: ubersound/coop_taunt.scr
[2026-08-22 20:47:07 UTC-6.000] Parse/Load time: 0.001000 seconds.
[2026-08-22 20:47:07 UTC-6.000] -------------PARSING 'ubersound/coop_taunt.scr' DONE (SERVER)---------------

[2026-08-22 20:47:07 UTC-6.000] 

-----------PARSING 'ubersound/coop_wounded.scr' (SERVER)------------
[2026-08-22 20:47:07 UTC-6.000] Any SetCurrentTiki errors means that tiki wasn't prefetched and tiki-specific sounds for it won't work. To fix prefetch the tiki. Ignore if you don't use that tiki on this level.
[2026-08-22 20:47:07 UTC-6.000] G_Command_ProcessFile: ubersound/coop_wounded.scr
[2026-08-22 20:47:07 UTC-6.000] Parse/Load time: 0.001000 seconds.
[2026-08-22 20:47:07 UTC-6.000] -------------PARSING 'ubersound/coop_wounded.scr' DONE (SERVER)---------------

[2026-08-22 20:47:07 UTC-6.000] 

-----------PARSING 'ubersound/uberdialog.scr' (SERVER)------------
[2026-08-22 20:47:07 UTC-6.000] Any SetCurrentTiki errors means that tiki wasn't prefetched and tiki-specific sounds for it won't work. To fix prefetch the tiki. Ignore if you don't use that tiki on this level.
[2026-08-22 20:47:07 UTC-6.000] G_Command_ProcessFile: ubersound/uberdialog.scr
[2026-08-22 20:47:07 UTC-6.000] Unknown parameter for den_m2l2_258b alias
[2026-08-22 20:47:07 UTC-6.000] Unknown parameter for den_m2l2_258b alias
[2026-08-22 20:47:07 UTC-6.000] Unknown parameter for den_m2l2_258b alias
[2026-08-22 20:47:07 UTC-6.000] Unknown parameter for den_m2l2_258b alias
[2026-08-22 20:47:07 UTC-6.000] Unknown parameter for den_m2l2_258b alias
[2026-08-22 20:47:07 UTC-6.000] Unknown parameter for den_m2l2_258b alias
[2026-08-22 20:47:07 UTC-6.000] Unknown parameter for den_m2l2_258b alias
[2026-08-22 20:47:07 UTC-6.000] Unknown parameter for den_m2l2_258b alias
[2026-08-22 20:47:07 UTC-6.000] Unknown parameter for den_m2l2_258b alias
[2026-08-22 20:47:07 UTC-6.000] Unknown parameter for den_m2l2_258b alias
[2026-08-22 20:47:07 UTC-6.000] Unknown parameter for den_m2l2_258b alias
[2026-08-22 20:47:07 UTC-6.000] Unknown parameter for den_m2l2_258b alias
[2026-08-22 20:47:07 UTC-6.000] Unknown parameter for den_m2l2_258b alias
[2026-08-22 20:47:07 UTC-6.000] Unknown parameter for den_m2l2_258b alias
[2026-08-22 20:47:07 UTC-6.000] Unknown parameter for den_m2l2_258b alias
[2026-08-22 20:47:07 UTC-6.000] Unknown parameter for den_m2l2_258b alias
[2026-08-22 20:47:07 UTC-6.000] Unknown parameter for den_m2l2_258b alias
[2026-08-22 20:47:07 UTC-6.000] Unknown parameter for den_m2l2_258b alias
[2026-08-22 20:47:07 UTC-6.000] Unknown parameter for den_m2l2_258b alias
[2026-08-22 20:47:07 UTC-6.000] Unknown parameter for den_m2l2_258b alias
[2026-08-22 20:47:07 UTC-6.000] Unknown parameter for den_m2l2_258b alias
[2026-08-22 20:47:07 UTC-6.000] Unknown parameter for den_m2l2_258b alias
[2026-08-22 20:47:07 UTC-6.000] Unknown parameter for den_m2l2_258b alias
[2026-08-22 20:47:07 UTC-6.000] Unknown parameter for den_m2l2_258b alias
[2026-08-22 20:47:07 UTC-6.000] Unknown parameter for den_m2l2_258b alias
[2026-08-22 20:47:07 UTC-6.000] Unknown parameter for den_m2l2_258b alias
[2026-08-22 20:47:07 UTC-6.000] Unknown parameter for den_m2l2_258b alias
[2026-08-22 20:47:07 UTC-6.000] Unknown parameter for den_m2l2_258b alias
[2026-08-22 20:47:07 UTC-6.000] Unknown parameter for den_m2l2_258b alias
[2026-08-22 20:47:07 UTC-6.000] Unknown parameter for den_m2l2_258b alias
[2026-08-22 20:47:07 UTC-6.000] Unknown parameter for den_m2l2_258b alias
[2026-08-22 20:47:07 UTC-6.000] Unknown parameter for den_m2l2_258b alias
[2026-08-22 20:47:07 UTC-6.000] Unknown parameter for den_m2l2_258b alias
[2026-08-22 20:47:07 UTC-6.000] Unknown parameter for den_m2l2_258b alias
[2026-08-22 20:47:07 UTC-6.000] Unknown parameter for den_m2l2_258b alias
[2026-08-22 20:47:07 UTC-6.000] Unknown parameter for den_m2l2_258b alias
[2026-08-22 20:47:07 UTC-6.000] Unknown parameter for den_m2l2_258b alias
[2026-08-22 20:47:07 UTC-6.000] Unknown parameter for den_m2l2_258b alias
[2026-08-22 20:47:07 UTC-6.000] Unknown parameter for den_m2l2_258b alias
[2026-08-22 20:47:07 UTC-6.000] Unknown parameter for den_m2l2_258b alias
[2026-08-22 20:47:07 UTC-6.000] DUPLICATE ALIASES: player_death01 and player_death01
[2026-08-22 20:47:07 UTC-6.000] DUPLICATE ALIASES: player_death02 and player_death02
[2026-08-22 20:47:07 UTC-6.000] DUPLICATE ALIASES: player_death03 and player_death03
[2026-08-22 20:47:07 UTC-6.000] DUPLICATE ALIASES: player_death04 and player_death04
[2026-08-22 20:47:07 UTC-6.000] DUPLICATE ALIASES: player_death05 and player_death05
[2026-08-22 20:47:07 UTC-6.000] DUPLICATE ALIASES: player_death06 and player_death06
[2026-08-22 20:47:07 UTC-6.000] DUPLICATE ALIASES: player_death07 and player_death07
[2026-08-22 20:47:07 UTC-6.000] DUPLICATE ALIASES: player_death08 and player_death08
[2026-08-22 20:47:07 UTC-6.000] DUPLICATE ALIASES: player_pain01 and player_pain01
[2026-08-22 20:47:07 UTC-6.000] DUPLICATE ALIASES: player_pain02 and player_pain02
[2026-08-22 20:47:07 UTC-6.000] DUPLICATE ALIASES: player_pain03 and player_pain03
[2026-08-22 20:47:07 UTC-6.000] DUPLICATE ALIASES: player_pain04 and player_pain04
[2026-08-22 20:47:07 UTC-6.000] DUPLICATE ALIASES: player_pain05 and player_pain05
[2026-08-22 20:47:07 UTC-6.000] DUPLICATE ALIASES: player_pain06 and player_pain06
[2026-08-22 20:47:07 UTC-6.000] DUPLICATE ALIASES: player_pain07 and player_pain07
[2026-08-22 20:47:07 UTC-6.000] DUPLICATE ALIASES: player_pain08 and player_pain08
[2026-08-22 20:47:07 UTC-6.000] DUPLICATE ALIASES: player_pain09 and player_pain09
[2026-08-22 20:47:07 UTC-6.000] DUPLICATE ALIASES: player_pain10 and player_pain10
[2026-08-22 20:47:07 UTC-6.000] DUPLICATE ALIASES: player_pain11 and player_pain11
[2026-08-22 20:47:07 UTC-6.000] Parse/Load time: 0.106000 seconds.
[2026-08-22 20:47:07 UTC-6.000] -------------PARSING 'ubersound/uberdialog.scr' DONE (SERVER)---------------

[2026-08-22 20:47:07 UTC-6.000] 

-----------PARSING 'ubersound/ubersound.scr' (SERVER)------------
[2026-08-22 20:47:07 UTC-6.000] Any SetCurrentTiki errors means that tiki wasn't prefetched and tiki-specific sounds for it won't work. To fix prefetch the tiki. Ignore if you don't use that tiki on this level.
[2026-08-22 20:47:07 UTC-6.000] G_Command_ProcessFile: ubersound/ubersound.scr
[2026-08-22 20:47:07 UTC-6.000] DUPLICATE ALIASES: dog_bark and dog_bark
[2026-08-22 20:47:07 UTC-6.000] DUPLICATE ALIASES: dog_bark and dog_bark
[2026-08-22 20:47:07 UTC-6.000] DUPLICATE ALIASES: dog_pain and dog_pain
[2026-08-22 20:47:07 UTC-6.000] DUPLICATE ALIASES: dog_pain and dog_pain
[2026-08-22 20:47:07 UTC-6.000] DUPLICATE ALIASES: dog_pain and dog_pain
[2026-08-22 20:47:07 UTC-6.000] DUPLICATE ALIASES: dog_pain and dog_pain
[2026-08-22 20:47:07 UTC-6.000] DUPLICATE ALIASES: dog_death and dog_death
[2026-08-22 20:47:07 UTC-6.000] DUPLICATE ALIASES: dog_death and dog_death
[2026-08-22 20:47:07 UTC-6.000] DUPLICATE ALIASES: dog_death and dog_death
[2026-08-22 20:47:07 UTC-6.000] DUPLICATE ALIASES: dog_death and dog_death
[2026-08-22 20:47:07 UTC-6.000] DUPLICATE ALIASES: dog_bite and dog_bite
[2026-08-22 20:47:07 UTC-6.000] DUPLICATE ALIASES: dog_bite and dog_bite
[2026-08-22 20:47:07 UTC-6.000] DUPLICATE ALIASES: dog_bite and dog_bite
[2026-08-22 20:47:07 UTC-6.000] DUPLICATE ALIASES: dog_collar and dog_collar
[2026-08-22 20:47:07 UTC-6.000] DUPLICATE ALIASES: dog_collar and dog_collar
[2026-08-22 20:47:07 UTC-6.000] DUPLICATE ALIASES: dog_fs and dog_fs
[2026-08-22 20:47:07 UTC-6.000] DUPLICATE ALIASES: dog_fs and dog_fs
[2026-08-22 20:47:07 UTC-6.000] DUPLICATE ALIASES: dog_fs and dog_fs
[2026-08-22 20:47:07 UTC-6.000] DUPLICATE ALIASES: dog_fs and dog_fs
[2026-08-22 20:47:07 UTC-6.000] DUPLICATE ALIASES: dog_fs and dog_fs
[2026-08-22 20:47:07 UTC-6.000] DUPLICATE ALIASES: dog_fs and dog_fs
[2026-08-22 20:47:07 UTC-6.000] DUPLICATE ALIASES: dog_fs and dog_fs
[2026-08-22 20:47:07 UTC-6.000] DUPLICATE ALIASES: dog_growl and dog_growl
[2026-08-22 20:47:07 UTC-6.000] DUPLICATE ALIASES: dog_growl and dog_growl
[2026-08-22 20:47:07 UTC-6.000] DUPLICATE ALIASES: dog_growl and dog_growl
[2026-08-22 20:47:07 UTC-6.000] DUPLICATE ALIASES: dog_growl and dog_growl
[2026-08-22 20:47:07 UTC-6.000] DUPLICATE ALIASES: dog_pant and dog_pant
[2026-08-22 20:47:07 UTC-6.000] DUPLICATE ALIASES: dog_pant and dog_pant
[2026-08-22 20:47:07 UTC-6.000] DUPLICATE ALIASES: dog_pant and dog_pant
[2026-08-22 20:47:07 UTC-6.000] DUPLICATE ALIASES: dog_pant and dog_pant
[2026-08-22 20:47:07 UTC-6.000] DUPLICATE ALIASES: dog_pant and dog_pant
[2026-08-22 20:47:07 UTC-6.000] DUPLICATE ALIASES: dog_pant and dog_pant
[2026-08-22 20:47:07 UTC-6.000] DUPLICATE ALIASES: snd_pickup and snd_pickup
[2026-08-22 20:47:07 UTC-6.000] DUPLICATE ALIASES: snd_bh_wood1 and snd_bh_wood1
[2026-08-22 20:47:07 UTC-6.000] DUPLICATE ALIASES: snd_bh_wood2 and snd_bh_wood2
[2026-08-22 20:47:07 UTC-6.000] DUPLICATE ALIASES: snd_bh_wood3 and snd_bh_wood3
[2026-08-22 20:47:07 UTC-6.000] DUPLICATE ALIASES: snd_bh_flesh1 and snd_bh_flesh1
[2026-08-22 20:47:07 UTC-6.000] DUPLICATE ALIASES: coop_radio_on and coop_radio_on
[2026-08-22 20:47:07 UTC-6.000] DUPLICATE ALIASES: coop_radio_off and coop_radio_off
[2026-08-22 20:47:07 UTC-6.000] DUPLICATE ALIASES: snd_pickup and snd_pickup
[2026-08-22 20:47:07 UTC-6.000] DUPLICATE ALIASES: coop_para_land and coop_para_land
[2026-08-22 20:47:07 UTC-6.000] DUPLICATE ALIASES: coop_para_land and coop_para_land
[2026-08-22 20:47:07 UTC-6.000] DUPLICATE ALIASES: coop_para_land and coop_para_land
[2026-08-22 20:47:07 UTC-6.000] DUPLICATE ALIASES: coop_para_land and coop_para_land
[2026-08-22 20:47:07 UTC-6.000] DUPLICATE ALIASES: coop_para_land and coop_para_land
[2026-08-22 20:47:07 UTC-6.000] DUPLICATE ALIASES: coop_para_combat and coop_para_combat
[2026-08-22 20:47:07 UTC-6.000] DUPLICATE ALIASES: coop_para_combat and coop_para_combat
[2026-08-22 20:47:07 UTC-6.000] DUPLICATE ALIASES: coop_para_combat and coop_para_combat
[2026-08-22 20:47:07 UTC-6.000] DUPLICATE ALIASES: coop_para_combat and coop_para_combat
[2026-08-22 20:47:07 UTC-6.000] DUPLICATE ALIASES: coop_para_combat and coop_para_combat
[2026-08-22 20:47:07 UTC-6.000] DUPLICATE ALIASES: coop_para_combat and coop_para_combat
[2026-08-22 20:47:07 UTC-6.000] DUPLICATE ALIASES: coop_para_combat and coop_para_combat
[2026-08-22 20:47:07 UTC-6.000] DUPLICATE ALIASES: coop_para_combat and coop_para_combat
[2026-08-22 20:47:07 UTC-6.000] DUPLICATE ALIASES: coop_para_help and coop_para_help
[2026-08-22 20:47:07 UTC-6.000] DUPLICATE ALIASES: coop_para_heal and coop_para_heal
[2026-08-22 20:47:07 UTC-6.000] DUPLICATE ALIASES: drink and drink
[2026-08-22 20:47:07 UTC-6.000] DUPLICATE ALIASES: snd_bodyfall_dirt1 and snd_bodyfall_dirt1
[2026-08-22 20:47:07 UTC-6.000] DUPLICATE ALIASES: snd_bodyfall_dirt2 and snd_bodyfall_dirt2
[2026-08-22 20:47:07 UTC-6.000] DUPLICATE ALIASES: snd_bodyfall_dirt4 and snd_bodyfall_dirt4
[2026-08-22 20:47:07 UTC-6.000] DUPLICATE ALIASES: snd_bodyfall_dirt5 and snd_bodyfall_dirt5
[2026-08-22 20:47:07 UTC-6.000] DUPLICATE ALIASES: snd_bh_grill10 and snd_bh_grill10
[2026-08-22 20:47:07 UTC-6.000] DUPLICATE ALIASES: snd_bh_grill11 and snd_bh_grill11
[2026-08-22 20:47:07 UTC-6.000] DUPLICATE ALIASES: snd_bh_puddle1 and snd_bh_puddle1
[2026-08-22 20:47:07 UTC-6.000] DUPLICATE ALIASES: snd_bh_puddle2 and snd_bh_puddle2
[2026-08-22 20:47:07 UTC-6.000] DUPLICATE ALIASES: snd_bh_puddle3 and snd_bh_puddle3
[2026-08-22 20:47:07 UTC-6.000] DUPLICATE ALIASES: snd_bh_puddle4 and snd_bh_puddle4
[2026-08-22 20:47:07 UTC-6.000] DUPLICATE ALIASES: snd_bh_puddle5 and snd_bh_puddle5
[2026-08-22 20:47:07 UTC-6.000] DUPLICATE ALIASES: snd_bh_puddle6 and snd_bh_puddle6
[2026-08-22 20:47:07 UTC-6.000] DUPLICATE ALIASES: snd_bh_puddle7 and snd_bh_puddle7
[2026-08-22 20:47:07 UTC-6.000] DUPLICATE ALIASES: snd_bh_puddle8 and snd_bh_puddle8
[2026-08-22 20:47:07 UTC-6.000] DUPLICATE ALIASES: snd_bh_puddle9 and snd_bh_puddle9
[2026-08-22 20:47:07 UTC-6.000] DUPLICATE ALIASES: snd_bh_paper and snd_bh_paper
[2026-08-22 20:47:07 UTC-6.000] DUPLICATE ALIASES: jeep_snd_idle and jeep_snd_idle
[2026-08-22 20:47:07 UTC-6.000] DUPLICATE ALIASES: jeep_snd_on and jeep_snd_on
[2026-08-22 20:47:07 UTC-6.000] DUPLICATE ALIASES: jeep_snd_start and jeep_snd_start
[2026-08-22 20:47:07 UTC-6.000] DUPLICATE ALIASES: jeep_snd_doorclose and jeep_snd_doorclose
[2026-08-22 20:47:07 UTC-6.000] DUPLICATE ALIASES: explode_gastank1 and explode_gastank1
[2026-08-22 20:47:07 UTC-6.000] DUPLICATE ALIASES: explode_gastank2 and explode_gastank2
[2026-08-22 20:47:07 UTC-6.000] DUPLICATE ALIASES: big_explosion1 and big_explosion1
[2026-08-22 20:47:07 UTC-6.000] DUPLICATE ALIASES: big_explosion2 and big_explosion2
[2026-08-22 20:47:07 UTC-6.000] DUPLICATE ALIASES: big_explosion3 and big_explosion3
[2026-08-22 20:47:07 UTC-6.000] DUPLICATE ALIASES: gas_explode1 and gas_explode1
[2026-08-22 20:47:07 UTC-6.000] DUPLICATE ALIASES: gas_explode2 and gas_explode2
[2026-08-22 20:47:07 UTC-6.000] DUPLICATE ALIASES: snd_crate_wood1 and snd_crate_wood1
[2026-08-22 20:47:07 UTC-6.000] DUPLICATE ALIASES: snd_crate_wood2 and snd_crate_wood2
[2026-08-22 20:47:07 UTC-6.000] DUPLICATE ALIASES: snd_crate_wood3 and snd_crate_wood3
[2026-08-22 20:47:07 UTC-6.000] DUPLICATE ALIASES: snd_crate_woodsm1 and snd_crate_woodsm1
[2026-08-22 20:47:07 UTC-6.000] DUPLICATE ALIASES: snd_crate_woodsm2 and snd_crate_woodsm2
[2026-08-22 20:47:07 UTC-6.000] DUPLICATE ALIASES: snd_crate_woodsm3 and snd_crate_woodsm3
[2026-08-22 20:47:07 UTC-6.000] DUPLICATE ALIASES: colt45_snd_fire and colt45_snd_fire
[2026-08-22 20:47:07 UTC-6.000] DUPLICATE ALIASES: colt45_snd_pickup and colt45_snd_pickup
[2026-08-22 20:47:07 UTC-6.000] DUPLICATE ALIASES: colt45_snd_pickup_ammo and colt45_snd_pickup_ammo
[2026-08-22 20:47:07 UTC-6.000] DUPLICATE ALIASES: colt45_snd_noammo and colt45_snd_noammo
[2026-08-22 20:47:07 UTC-6.000] DUPLICATE ALIASES: colt45_snd_reload and colt45_snd_reload
[2026-08-22 20:47:07 UTC-6.000] DUPLICATE ALIASES: colt_reload_npc and colt_reload_npc
[2026-08-22 20:47:07 UTC-6.000] DUPLICATE ALIASES: snd_pickup and snd_pickup
[2026-08-22 20:47:07 UTC-6.000] DUPLICATE ALIASES: p38_snd_fire1 and p38_snd_fire1
[2026-08-22 20:47:07 UTC-6.000] DUPLICATE ALIASES: p38_snd_pickup and p38_snd_pickup
[2026-08-22 20:47:07 UTC-6.000] DUPLICATE ALIASES: p38_snd_pickup_ammo and p38_snd_pickup_ammo
[2026-08-22 20:47:07 UTC-6.000] DUPLICATE ALIASES: p38_snd_noammo and p38_snd_noammo
[2026-08-22 20:47:07 UTC-6.000] DUPLICATE ALIASES: p38_snd_reload and p38_snd_reload
[2026-08-22 20:47:07 UTC-6.000] DUPLICATE ALIASES: p38_reload_npc and p38_reload_npc
[2026-08-22 20:47:07 UTC-6.000] DUPLICATE ALIASES: silencer_snd_pickup and silencer_snd_pickup
[2026-08-22 20:47:07 UTC-6.000] DUPLICATE ALIASES: silencer_snd_pickup_ammo and silencer_snd_pickup_ammo
[2026-08-22 20:47:07 UTC-6.000] DUPLICATE ALIASES: pistol_whip1 and pistol_whip1
[2026-08-22 20:47:07 UTC-6.000] DUPLICATE ALIASES: pistol_hit1 and pistol_hit1
[2026-08-22 20:47:07 UTC-6.000] DUPLICATE ALIASES: snd_pistol_pullout and snd_pistol_pullout
[2026-08-22 20:47:07 UTC-6.000] DUPLICATE ALIASES: snd_pistol_putaway1 and snd_pistol_putaway1
[2026-08-22 20:47:07 UTC-6.000] DUPLICATE ALIASES: pistol_drop1 and pistol_drop1
[2026-08-22 20:47:07 UTC-6.000] DUPLICATE ALIASES: snd_pistol_shell1 and snd_pistol_shell1
[2026-08-22 20:47:07 UTC-6.000] DUPLICATE ALIASES: snd_pistol_shell3 and snd_pistol_shell3
[2026-08-22 20:47:07 UTC-6.000] DUPLICATE ALIASES: m1_snd_fire1 and m1_snd_fire1
[2026-08-22 20:47:07 UTC-6.000] DUPLICATE ALIASES: m1_snd_fire2 and m1_snd_fire2
[2026-08-22 20:47:07 UTC-6.000] DUPLICATE ALIASES: m1_snd_pickup and m1_snd_pickup
[2026-08-22 20:47:07 UTC-6.000] DUPLICATE ALIASES: m1_snd_pickup_ammo and m1_snd_pickup_ammo
[2026-08-22 20:47:07 UTC-6.000] DUPLICATE ALIASES: m1_snd_noammo and m1_snd_noammo
[2026-08-22 20:47:07 UTC-6.000] DUPLICATE ALIASES: m1_snd_reload and m1_snd_reload
[2026-08-22 20:47:07 UTC-6.000] DUPLICATE ALIASES: snd_ping and snd_ping
[2026-08-22 20:47:07 UTC-6.000] DUPLICATE ALIASES: m1_reload_npc and m1_reload_npc
[2026-08-22 20:47:07 UTC-6.000] DUPLICATE ALIASES: kar98_snd_fire1 and kar98_snd_fire1
[2026-08-22 20:47:07 UTC-6.000] DUPLICATE ALIASES: kar98_snd_pickup and kar98_snd_pickup
[2026-08-22 20:47:07 UTC-6.000] DUPLICATE ALIASES: kar98_snd_pickup_ammo and kar98_snd_pickup_ammo
[2026-08-22 20:47:07 UTC-6.000] DUPLICATE ALIASES: kar98_snd_noammo and kar98_snd_noammo
[2026-08-22 20:47:07 UTC-6.000] DUPLICATE ALIASES: kar98_snd_reload and kar98_snd_reload
[2026-08-22 20:47:07 UTC-6.000] DUPLICATE ALIASES: kar98_snd_bolt and kar98_snd_bolt
[2026-08-22 20:47:07 UTC-6.000] DUPLICATE ALIASES: kar98_reload_npc and kar98_reload_npc
[2026-08-22 20:47:07 UTC-6.000] DUPLICATE ALIASES: kar98_bolt_npc and kar98_bolt_npc
[2026-08-22 20:47:07 UTC-6.000] DUPLICATE ALIASES: kar98sniper_snd_fire1 and kar98sniper_snd_fire1
[2026-08-22 20:47:07 UTC-6.000] DUPLICATE ALIASES: kar98sniper_snd_pickup and kar98sniper_snd_pickup
[2026-08-22 20:47:07 UTC-6.000] DUPLICATE ALIASES: kar98sniper_snd_pickup_ammo and kar98sniper_snd_pickup_ammo
[2026-08-22 20:47:07 UTC-6.000] DUPLICATE ALIASES: kar98sniper_snd_noammo and kar98sniper_snd_noammo
[2026-08-22 20:47:07 UTC-6.000] DUPLICATE ALIASES: kar98sniper_snd_reload_start and kar98sniper_snd_reload_start
[2026-08-22 20:47:07 UTC-6.000] DUPLICATE ALIASES: kar98sniper_snd_reload_single2 and kar98sniper_snd_reload_single2
[2026-08-22 20:47:07 UTC-6.000] DUPLICATE ALIASES: kar98sniper_snd_reload_end and kar98sniper_snd_reload_end
[2026-08-22 20:47:07 UTC-6.000] DUPLICATE ALIASES: kar98sniper_snd_bolt and kar98sniper_snd_bolt
[2026-08-22 20:47:07 UTC-6.000] DUPLICATE ALIASES: kar98sniper_reload_npc and kar98sniper_reload_npc
[2026-08-22 20:47:07 UTC-6.000] DUPLICATE ALIASES: kar98sniper_bolt_npc and kar98sniper_bolt_npc
[2026-08-22 20:47:07 UTC-6.000] DUPLICATE ALIASES: springfield_snd_pickup and springfield_snd_pickup
[2026-08-22 20:47:07 UTC-6.000] DUPLICATE ALIASES: springfield_snd_pickup_ammo and springfield_snd_pickup_ammo
[2026-08-22 20:47:07 UTC-6.000] DUPLICATE ALIASES: rifle_whip1 and rifle_whip1
[2026-08-22 20:47:07 UTC-6.000] DUPLICATE ALIASES: rifle_hit1 and rifle_hit1
[2026-08-22 20:47:07 UTC-6.000] DUPLICATE ALIASES: snd_rifle_pullout1 and snd_rifle_pullout1
[2026-08-22 20:47:07 UTC-6.000] DUPLICATE ALIASES: snd_rifle_putaway1 and snd_rifle_putaway1
[2026-08-22 20:47:07 UTC-6.000] DUPLICATE ALIASES: rifle_drop1 and rifle_drop1
[2026-08-22 20:47:07 UTC-6.000] DUPLICATE ALIASES: thompson_snd_fire and thompson_snd_fire
[2026-08-22 20:47:07 UTC-6.000] DUPLICATE ALIASES: thompson_snd_pickup and thompson_snd_pickup
[2026-08-22 20:47:07 UTC-6.000] DUPLICATE ALIASES: thompson_snd_pickup_ammo and thompson_snd_pickup_ammo
[2026-08-22 20:47:07 UTC-6.000] DUPLICATE ALIASES: thompson_snd_noammo and thompson_snd_noammo
[2026-08-22 20:47:07 UTC-6.000] DUPLICATE ALIASES: thompson_snd_reload and thompson_snd_reload
[2026-08-22 20:47:07 UTC-6.000] DUPLICATE ALIASES: thompson_reload_npc and thompson_reload_npc
[2026-08-22 20:47:07 UTC-6.000] DUPLICATE ALIASES: mp40_snd_fire1 and mp40_snd_fire1
[2026-08-22 20:47:07 UTC-6.000] DUPLICATE ALIASES: mp40_snd_fire2 and mp40_snd_fire2
[2026-08-22 20:47:07 UTC-6.000] DUPLICATE ALIASES: mp40_snd_pickup and mp40_snd_pickup
[2026-08-22 20:47:07 UTC-6.000] DUPLICATE ALIASES: mp40_snd_pickup_ammo and mp40_snd_pickup_ammo
[2026-08-22 20:47:07 UTC-6.000] DUPLICATE ALIASES: mp40_snd_noammo and mp40_snd_noammo
[2026-08-22 20:47:07 UTC-6.000] DUPLICATE ALIASES: mp40_snd_reload and mp40_snd_reload
[2026-08-22 20:47:07 UTC-6.000] DUPLICATE ALIASES: smg_drop1 and smg_drop1
[2026-08-22 20:47:07 UTC-6.000] DUPLICATE ALIASES: mp44_snd_fire1 and mp44_snd_fire1
[2026-08-22 20:47:07 UTC-6.000] DUPLICATE ALIASES: mp44_snd_pickup and mp44_snd_pickup
[2026-08-22 20:47:07 UTC-6.000] DUPLICATE ALIASES: mp44_snd_pickup_ammo and mp44_snd_pickup_ammo
[2026-08-22 20:47:07 UTC-6.000] DUPLICATE ALIASES: mp44_snd_putaway1 and mp44_snd_putaway1
[2026-08-22 20:47:07 UTC-6.000] DUPLICATE ALIASES: mp44_snd_putaway2 and mp44_snd_putaway2
[2026-08-22 20:47:07 UTC-6.000] DUPLICATE ALIASES: mg_drop1 and mg_drop1
[2026-08-22 20:47:07 UTC-6.000] DUPLICATE ALIASES: m2frag_snd_grenade_pull and m2frag_snd_grenade_pull
[2026-08-22 20:47:07 UTC-6.000] DUPLICATE ALIASES: m2frag_snd_grenade_throw and m2frag_snd_grenade_throw
[2026-08-22 20:47:07 UTC-6.000] DUPLICATE ALIASES: m2frag_snd_pickup and m2frag_snd_pickup
[2026-08-22 20:47:07 UTC-6.000] DUPLICATE ALIASES: m2frag_snd_pickup_ammo and m2frag_snd_pickup_ammo
[2026-08-22 20:47:07 UTC-6.000] DUPLICATE ALIASES: m2frag_snd_reload and m2frag_snd_reload
[2026-08-22 20:47:07 UTC-6.000] DUPLICATE ALIASES: m2frag_snd_noammo and m2frag_snd_noammo
[2026-08-22 20:47:07 UTC-6.000] DUPLICATE ALIASES: steilhandgranate_snd_grenade_throw and steilhandgranate_snd_grenade_throw
[2026-08-22 20:47:07 UTC-6.000] DUPLICATE ALIASES: steilhandgranate_snd_pickup_ammo and steilhandgranate_snd_pickup_ammo
[2026-08-22 20:47:07 UTC-6.000] DUPLICATE ALIASES: steilhandgranate_snd_reload and steilhandgranate_snd_reload
[2026-08-22 20:47:07 UTC-6.000] DUPLICATE ALIASES: grenade_pull_npc and grenade_pull_npc
[2026-08-22 20:47:07 UTC-6.000] DUPLICATE ALIASES: grenade_throw_npc and grenade_throw_npc
[2026-08-22 20:47:07 UTC-6.000] DUPLICATE ALIASES: grenade_bounce_metal1 and grenade_bounce_metal1
[2026-08-22 20:47:07 UTC-6.000] DUPLICATE ALIASES: grenade_bounce_hard1 and grenade_bounce_hard1
[2026-08-22 20:47:07 UTC-6.000] DUPLICATE ALIASES: grenade_bounce_soft1 and grenade_bounce_soft1
[2026-08-22 20:47:07 UTC-6.000] DUPLICATE ALIASES: grenade_bounce_water1 and grenade_bounce_water1
[2026-08-22 20:47:07 UTC-6.000] DUPLICATE ALIASES: snd_grenade_putaway1 and snd_grenade_putaway1
[2026-08-22 20:47:07 UTC-6.000] DUPLICATE ALIASES: snd_grenade_pullout and snd_grenade_pullout
[2026-08-22 20:47:07 UTC-6.000] DUPLICATE ALIASES: grenade_drop1 and grenade_drop1
[2026-08-22 20:47:07 UTC-6.000] DUPLICATE ALIASES: snd_bazooka_pullout and snd_bazooka_pullout
[2026-08-22 20:47:07 UTC-6.000] DUPLICATE ALIASES: snd_bazooka_putaway1 and snd_bazooka_putaway1
[2026-08-22 20:47:07 UTC-6.000] DUPLICATE ALIASES: snd_bazooka_putaway2 and snd_bazooka_putaway2
[2026-08-22 20:47:07 UTC-6.000] DUPLICATE ALIASES: panzerschreck_snd_fire and panzerschreck_snd_fire
[2026-08-22 20:47:07 UTC-6.000] DUPLICATE ALIASES: panzerschreck_snd_pickup and panzerschreck_snd_pickup
[2026-08-22 20:47:07 UTC-6.000] DUPLICATE ALIASES: panzerschreck_snd_pickup_ammo and panzerschreck_snd_pickup_ammo
[2026-08-22 20:47:07 UTC-6.000] DUPLICATE ALIASES: panzerschreck_snd_noammo and panzerschreck_snd_noammo
[2026-08-22 20:47:07 UTC-6.000] DUPLICATE ALIASES: panzerschreck_snd_reload and panzerschreck_snd_reload
[2026-08-22 20:47:07 UTC-6.000] DUPLICATE ALIASES: panzerschreck_reload_npc and panzerschreck_reload_npc
[2026-08-22 20:47:07 UTC-6.000] DUPLICATE ALIASES: snd_shotgun_shell1 and snd_shotgun_shell1
[2026-08-22 20:47:07 UTC-6.000] DUPLICATE ALIASES: snd_mg_pullout1 and snd_mg_pullout1
[2026-08-22 20:47:07 UTC-6.000] DUPLICATE ALIASES: snd_mg_putaway2 and snd_mg_putaway2
[2026-08-22 20:47:07 UTC-6.000] DUPLICATE ALIASES: tank_snd_move and tank_snd_move
[2026-08-22 20:47:07 UTC-6.000] DUPLICATE ALIASES: player_death and player_death
[2026-08-22 20:47:07 UTC-6.000] DUPLICATE ALIASES: player_pain and player_pain
[2026-08-22 20:47:07 UTC-6.000] DUPLICATE ALIASES: radiobomb and radiobomb
[2026-08-22 20:47:07 UTC-6.000] DUPLICATE ALIASES: explo_close and explo_close
[2026-08-22 20:47:07 UTC-6.000] DUPLICATE ALIASES: explo_close and explo_close
[2026-08-22 20:47:07 UTC-6.000] DUPLICATE ALIASES: explo_medium and explo_medium
[2026-08-22 20:47:07 UTC-6.000] DUPLICATE ALIASES: explo_medium and explo_medium
[2026-08-22 20:47:07 UTC-6.000] DUPLICATE ALIASES: coop_radio_blast and coop_radio_blast
[2026-08-22 20:47:07 UTC-6.000] DUPLICATE ALIASES: explo_large and explo_large
[2026-08-22 20:47:07 UTC-6.000] DUPLICATE ALIASES: explo_large and explo_large
[2026-08-22 20:47:07 UTC-6.000] DUPLICATE ALIASES: coop_radio_airstrike and coop_radio_airstrike
[2026-08-22 20:47:07 UTC-6.000] DUPLICATE ALIASES: coop_radio_airstrike and coop_radio_airstrike
[2026-08-22 20:47:07 UTC-6.000] DUPLICATE ALIASES: coop_radio_airstrike and coop_radio_airstrike
[2026-08-22 20:47:07 UTC-6.000] DUPLICATE ALIASES: coop_radio_paradrop and coop_radio_paradrop
[2026-08-22 20:47:07 UTC-6.000] DUPLICATE ALIASES: coop_radio_paradrop and coop_radio_paradrop
[2026-08-22 20:47:07 UTC-6.000] DUPLICATE ALIASES: coop_radio_paradrop and coop_radio_paradrop
[2026-08-22 20:47:07 UTC-6.000] DUPLICATE ALIASES: coop_radio_airstrike and coop_radio_airstrike
[2026-08-22 20:47:07 UTC-6.000] DUPLICATE ALIASES: coop_radio_airstrike and coop_radio_airstrike
[2026-08-22 20:47:07 UTC-6.000] DUPLICATE ALIASES: coop_radio_airstrike and coop_radio_airstrike
[2026-08-22 20:47:07 UTC-6.000] DUPLICATE ALIASES: coop_radio_airstrike and coop_radio_airstrike
[2026-08-22 20:47:07 UTC-6.000] DUPLICATE ALIASES: coop_radio_airstrike and coop_radio_airstrike
[2026-08-22 20:47:07 UTC-6.000] DUPLICATE ALIASES: coop_radio_airstrike and coop_radio_airstrike
[2026-08-22 20:47:07 UTC-6.000] DUPLICATE ALIASES: coop_radio_airstrike and coop_radio_airstrike
[2026-08-22 20:47:07 UTC-6.000] DUPLICATE ALIASES: coop_radio_airstrike and coop_radio_airstrike
[2026-08-22 20:47:07 UTC-6.000] DUPLICATE ALIASES: coop_radio_airstrike and coop_radio_airstrike
[2026-08-22 20:47:07 UTC-6.000] DUPLICATE ALIASES: coop_radio_airstrike and coop_radio_airstrike
[2026-08-22 20:47:07 UTC-6.000] DUPLICATE ALIASES: coop_radio_airstrike and coop_radio_airstrike
[2026-08-22 20:47:07 UTC-6.000] DUPLICATE ALIASES: coop_radio_paradrop and coop_radio_paradrop
[2026-08-22 20:47:07 UTC-6.000] DUPLICATE ALIASES: coop_radio_paradrop and coop_radio_paradrop
[2026-08-22 20:47:07 UTC-6.000] DUPLICATE ALIASES: coop_radio_paradrop and coop_radio_paradrop
[2026-08-22 20:47:07 UTC-6.000] DUPLICATE ALIASES: coop_radio_paradrop and coop_radio_paradrop
[2026-08-22 20:47:07 UTC-6.000] DUPLICATE ALIASES: coop_radio_paradrop and coop_radio_paradrop
[2026-08-22 20:47:07 UTC-6.000] DUPLICATE ALIASES: coop_radio_paradrop and coop_radio_paradrop
[2026-08-22 20:47:07 UTC-6.000] DUPLICATE ALIASES: coop_radio_paradrop and coop_radio_paradrop
[2026-08-22 20:47:07 UTC-6.000] DUPLICATE ALIASES: coop_radio_paradrop and coop_radio_paradrop
[2026-08-22 20:47:07 UTC-6.000] DUPLICATE ALIASES: coop_radio_paradrop and coop_radio_paradrop
[2026-08-22 20:47:07 UTC-6.000] DUPLICATE ALIASES: coop_radio_paradrop and coop_radio_paradrop
[2026-08-22 20:47:07 UTC-6.000] DUPLICATE ALIASES: coop_radio_paradrop and coop_radio_paradrop
[2026-08-22 20:47:07 UTC-6.000] DUPLICATE ALIASES: coop_radio_standby and coop_radio_standby
[2026-08-22 20:47:07 UTC-6.000] DUPLICATE ALIASES: coop_radio_standby and coop_radio_standby
[2026-08-22 20:47:07 UTC-6.000] DUPLICATE ALIASES: coop_radio_airstrike_resp and coop_radio_airstrike_resp
[2026-08-22 20:47:07 UTC-6.000] DUPLICATE ALIASES: coop_radio_airstrike_resp and coop_radio_airstrike_resp
[2026-08-22 20:47:07 UTC-6.000] DUPLICATE ALIASES: coop_german_bark and coop_german_bark
[2026-08-22 20:47:07 UTC-6.000] DUPLICATE ALIASES: coop_german_bark and coop_german_bark
[2026-08-22 20:47:07 UTC-6.000] DUPLICATE ALIASES: coop_german_bark and coop_german_bark
[2026-08-22 20:47:07 UTC-6.000] DUPLICATE ALIASES: coop_german_bark and coop_german_bark
[2026-08-22 20:47:07 UTC-6.000] DUPLICATE ALIASES: coop_german_bark and coop_german_bark
[2026-08-22 20:47:07 UTC-6.000] DUPLICATE ALIASES: coop_german_bark and coop_german_bark
[2026-08-22 20:47:07 UTC-6.000] DUPLICATE ALIASES: snd_pickup and snd_pickup
[2026-08-22 20:47:07 UTC-6.000] DUPLICATE ALIASES: snd_step_grass and snd_step_grass
[2026-08-22 20:47:07 UTC-6.000] DUPLICATE ALIASES: snd_step_grass and snd_step_grass
[2026-08-22 20:47:07 UTC-6.000] DUPLICATE ALIASES: snd_step_grass and snd_step_grass
[2026-08-22 20:47:07 UTC-6.000] DUPLICATE ALIASES: snd_step_stone and snd_step_stone
[2026-08-22 20:47:07 UTC-6.000] DUPLICATE ALIASES: snd_step_stone and snd_step_stone
[2026-08-22 20:47:07 UTC-6.000] DUPLICATE ALIASES: snd_step_stone and snd_step_stone
[2026-08-22 20:47:07 UTC-6.000] DUPLICATE ALIASES: snd_step_stone and snd_step_stone
[2026-08-22 20:47:07 UTC-6.000] DUPLICATE ALIASES: snd_step_stone and snd_step_stone
[2026-08-22 20:47:07 UTC-6.000] DUPLICATE ALIASES: snd_step_wood and snd_step_wood
[2026-08-22 20:47:07 UTC-6.000] DUPLICATE ALIASES: snd_step_wood and snd_step_wood
[2026-08-22 20:47:07 UTC-6.000] DUPLICATE ALIASES: snd_step_wood and snd_step_wood
[2026-08-22 20:47:07 UTC-6.000] DUPLICATE ALIASES: snd_step_wood and snd_step_wood
[2026-08-22 20:47:07 UTC-6.000] DUPLICATE ALIASES: snd_step_snow and snd_step_snow
[2026-08-22 20:47:07 UTC-6.000] DUPLICATE ALIASES: snd_step_snow and snd_step_snow
[2026-08-22 20:47:07 UTC-6.000] DUPLICATE ALIASES: snd_step_snow and snd_step_snow
[2026-08-22 20:47:07 UTC-6.000] DUPLICATE ALIASES: snd_step_snow and snd_step_snow
[2026-08-22 20:47:07 UTC-6.000] DUPLICATE ALIASES: snd_step_dirt and snd_step_dirt
[2026-08-22 20:47:07 UTC-6.000] DUPLICATE ALIASES: snd_step_dirt and snd_step_dirt
[2026-08-22 20:47:07 UTC-6.000] DUPLICATE ALIASES: snd_step_dirt and snd_step_dirt
[2026-08-22 20:47:07 UTC-6.000] DUPLICATE ALIASES: snd_step_equipment and snd_step_equipment
[2026-08-22 20:47:07 UTC-6.000] DUPLICATE ALIASES: snd_step_equipment and snd_step_equipment
[2026-08-22 20:47:07 UTC-6.000] DUPLICATE ALIASES: snd_step_equipment and snd_step_equipment
[2026-08-22 20:47:07 UTC-6.000] DUPLICATE ALIASES: snd_step_equipment and snd_step_equipment
[2026-08-22 20:47:07 UTC-6.000] DUPLICATE ALIASES: snd_step_metal and snd_step_metal
[2026-08-22 20:47:07 UTC-6.000] DUPLICATE ALIASES: snd_step_metal and snd_step_metal
[2026-08-22 20:47:07 UTC-6.000] DUPLICATE ALIASES: snd_step_metal and snd_step_metal
[2026-08-22 20:47:07 UTC-6.000] DUPLICATE ALIASES: snd_bh_stone and snd_bh_stone
[2026-08-22 20:47:07 UTC-6.000] DUPLICATE ALIASES: snd_bh_stone and snd_bh_stone
[2026-08-22 20:47:07 UTC-6.000] DUPLICATE ALIASES: snd_bh_stone and snd_bh_stone
[2026-08-22 20:47:07 UTC-6.000] DUPLICATE ALIASES: snd_bh_stone and snd_bh_stone
[2026-08-22 20:47:07 UTC-6.000] DUPLICATE ALIASES: snd_bh_stone and snd_bh_stone
[2026-08-22 20:47:07 UTC-6.000] DUPLICATE ALIASES: snd_bh_flesh and snd_bh_flesh
[2026-08-22 20:47:07 UTC-6.000] DUPLICATE ALIASES: snd_bh_flesh and snd_bh_flesh
[2026-08-22 20:47:07 UTC-6.000] DUPLICATE ALIASES: snd_bh_flesh and snd_bh_flesh
[2026-08-22 20:47:07 UTC-6.000] DUPLICATE ALIASES: snd_bh_flesh and snd_bh_flesh
[2026-08-22 20:47:07 UTC-6.000] DUPLICATE ALIASES: snd_bh_flesh and snd_bh_flesh
[2026-08-22 20:47:07 UTC-6.000] DUPLICATE ALIASES: snd_bh_wood and snd_bh_wood
[2026-08-22 20:47:07 UTC-6.000] DUPLICATE ALIASES: snd_bh_wood and snd_bh_wood
[2026-08-22 20:47:07 UTC-6.000] DUPLICATE ALIASES: snd_bh_wood and snd_bh_wood
[2026-08-22 20:47:07 UTC-6.000] DUPLICATE ALIASES: snd_bh_wood and snd_bh_wood
[2026-08-22 20:47:07 UTC-6.000] DUPLICATE ALIASES: snd_bh_foliage and snd_bh_foliage
[2026-08-22 20:47:07 UTC-6.000] DUPLICATE ALIASES: snd_bh_foliage and snd_bh_foliage
[2026-08-22 20:47:07 UTC-6.000] DUPLICATE ALIASES: snd_bh_foliage and snd_bh_foliage
[2026-08-22 20:47:07 UTC-6.000] DUPLICATE ALIASES: snd_bh_foliage and snd_bh_foliage
[2026-08-22 20:47:07 UTC-6.000] DUPLICATE ALIASES: snd_bh_puddle and snd_bh_puddle
[2026-08-22 20:47:07 UTC-6.000] DUPLICATE ALIASES: snd_bh_puddle and snd_bh_puddle
[2026-08-22 20:47:07 UTC-6.000] DUPLICATE ALIASES: snd_bh_snow and snd_bh_snow
[2026-08-22 20:47:07 UTC-6.000] DUPLICATE ALIASES: snd_bh_snow and snd_bh_snow
[2026-08-22 20:47:07 UTC-6.000] DUPLICATE ALIASES: snd_bh_metal and snd_bh_metal
[2026-08-22 20:47:07 UTC-6.000] DUPLICATE ALIASES: snd_bh_metal and snd_bh_metal
[2026-08-22 20:47:07 UTC-6.000] DUPLICATE ALIASES: snd_bh_metal and snd_bh_metal
[2026-08-22 20:47:07 UTC-6.000] DUPLICATE ALIASES: snd_bh_glass and snd_bh_glass
[2026-08-22 20:47:07 UTC-6.000] DUPLICATE ALIASES: snd_bh_glass and snd_bh_glass
[2026-08-22 20:47:07 UTC-6.000] DUPLICATE ALIASES: snd_bh_glass and snd_bh_glass
[2026-08-22 20:47:07 UTC-6.000] DUPLICATE ALIASES: snd_bh_dirt and snd_bh_dirt
[2026-08-22 20:47:07 UTC-6.000] DUPLICATE ALIASES: snd_bh_dirt and snd_bh_dirt
[2026-08-22 20:47:07 UTC-6.000] DUPLICATE ALIASES: snd_bh_dirt and snd_bh_dirt
[2026-08-22 20:47:07 UTC-6.000] DUPLICATE ALIASES: snd_b_zing and snd_b_zing
[2026-08-22 20:47:07 UTC-6.000] DUPLICATE ALIASES: snd_b_zing and snd_b_zing
[2026-08-22 20:47:07 UTC-6.000] DUPLICATE ALIASES: snd_b_zing and snd_b_zing
[2026-08-22 20:47:07 UTC-6.000] DUPLICATE ALIASES: snd_b_zing and snd_b_zing
[2026-08-22 20:47:07 UTC-6.000] DUPLICATE ALIASES: snd_b_zing and snd_b_zing
[2026-08-22 20:47:07 UTC-6.000] DUPLICATE ALIASES: snd_b_zing and snd_b_zing
[2026-08-22 20:47:07 UTC-6.000] DUPLICATE ALIASES: snd_b_zing and snd_b_zing
[2026-08-22 20:47:07 UTC-6.000] DUPLICATE ALIASES: snd_bodyfall_grass and snd_bodyfall_grass
[2026-08-22 20:47:07 UTC-6.000] DUPLICATE ALIASES: snd_bodyfall_grass and snd_bodyfall_grass
[2026-08-22 20:47:07 UTC-6.000] DUPLICATE ALIASES: snd_bodyfall_grass and snd_bodyfall_grass
[2026-08-22 20:47:07 UTC-6.000] DUPLICATE ALIASES: snd_bodyfall_grass and snd_bodyfall_grass
[2026-08-22 20:47:07 UTC-6.000] DUPLICATE ALIASES: snd_bodyfall_grass and snd_bodyfall_grass
[2026-08-22 20:47:07 UTC-6.000] DUPLICATE ALIASES: snd_bodyfall_stone and snd_bodyfall_stone
[2026-08-22 20:47:07 UTC-6.000] DUPLICATE ALIASES: snd_bodyfall_stone and snd_bodyfall_stone
[2026-08-22 20:47:07 UTC-6.000] DUPLICATE ALIASES: snd_bodyfall_stone and snd_bodyfall_stone
[2026-08-22 20:47:07 UTC-6.000] DUPLICATE ALIASES: snd_bodyfall_wood and snd_bodyfall_wood
[2026-08-22 20:47:07 UTC-6.000] DUPLICATE ALIASES: snd_bodyfall_wood and snd_bodyfall_wood
[2026-08-22 20:47:07 UTC-6.000] DUPLICATE ALIASES: snd_bodyfall_snow and snd_bodyfall_snow
[2026-08-22 20:47:07 UTC-6.000] DUPLICATE ALIASES: snd_bodyfall_snow and snd_bodyfall_snow
[2026-08-22 20:47:07 UTC-6.000] DUPLICATE ALIASES: snd_rifle_shell and snd_rifle_shell
[2026-08-22 20:47:07 UTC-6.000] DUPLICATE ALIASES: door_wood_open_move and door_wood_open_move
[2026-08-22 20:47:07 UTC-6.000] DUPLICATE ALIASES: door_wood_open_move and door_wood_open_move
[2026-08-22 20:47:07 UTC-6.000] DUPLICATE ALIASES: door_wood_close_move and door_wood_close_move
[2026-08-22 20:47:07 UTC-6.000] DUPLICATE ALIASES: door_wood_close_stop and door_wood_close_stop
[2026-08-22 20:47:07 UTC-6.000] DUPLICATE ALIASES: stonecrash02 and stonecrash02
[2026-08-22 20:47:07 UTC-6.000] DUPLICATE ALIASES: stonesmall01 and stonesmall01
[2026-08-22 20:47:07 UTC-6.000] DUPLICATE ALIASES: stonesmall02 and stonesmall02
[2026-08-22 20:47:07 UTC-6.000] DUPLICATE ALIASES: stonesmall03 and stonesmall03
[2026-08-22 20:47:07 UTC-6.000] DUPLICATE ALIASES: stonesmall04 and stonesmall04
[2026-08-22 20:47:07 UTC-6.000] DUPLICATE ALIASES: stonesmall05 and stonesmall05
[2026-08-22 20:47:07 UTC-6.000] DUPLICATE ALIASES: pickup_explosives and pickup_explosives
[2026-08-22 20:47:07 UTC-6.000] DUPLICATE ALIASES: item_drop and item_drop
[2026-08-22 20:47:07 UTC-6.000] DUPLICATE ALIASES: grenade_explode and grenade_explode
[2026-08-22 20:47:07 UTC-6.000] DUPLICATE ALIASES: grenade_explode and grenade_explode
[2026-08-22 20:47:07 UTC-6.000] DUPLICATE ALIASES: grenade_explode and grenade_explode
[2026-08-22 20:47:07 UTC-6.000] DUPLICATE ALIASES: bazooka_exp and bazooka_exp
[2026-08-22 20:47:07 UTC-6.000] DUPLICATE ALIASES: bazooka_exp and bazooka_exp
[2026-08-22 20:47:07 UTC-6.000] DUPLICATE ALIASES: explode_truck and explode_truck
[2026-08-22 20:47:07 UTC-6.000] DUPLICATE ALIASES: explode_truck and explode_truck
[2026-08-22 20:47:07 UTC-6.000] DUPLICATE ALIASES: flak_snd_move_start and flak_snd_move_start
[2026-08-22 20:47:07 UTC-6.000] DUPLICATE ALIASES: flak_snd_move and flak_snd_move
[2026-08-22 20:47:07 UTC-6.000] DUPLICATE ALIASES: aagun_snd_move_start and aagun_snd_move_start
[2026-08-22 20:47:07 UTC-6.000] DUPLICATE ALIASES: aagun_snd_move_stop and aagun_snd_move_stop
[2026-08-22 20:47:07 UTC-6.000] DUPLICATE ALIASES: tank_snd_move_start and tank_snd_move_start
[2026-08-22 20:47:07 UTC-6.000] DUPLICATE ALIASES: tank_snd_move_stop and tank_snd_move_stop
[2026-08-22 20:47:07 UTC-6.000] DUPLICATE ALIASES: row_boat_slow and row_boat_slow
[2026-08-22 20:47:07 UTC-6.000] DUPLICATE ALIASES: row_boat_slow and row_boat_slow
[2026-08-22 20:47:07 UTC-6.000] DUPLICATE ALIASES: row_boat_slow and row_boat_slow
[2026-08-22 20:47:07 UTC-6.000] DUPLICATE ALIASES: row_boat_fast and row_boat_fast
[2026-08-22 20:47:07 UTC-6.000] DUPLICATE ALIASES: explode_mine and explode_mine
[2026-08-22 20:47:07 UTC-6.000] DUPLICATE ALIASES: explode_mine and explode_mine
[2026-08-22 20:47:07 UTC-6.000] DUPLICATE ALIASES: explode_flak88 and explode_flak88
[2026-08-22 20:47:07 UTC-6.000] DUPLICATE ALIASES: explode_flak88 and explode_flak88
[2026-08-22 20:47:07 UTC-6.000] DUPLICATE ALIASES: den_attack_001c and den_attack_001c
[2026-08-22 20:47:07 UTC-6.000] DUPLICATE ALIASES: den_attack_001c and den_attack_001c
[2026-08-22 20:47:07 UTC-6.000] DUPLICATE ALIASES: den_attack_001c and den_attack_001c
[2026-08-22 20:47:07 UTC-6.000] DUPLICATE ALIASES: den_attack_001c and den_attack_001c
[2026-08-22 20:47:07 UTC-6.000] DUPLICATE ALIASES: den_attack_001c and den_attack_001c
[2026-08-22 20:47:07 UTC-6.000] DUPLICATE ALIASES: den_attack_001c and den_attack_001c
[2026-08-22 20:47:07 UTC-6.000] DUPLICATE ALIASES: den_attack_001c and den_attack_001c
[2026-08-22 20:47:07 UTC-6.000] DUPLICATE ALIASES: den_attack_001c and den_attack_001c
[2026-08-22 20:47:07 UTC-6.000] DUPLICATE ALIASES: den_attack_001c and den_attack_001c
[2026-08-22 20:47:07 UTC-6.000] DUPLICATE ALIASES: den_attack_001c and den_attack_001c
[2026-08-22 20:47:07 UTC-6.000] DUPLICATE ALIASES: den_attack_001c and den_attack_001c
[2026-08-22 20:47:07 UTC-6.000] DUPLICATE ALIASES: den_attack_001c and den_attack_001c
[2026-08-22 20:47:07 UTC-6.000] DUPLICATE ALIASES: den_attack_001c and den_attack_001c
[2026-08-22 20:47:07 UTC-6.000] DUPLICATE ALIASES: den_attack_001c and den_attack_001c
[2026-08-22 20:47:07 UTC-6.000] DUPLICATE ALIASES: den_attack_001c and den_attack_001c
[2026-08-22 20:47:07 UTC-6.000] DUPLICATE ALIASES: den_attack_002c and den_attack_002c
[2026-08-22 20:47:07 UTC-6.000] DUPLICATE ALIASES: den_attack_002c and den_attack_002c
[2026-08-22 20:47:07 UTC-6.000] DUPLICATE ALIASES: den_attack_002c and den_attack_002c
[2026-08-22 20:47:07 UTC-6.000] DUPLICATE ALIASES: den_attack_002c and den_attack_002c
[2026-08-22 20:47:07 UTC-6.000] DUPLICATE ALIASES: den_attack_002c and den_attack_002c
[2026-08-22 20:47:07 UTC-6.000] DUPLICATE ALIASES: den_attack_002c and den_attack_002c
[2026-08-22 20:47:07 UTC-6.000] DUPLICATE ALIASES: den_attack_002c and den_attack_002c
[2026-08-22 20:47:07 UTC-6.000] DUPLICATE ALIASES: den_attack_002c and den_attack_002c
[2026-08-22 20:47:07 UTC-6.000] DUPLICATE ALIASES: den_attack_002c and den_attack_002c
[2026-08-22 20:47:07 UTC-6.000] DUPLICATE ALIASES: den_attack_002c and den_attack_002c
[2026-08-22 20:47:07 UTC-6.000] DUPLICATE ALIASES: den_attack_002c and den_attack_002c
[2026-08-22 20:47:07 UTC-6.000] DUPLICATE ALIASES: den_attack_002c and den_attack_002c
[2026-08-22 20:47:07 UTC-6.000] DUPLICATE ALIASES: den_attack_002c and den_attack_002c
[2026-08-22 20:47:07 UTC-6.000] DUPLICATE ALIASES: den_attack_002c and den_attack_002c
[2026-08-22 20:47:07 UTC-6.000] DUPLICATE ALIASES: den_attack_002c and den_attack_002c
[2026-08-22 20:47:07 UTC-6.000] DUPLICATE ALIASES: den_attack_003d and den_attack_003d
[2026-08-22 20:47:07 UTC-6.000] DUPLICATE ALIASES: den_attack_003d and den_attack_003d
[2026-08-22 20:47:07 UTC-6.000] DUPLICATE ALIASES: den_attack_003d and den_attack_003d
[2026-08-22 20:47:07 UTC-6.000] DUPLICATE ALIASES: den_attack_003d and den_attack_003d
[2026-08-22 20:47:07 UTC-6.000] DUPLICATE ALIASES: den_attack_003d and den_attack_003d
[2026-08-22 20:47:07 UTC-6.000] DUPLICATE ALIASES: den_attack_003d and den_attack_003d
[2026-08-22 20:47:07 UTC-6.000] DUPLICATE ALIASES: den_attack_003d and den_attack_003d
[2026-08-22 20:47:07 UTC-6.000] DUPLICATE ALIASES: den_attack_003d and den_attack_003d
[2026-08-22 20:47:07 UTC-6.000] DUPLICATE ALIASES: den_attack_003d and den_attack_003d
[2026-08-22 20:47:07 UTC-6.000] DUPLICATE ALIASES: den_attack_003d and den_attack_003d
[2026-08-22 20:47:07 UTC-6.000] DUPLICATE ALIASES: den_attack_003d and den_attack_003d
[2026-08-22 20:47:07 UTC-6.000] DUPLICATE ALIASES: den_attack_003d and den_attack_003d
[2026-08-22 20:47:07 UTC-6.000] DUPLICATE ALIASES: den_attack_003d and den_attack_003d
[2026-08-22 20:47:07 UTC-6.000] DUPLICATE ALIASES: den_attack_003d and den_attack_003d
[2026-08-22 20:47:07 UTC-6.000] DUPLICATE ALIASES: den_attack_003d and den_attack_003d
[2026-08-22 20:47:07 UTC-6.000] DUPLICATE ALIASES: den_attack_041d and den_attack_041d
[2026-08-22 20:47:07 UTC-6.000] DUPLICATE ALIASES: den_attack_041d and den_attack_041d
[2026-08-22 20:47:07 UTC-6.000] DUPLICATE ALIASES: den_attack_041d and den_attack_041d
[2026-08-22 20:47:07 UTC-6.000] DUPLICATE ALIASES: den_attack_041d and den_attack_041d
[2026-08-22 20:47:07 UTC-6.000] DUPLICATE ALIASES: den_attack_041d and den_attack_041d
[2026-08-22 20:47:07 UTC-6.000] DUPLICATE ALIASES: den_attack_041d and den_attack_041d
[2026-08-22 20:47:07 UTC-6.000] DUPLICATE ALIASES: den_attack_041d and den_attack_041d
[2026-08-22 20:47:07 UTC-6.000] DUPLICATE ALIASES: den_attack_041d and den_attack_041d
[2026-08-22 20:47:07 UTC-6.000] DUPLICATE ALIASES: den_attack_041d and den_attack_041d
[2026-08-22 20:47:07 UTC-6.000] DUPLICATE ALIASES: den_attack_041d and den_attack_041d
[2026-08-22 20:47:07 UTC-6.000] DUPLICATE ALIASES: den_attack_041d and den_attack_041d
[2026-08-22 20:47:07 UTC-6.000] DUPLICATE ALIASES: den_attack_041d and den_attack_041d
[2026-08-22 20:47:07 UTC-6.000] DUPLICATE ALIASES: den_attack_041d and den_attack_041d
[2026-08-22 20:47:07 UTC-6.000] DUPLICATE ALIASES: den_attack_041d and den_attack_041d
[2026-08-22 20:47:07 UTC-6.000] DUPLICATE ALIASES: den_attack_041d and den_attack_041d
[2026-08-22 20:47:07 UTC-6.000] DUPLICATE ALIASES: den_attack_040b and den_attack_040b
[2026-08-22 20:47:07 UTC-6.000] DUPLICATE ALIASES: den_attack_040b and den_attack_040b
[2026-08-22 20:47:07 UTC-6.000] DUPLICATE ALIASES: den_attack_040b and den_attack_040b
[2026-08-22 20:47:07 UTC-6.000] DUPLICATE ALIASES: den_attack_040b and den_attack_040b
[2026-08-22 20:47:07 UTC-6.000] DUPLICATE ALIASES: den_attack_040b and den_attack_040b
[2026-08-22 20:47:07 UTC-6.000] DUPLICATE ALIASES: den_attack_040b and den_attack_040b
[2026-08-22 20:47:07 UTC-6.000] DUPLICATE ALIASES: den_attack_040b and den_attack_040b
[2026-08-22 20:47:07 UTC-6.000] DUPLICATE ALIASES: den_attack_040b and den_attack_040b
[2026-08-22 20:47:07 UTC-6.000] DUPLICATE ALIASES: den_attack_040b and den_attack_040b
[2026-08-22 20:47:07 UTC-6.000] DUPLICATE ALIASES: den_attack_040b and den_attack_040b
[2026-08-22 20:47:07 UTC-6.000] DUPLICATE ALIASES: den_attack_040b and den_attack_040b
[2026-08-22 20:47:07 UTC-6.000] DUPLICATE ALIASES: den_attack_040b and den_attack_040b
[2026-08-22 20:47:07 UTC-6.000] DUPLICATE ALIASES: den_attack_040b and den_attack_040b
[2026-08-22 20:47:07 UTC-6.000] DUPLICATE ALIASES: den_attack_040b and den_attack_040b
[2026-08-22 20:47:07 UTC-6.000] DUPLICATE ALIASES: den_attack_040b and den_attack_040b
[2026-08-22 20:47:07 UTC-6.000] DUPLICATE ALIASES: den_attack_040b and den_attack_040b
[2026-08-22 20:47:07 UTC-6.000] DUPLICATE ALIASES: den_attack_040b and den_attack_040b
[2026-08-22 20:47:07 UTC-6.000] DUPLICATE ALIASES: den_attack_040b and den_attack_040b
[2026-08-22 20:47:07 UTC-6.000] DUPLICATE ALIASES: den_attack_040b and den_attack_040b
[2026-08-22 20:47:07 UTC-6.000] DUPLICATE ALIASES: den_attack_060b and den_attack_060b
[2026-08-22 20:47:07 UTC-6.000] DUPLICATE ALIASES: den_attack_060b and den_attack_060b
[2026-08-22 20:47:07 UTC-6.000] DUPLICATE ALIASES: den_attack_060b and den_attack_060b
[2026-08-22 20:47:07 UTC-6.000] DUPLICATE ALIASES: den_attack_060b and den_attack_060b
[2026-08-22 20:47:07 UTC-6.000] DUPLICATE ALIASES: den_attack_060b and den_attack_060b
[2026-08-22 20:47:07 UTC-6.000] DUPLICATE ALIASES: den_attack_060b and den_attack_060b
[2026-08-22 20:47:07 UTC-6.000] DUPLICATE ALIASES: den_attack_060b and den_attack_060b
[2026-08-22 20:47:07 UTC-6.000] DUPLICATE ALIASES: den_attack_060b and den_attack_060b
[2026-08-22 20:47:07 UTC-6.000] DUPLICATE ALIASES: den_attack_060b and den_attack_060b
[2026-08-22 20:47:07 UTC-6.000] DUPLICATE ALIASES: den_attack_060b and den_attack_060b
[2026-08-22 20:47:07 UTC-6.000] DUPLICATE ALIASES: den_attack_060b and den_attack_060b
[2026-08-22 20:47:07 UTC-6.000] DUPLICATE ALIASES: den_attack_060b and den_attack_060b
[2026-08-22 20:47:07 UTC-6.000] DUPLICATE ALIASES: den_attack_060b and den_attack_060b
[2026-08-22 20:47:07 UTC-6.000] DUPLICATE ALIASES: den_attack_060b and den_attack_060b
[2026-08-22 20:47:07 UTC-6.000] DUPLICATE ALIASES: den_attack_060b and den_attack_060b
[2026-08-22 20:47:07 UTC-6.000] DUPLICATE ALIASES: den_attack_060b and den_attack_060b
[2026-08-22 20:47:07 UTC-6.000] DUPLICATE ALIASES: den_attack_060b and den_attack_060b
[2026-08-22 20:47:07 UTC-6.000] DUPLICATE ALIASES: den_attack_032b and den_attack_032b
[2026-08-22 20:47:07 UTC-6.000] DUPLICATE ALIASES: den_attack_032b and den_attack_032b
[2026-08-22 20:47:07 UTC-6.000] DUPLICATE ALIASES: den_attack_032b and den_attack_032b
[2026-08-22 20:47:07 UTC-6.000] DUPLICATE ALIASES: den_attack_032b and den_attack_032b
[2026-08-22 20:47:07 UTC-6.000] DUPLICATE ALIASES: den_attack_032b and den_attack_032b
[2026-08-22 20:47:07 UTC-6.000] DUPLICATE ALIASES: den_attack_032b and den_attack_032b
[2026-08-22 20:47:07 UTC-6.000] DUPLICATE ALIASES: den_attack_032b and den_attack_032b
[2026-08-22 20:47:07 UTC-6.000] DUPLICATE ALIASES: den_attack_032b and den_attack_032b
[2026-08-22 20:47:07 UTC-6.000] DUPLICATE ALIASES: den_alarm_12a and den_alarm_12a
[2026-08-22 20:47:07 UTC-6.000] DUPLICATE ALIASES: den_alarm_12a and den_alarm_12a
[2026-08-22 20:47:07 UTC-6.000] DUPLICATE ALIASES: den_alarm_12a and den_alarm_12a
[2026-08-22 20:47:07 UTC-6.000] DUPLICATE ALIASES: den_alarm_12a and den_alarm_12a
[2026-08-22 20:47:07 UTC-6.000] DUPLICATE ALIASES: den_alarm_12a and den_alarm_12a
[2026-08-22 20:47:07 UTC-6.000] DUPLICATE ALIASES: den_alarm_12a and den_alarm_12a
[2026-08-22 20:47:07 UTC-6.000] DUPLICATE ALIASES: den_alarm_12a and den_alarm_12a
[2026-08-22 20:47:07 UTC-6.000] DUPLICATE ALIASES: den_alarm_12a and den_alarm_12a
[2026-08-22 20:47:07 UTC-6.000] DUPLICATE ALIASES: den_alarm_12a and den_alarm_12a
[2026-08-22 20:47:07 UTC-6.000] DUPLICATE ALIASES: den_alarm_12a and den_alarm_12a
[2026-08-22 20:47:07 UTC-6.000] DUPLICATE ALIASES: den_alarm_01c and den_alarm_01c
[2026-08-22 20:47:07 UTC-6.000] DUPLICATE ALIASES: den_alarm_01c and den_alarm_01c
[2026-08-22 20:47:07 UTC-6.000] DUPLICATE ALIASES: den_alarm_01c and den_alarm_01c
[2026-08-22 20:47:07 UTC-6.000] DUPLICATE ALIASES: den_alarm_01c and den_alarm_01c
[2026-08-22 20:47:07 UTC-6.000] DUPLICATE ALIASES: den_alarm_01c and den_alarm_01c
[2026-08-22 20:47:07 UTC-6.000] DUPLICATE ALIASES: den_alarm_01c and den_alarm_01c
[2026-08-22 20:47:07 UTC-6.000] DUPLICATE ALIASES: den_alarm_01c and den_alarm_01c
[2026-08-22 20:47:07 UTC-6.000] DUPLICATE ALIASES: den_alarm_01c and den_alarm_01c
[2026-08-22 20:47:07 UTC-6.000] DUPLICATE ALIASES: den_alarm_01c and den_alarm_01c
[2026-08-22 20:47:07 UTC-6.000] DUPLICATE ALIASES: den_alarm_01c and den_alarm_01c
[2026-08-22 20:47:07 UTC-6.000] DUPLICATE ALIASES: den_alarm_01c and den_alarm_01c
[2026-08-22 20:47:07 UTC-6.000] DUPLICATE ALIASES: den_alarm_01c and den_alarm_01c
[2026-08-22 20:47:07 UTC-6.000] DUPLICATE ALIASES: den_alarm_01c and den_alarm_01c
[2026-08-22 20:47:07 UTC-6.000] DUPLICATE ALIASES: den_alarm_01c and den_alarm_01c
[2026-08-22 20:47:07 UTC-6.000] DUPLICATE ALIASES: den_alarm_01c and den_alarm_01c
[2026-08-22 20:47:07 UTC-6.000] DUPLICATE ALIASES: den_alarm_04c and den_alarm_04c
[2026-08-22 20:47:07 UTC-6.000] DUPLICATE ALIASES: den_alarm_09a and den_alarm_09a
[2026-08-22 20:47:07 UTC-6.000] DUPLICATE ALIASES: den_alarm_09a and den_alarm_09a
[2026-08-22 20:47:07 UTC-6.000] DUPLICATE ALIASES: den_alarm_09a and den_alarm_09a
[2026-08-22 20:47:07 UTC-6.000] DUPLICATE ALIASES: den_alarm_09a and den_alarm_09a
[2026-08-22 20:47:07 UTC-6.000] DUPLICATE ALIASES: den_alarm_09a and den_alarm_09a
[2026-08-22 20:47:07 UTC-6.000] DUPLICATE ALIASES: den_alarm_09a and den_alarm_09a
[2026-08-22 20:47:07 UTC-6.000] DUPLICATE ALIASES: den_alarm_09a and den_alarm_09a
[2026-08-22 20:47:07 UTC-6.000] DUPLICATE ALIASES: den_alarm_09a and den_alarm_09a
[2026-08-22 20:47:07 UTC-6.000] DUPLICATE ALIASES: den_alarm_09a and den_alarm_09a
[2026-08-22 20:47:07 UTC-6.000] DUPLICATE ALIASES: den_alarm_09a and den_alarm_09a
[2026-08-22 20:47:07 UTC-6.000] DUPLICATE ALIASES: den_alarm_01d and den_alarm_01d
[2026-08-22 20:47:07 UTC-6.000] DUPLICATE ALIASES: den_alarm_01d and den_alarm_01d
[2026-08-22 20:47:07 UTC-6.000] DUPLICATE ALIASES: den_alarm_01d and den_alarm_01d
[2026-08-22 20:47:07 UTC-6.000] DUPLICATE ALIASES: den_alarm_01d and den_alarm_01d
[2026-08-22 20:47:07 UTC-6.000] DUPLICATE ALIASES: den_alarm_01d and den_alarm_01d
[2026-08-22 20:47:07 UTC-6.000] DUPLICATE ALIASES: den_alarm_01d and den_alarm_01d
[2026-08-22 20:47:07 UTC-6.000] DUPLICATE ALIASES: den_alarm_01d and den_alarm_01d
[2026-08-22 20:47:07 UTC-6.000] DUPLICATE ALIASES: den_alarm_01d and den_alarm_01d
[2026-08-22 20:47:07 UTC-6.000] DUPLICATE ALIASES: den_alarm_01d and den_alarm_01d
[2026-08-22 20:47:07 UTC-6.000] DUPLICATE ALIASES: den_alarm_04d and den_alarm_04d
[2026-08-22 20:47:07 UTC-6.000] DUPLICATE ALIASES: den_alarm_04d and den_alarm_04d
[2026-08-22 20:47:07 UTC-6.000] DUPLICATE ALIASES: den_alarm_04d and den_alarm_04d
[2026-08-22 20:47:07 UTC-6.000] DUPLICATE ALIASES: den_alarm_04d and den_alarm_04d
[2026-08-22 20:47:07 UTC-6.000] DUPLICATE ALIASES: den_alarm_04d and den_alarm_04d
[2026-08-22 20:47:07 UTC-6.000] DUPLICATE ALIASES: den_alarm_04d and den_alarm_04d
[2026-08-22 20:47:07 UTC-6.000] DUPLICATE ALIASES: den_alarm_04d and den_alarm_04d
[2026-08-22 20:47:07 UTC-6.000] DUPLICATE ALIASES: den_alarm_04d and den_alarm_04d
[2026-08-22 20:47:07 UTC-6.000] DUPLICATE ALIASES: den_alarm_04d and den_alarm_04d
[2026-08-22 20:47:07 UTC-6.000] DUPLICATE ALIASES: den_alarm_04d and den_alarm_04d
[2026-08-22 20:47:07 UTC-6.000] DUPLICATE ALIASES: den_alarm_04d and den_alarm_04d
[2026-08-22 20:47:07 UTC-6.000] DUPLICATE ALIASES: den_alarm_04d and den_alarm_04d
[2026-08-22 20:47:07 UTC-6.000] DUPLICATE ALIASES: den_alarm_04d and den_alarm_04d
[2026-08-22 20:47:07 UTC-6.000] DUPLICATE ALIASES: den_fear_08e and den_fear_08e
[2026-08-22 20:47:07 UTC-6.000] DUPLICATE ALIASES: den_fear_08e and den_fear_08e
[2026-08-22 20:47:07 UTC-6.000] DUPLICATE ALIASES: den_fear_08e and den_fear_08e
[2026-08-22 20:47:07 UTC-6.000] DUPLICATE ALIASES: den_fear_08e and den_fear_08e
[2026-08-22 20:47:07 UTC-6.000] DUPLICATE ALIASES: den_fear_08e and den_fear_08e
[2026-08-22 20:47:07 UTC-6.000] DUPLICATE ALIASES: den_fear_08e and den_fear_08e
[2026-08-22 20:47:07 UTC-6.000] DUPLICATE ALIASES: den_fear_08e and den_fear_08e
[2026-08-22 20:47:07 UTC-6.000] DUPLICATE ALIASES: den_suicide_03c and den_suicide_03c
[2026-08-22 20:47:07 UTC-6.000] DUPLICATE ALIASES: den_suicide_03c and den_suicide_03c
[2026-08-22 20:47:07 UTC-6.000] DUPLICATE ALIASES: den_suicide_03c and den_suicide_03c
[2026-08-22 20:47:07 UTC-6.000] DUPLICATE ALIASES: den_suicide_03c and den_suicide_03c
[2026-08-22 20:47:07 UTC-6.000] DUPLICATE ALIASES: den_suicide_03c and den_suicide_03c
[2026-08-22 20:47:07 UTC-6.000] DUPLICATE ALIASES: den_suicide_03c and den_suicide_03c
[2026-08-22 20:47:07 UTC-6.000] DUPLICATE ALIASES: den_fear_30b and den_fear_30b
[2026-08-22 20:47:07 UTC-6.000] DUPLICATE ALIASES: den_fear_30b and den_fear_30b
[2026-08-22 20:47:07 UTC-6.000] DUPLICATE ALIASES: den_fear_30b and den_fear_30b
[2026-08-22 20:47:07 UTC-6.000] DUPLICATE ALIASES: den_fear_30d and den_fear_30d
[2026-08-22 20:47:07 UTC-6.000] DUPLICATE ALIASES: den_fear_30d and den_fear_30d
[2026-08-22 20:47:07 UTC-6.000] DUPLICATE ALIASES: den_fear_30d and den_fear_30d
[2026-08-22 20:47:07 UTC-6.000] DUPLICATE ALIASES: den_fear_11c and den_fear_11c
[2026-08-22 20:47:07 UTC-6.000] DUPLICATE ALIASES: den_fear_11c and den_fear_11c
[2026-08-22 20:47:07 UTC-6.000] DUPLICATE ALIASES: den_fear_11c and den_fear_11c
[2026-08-22 20:47:07 UTC-6.000] DUPLICATE ALIASES: den_fear_03e and den_fear_03e
[2026-08-22 20:47:07 UTC-6.000] DUPLICATE ALIASES: den_fear_03e and den_fear_03e
[2026-08-22 20:47:07 UTC-6.000] DUPLICATE ALIASES: den_fear_03e and den_fear_03e
[2026-08-22 20:47:07 UTC-6.000] DUPLICATE ALIASES: dfr_sighted_05a_1 and dfr_sighted_05a_1
[2026-08-22 20:47:07 UTC-6.000] DUPLICATE ALIASES: dfr_sighted_05a_1 and dfr_sighted_05a_1
[2026-08-22 20:47:07 UTC-6.000] DUPLICATE ALIASES: dfr_sighted_05a_1 and dfr_sighted_05a_1
[2026-08-22 20:47:07 UTC-6.000] DUPLICATE ALIASES: dfr_sighted_12h_1 and dfr_sighted_12h_1
[2026-08-22 20:47:07 UTC-6.000] DUPLICATE ALIASES: dfr_sighted_12h_1 and dfr_sighted_12h_1
[2026-08-22 20:47:07 UTC-6.000] DUPLICATE ALIASES: dfr_sighted_12h_1 and dfr_sighted_12h_1
[2026-08-22 20:47:07 UTC-6.000] DUPLICATE ALIASES: dfr_attack_04h_1 and dfr_attack_04h_1
[2026-08-22 20:47:07 UTC-6.000] DUPLICATE ALIASES: dfr_attack_04h_1 and dfr_attack_04h_1
[2026-08-22 20:47:07 UTC-6.000] DUPLICATE ALIASES: dfr_attack_04h_1 and dfr_attack_04h_1
[2026-08-22 20:47:07 UTC-6.000] DUPLICATE ALIASES: dfr_attack_04h_1 and dfr_attack_04h_1
[2026-08-22 20:47:07 UTC-6.000] DUPLICATE ALIASES: dfr_attack_04h_1 and dfr_attack_04h_1
[2026-08-22 20:47:07 UTC-6.000] DUPLICATE ALIASES: dfr_attack_04h_1 and dfr_attack_04h_1
[2026-08-22 20:47:07 UTC-6.000] DUPLICATE ALIASES: dfr_attack_13c_1 and dfr_attack_13c_1
[2026-08-22 20:47:07 UTC-6.000] DUPLICATE ALIASES: dfr_attack_13c_1 and dfr_attack_13c_1
[2026-08-22 20:47:07 UTC-6.000] DUPLICATE ALIASES: dfr_attack_13c_1 and dfr_attack_13c_1
[2026-08-22 20:47:07 UTC-6.000] DUPLICATE ALIASES: dfr_attack_13c_1 and dfr_attack_13c_1
[2026-08-22 20:47:07 UTC-6.000] DUPLICATE ALIASES: dfr_attack_13c_1 and dfr_attack_13c_1
[2026-08-22 20:47:07 UTC-6.000] DUPLICATE ALIASES: dfr_attack_13c_1 and dfr_attack_13c_1
[2026-08-22 20:47:07 UTC-6.000] DUPLICATE ALIASES: dfr_attack_13c_1 and dfr_attack_13c_1
[2026-08-22 20:47:07 UTC-6.000] Parse/Load time: 0.205000 seconds.
[2026-08-22 20:47:07 UTC-6.000] -------------PARSING 'ubersound/ubersound.scr' DONE (SERVER)---------------

[2026-08-22 20:47:07 UTC-6.000] -------------------- Spawning Entities -----------------------
[2026-08-22 20:47:07 UTC-6.000] ^~^~^ EDICTHI alloc slot=2046 num_entities=4 max=2048
[2026-08-22 20:47:07 UTC-6.000] soundtrack switched to .
[2026-08-22 20:47:07 UTC-6.000] MOHAA Archive Version 14
[2026-08-22 20:47:07 UTC-6.000] 2643760 memory allocated for navigation.
[2026-08-22 20:47:07 UTC-6.000] -------------------- Actual Spawning Entities -----------------------
[2026-08-22 20:47:07 UTC-6.000] -------------------- Actual Spawning Entities Done ------------------ 12 ms
[2026-08-22 20:47:07 UTC-6.000] 0 teams with 0 entities
[2026-08-22 20:47:07 UTC-6.000] Adding script: 'maps/m1l1.scr'
[2026-08-22 20:47:07 UTC-6.000] ^~^~^ PRB probe.mask t=0 mask=129 actor=1 anim=0 weapon=0 sound=0 script=0 player=0 feature=0 census=1 filter=
[2026-08-22 20:47:07 UTC-6.000] initialising coop weapon loadout for maps/m1l1.scr
[2026-08-22 20:47:07 UTC-6.000] ^~^~^ WALLGUN: campaign run - arena content NOT loaded
[2026-08-22 20:47:07 UTC-6.000] ^~^~^ PROPS: campaign run - arena content NOT loaded
[2026-08-22 20:47:07 UTC-6.000] TIKI: TIKI_FixFrameNum: illegal frame number 77 (total: 57) in anim 'truck_out_captain' in 'models/human/german_waffenss_nco.tik'
[2026-08-22 20:47:07 UTC-6.000] TIKI: TIKI_FixFrameNum: illegal frame number 60 (total: 57) in anim 'truck_out_guy01' in 'models/human/german_waffenss_nco.tik'
[2026-08-22 20:47:07 UTC-6.000] TIKI: TIKI_FixFrameNum: illegal frame number 63 (total: 47) in anim 'truck_out_guy02' in 'models/human/german_waffenss_nco.tik'
[2026-08-22 20:47:07 UTC-6.000] TIKI: TIKI_FixFrameNum: illegal frame number 56 (total: 47) in anim 'truck_out_guy03' in 'models/human/german_waffenss_nco.tik'
[2026-08-22 20:47:07 UTC-6.000] TIKI: TIKI_FixFrameNum: illegal frame number 77 (total: 57) in anim 'truck_out_captain' in 'models/human/german_waffenss_shutze_gear.tik'
[2026-08-22 20:47:07 UTC-6.000] TIKI: TIKI_FixFrameNum: illegal frame number 60 (total: 57) in anim 'truck_out_guy01' in 'models/human/german_waffenss_shutze_gear.tik'
[2026-08-22 20:47:07 UTC-6.000] TIKI: TIKI_FixFrameNum: illegal frame number 63 (total: 47) in anim 'truck_out_guy02' in 'models/human/german_waffenss_shutze_gear.tik'
[2026-08-22 20:47:07 UTC-6.000] TIKI: TIKI_FixFrameNum: illegal frame number 56 (total: 47) in anim 'truck_out_guy03' in 'models/human/german_waffenss_shutze_gear.tik'
[2026-08-22 20:47:07 UTC-6.000] TIKI: TIKI_FixFrameNum: illegal frame number 77 (total: 57) in anim 'truck_out_captain' in 'models/human/german_wehrmact_grenadier.tik'
[2026-08-22 20:47:07 UTC-6.000] TIKI: TIKI_FixFrameNum: illegal frame number 60 (total: 57) in anim 'truck_out_guy01' in 'models/human/german_wehrmact_grenadier.tik'
[2026-08-22 20:47:07 UTC-6.000] TIKI: TIKI_FixFrameNum: illegal frame number 63 (total: 47) in anim 'truck_out_guy02' in 'models/human/german_wehrmact_grenadier.tik'
[2026-08-22 20:47:07 UTC-6.000] TIKI: TIKI_FixFrameNum: illegal frame number 56 (total: 47) in anim 'truck_out_guy03' in 'models/human/german_wehrmact_grenadier.tik'
[2026-08-22 20:47:07 UTC-6.000] (coop_mod/main.scr::main): ***** Loaded *****. Continuing 9 waiting threads at 0.000...
[2026-08-22 20:47:07 UTC-6.000] ^~^~^ HOLDOUT ready (arenas 0) - set coop_holdout_cmd arena|spawn|save|start
[2026-08-22 20:47:07 UTC-6.000] ^~^~^ BP registered 1 models/animate/pulse_stg44plans.tik at ( -4695.417 1188.128 460.657 )
[2026-08-22 20:47:07 UTC-6.000] ^~^~^ Add the following line to the *_precache.scr map script:
[2026-08-22 20:47:07 UTC-6.000] cache models/static/sandbag_large_semicircle.tik
[2026-08-22 20:47:07 UTC-6.000] ^~^~^ PRB actor.snap t=0 n=1 ent=9 tn=- tm=american hp=100  aiDis=0 noIdle=0 tbias=0 scene=0 surr=0 conv=0 role=- persSet=0 hpReal=-1 stopPain=0 noLongPain=1 hpMax=100 wp=- wg=unarmed pos=stand atk=turret hasEnemy=0 foeEnt=- foeCls=- foeTm=- org=0,0,0 dist=-1 see=0 tdis=salute tidl=idle alrm=0 supp=0
[2026-08-22 20:47:07 UTC-6.000] ^~^~^ PRB actor.snap t=0 n=2 ent=22 tn=ending_attack tm=american hp=100  aiDis=0 noIdle=0 tbias=0 scene=0 surr=0 conv=0 role=- persSet=0 hpReal=-1 stopPain=0 noLongPain=1 hpMax=100 wp=- wg=unarmed pos=stand atk=turret hasEnemy=0 foeEnt=- foeCls=- foeTm=- org=0,0,0 dist=-1 see=0 tdis=salute tidl=idle alrm=0 supp=0
[2026-08-22 20:47:07 UTC-6.000] ^~^~^ PRB actor.snap t=0 n=3 ent=27 tn=intro_bazooka tm=american hp=100  aiDis=0 noIdle=0 tbias=0 scene=0 surr=0 conv=0 role=- persSet=0 hpReal=-1 stopPain=0 noLongPain=1 hpMax=100 wp=- wg=unarmed pos=stand atk=turret hasEnemy=0 foeEnt=- foeCls=- foeTm=- org=0,0,0 dist=-1 see=0 tdis=salute tidl=idle alrm=0 supp=0
[2026-08-22 20:47:07 UTC-6.000] ^~^~^ PRB actor.snap t=0 n=4 ent=28 tn=intro_papers tm=american hp=100  aiDis=0 noIdle=0 tbias=0 scene=0 surr=0 conv=0 role=- persSet=0 hpReal=-1 stopPain=0 noLongPain=1 hpMax=100 wp=- wg=unarmed pos=stand atk=turret hasEnemy=0 foeEnt=- foeCls=- foeTm=- org=0,0,0 dist=-1 see=0 tdis=salute tidl=idle alrm=0 supp=0
[2026-08-22 20:47:07 UTC-6.000] ^~^~^ PRB actor.snap t=0 n=5 ent=29 tn=- tm=american hp=100  aiDis=0 noIdle=0 tbias=0 scene=0 surr=0 conv=0 role=- persSet=0 hpReal=-1 stopPain=0 noLongPain=1 hpMax=100 wp=- wg=unarmed pos=stand atk=turret hasEnemy=0 foeEnt=- foeCls=- foeTm=- org=0,0,0 dist=-1 see=0 tdis=salute tidl=idle alrm=0 supp=0
[2026-08-22 20:47:07 UTC-6.000] ^~^~^ PRB actor.snap t=0 n=6 ent=30 tn=enemyspawner tm=american hp=100  aiDis=0 noIdle=0 tbias=0 scene=0 surr=0 conv=0 role=- persSet=0 hpReal=-1 stopPain=0 noLongPain=1 hpMax=100 wp=- wg=unarmed pos=stand atk=turret hasEnemy=0 foeEnt=- foeCls=- foeTm=- org=0,0,0 dist=-1 see=0 tdis=salute tidl=idle alrm=0 supp=0
[2026-08-22 20:47:07 UTC-6.000] ^~^~^ PRB actor.snap t=0 n=7 ent=31 tn=- tm=american hp=100  aiDis=0 noIdle=0 tbias=0 scene=0 surr=0 conv=0 role=- persSet=0 hpReal=-1 stopPain=0 noLongPain=1 hpMax=100 wp=- wg=unarmed pos=stand atk=turret hasEnemy=0 foeEnt=- foeCls=- foeTm=- org=0,0,0 dist=-1 see=0 tdis=salute tidl=idle alrm=0 supp=0
[2026-08-22 20:47:07 UTC-6.000] ^~^~^ PRB actor.snap t=0 n=8 ent=36 tn=mg42guy tm=american hp=100  aiDis=0 noIdle=0 tbias=0 scene=0 surr=0 conv=0 role=- persSet=0 hpReal=-1 stopPain=0 noLongPain=1 hpMax=100 wp=- wg=unarmed pos=stand atk=turret hasEnemy=0 foeEnt=- foeCls=- foeTm=- org=0,0,0 dist=-1 see=0 tdis=salute tidl=idle alrm=0 supp=0
[2026-08-22 20:47:07 UTC-6.000] ^~^~^ PRB actor.snap t=0 n=9 ent=39 tn=friendly tm=american hp=100  aiDis=0 noIdle=0 tbias=0 scene=0 surr=0 conv=0 role=- persSet=0 hpReal=-1 stopPain=0 noLongPain=1 hpMax=100 wp=- wg=unarmed pos=stand atk=turret hasEnemy=0 foeEnt=- foeCls=- foeTm=- org=0,0,0 dist=-1 see=0 tdis=salute tidl=idle alrm=0 supp=0
[2026-08-22 20:47:07 UTC-6.000] ^~^~^ PRB actor.snap t=0 n=10 ent=40 tn=friendly tm=american hp=100  aiDis=0 noIdle=0 tbias=0 scene=0 surr=0 conv=0 role=- persSet=0 hpReal=-1 stopPain=0 noLongPain=1 hpMax=100 wp=- wg=unarmed pos=stand atk=turret hasEnemy=0 foeEnt=- foeCls=- foeTm=- org=0,0,0 dist=-1 see=0 tdis=salute tidl=idle alrm=0 supp=0
[2026-08-22 20:47:07 UTC-6.000] ^~^~^ PRB actor.snap t=0 n=11 ent=52 tn=firstguy tm=american hp=100  aiDis=0 noIdle=0 tbias=0 scene=0 surr=0 conv=0 role=- persSet=0 hpReal=-1 stopPain=0 noLongPain=1 hpMax=100 wp=- wg=unarmed pos=stand atk=turret hasEnemy=0 foeEnt=- foeCls=- foeTm=- org=0,0,0 dist=-1 see=0 tdis=salute tidl=idle alrm=0 supp=0
[2026-08-22 20:47:07 UTC-6.000] ^~^~^ PRB actor.snap t=0 n=12 ent=64 tn=- tm=american hp=100  aiDis=0 noIdle=0 tbias=0 scene=0 surr=0 conv=0 role=- persSet=0 hpReal=-1 stopPain=0 noLongPain=1 hpMax=100 wp=- wg=unarmed pos=stand atk=turret hasEnemy=0 foeEnt=- foeCls=- foeTm=- org=0,0,0 dist=-1 see=0 tdis=salute tidl=idle alrm=0 supp=0
[2026-08-22 20:47:07 UTC-6.000] ^~^~^ PRB actor.snap t=0 n=13 ent=74 tn=enemyspawner tm=american hp=100  aiDis=0 noIdle=0 tbias=0 scene=0 surr=0 conv=0 role=- persSet=0 hpReal=-1 stopPain=0 noLongPain=1 hpMax=100 wp=- wg=unarmed pos=stand atk=turret hasEnemy=0 foeEnt=- foeCls=- foeTm=- org=0,0,0 dist=-1 see=0 tdis=salute tidl=idle alrm=0 supp=0
[2026-08-22 20:47:07 UTC-6.000] ^~^~^ PRB actor.snap t=0 n=14 ent=75 tn=enemyspawner tm=american hp=100  aiDis=0 noIdle=0 tbias=0 scene=0 surr=0 conv=0 role=- persSet=0 hpReal=-1 stopPain=0 noLongPain=1 hpMax=100 wp=- wg=unarmed pos=stand atk=turret hasEnemy=0 foeEnt=- foeCls=- foeTm=- org=0,0,0 dist=-1 see=0 tdis=salute tidl=idle alrm=0 supp=0
[2026-08-22 20:47:07 UTC-6.000] ^~^~^ PRB actor.snap t=0 n=15 ent=76 tn=enemyspawner tm=american hp=100  aiDis=0 noIdle=0 tbias=0 scene=0 surr=0 conv=0 role=- persSet=0 hpReal=-1 stopPain=0 noLongPain=1 hpMax=100 wp=- wg=unarmed pos=stand atk=turret hasEnemy=0 foeEnt=- foeCls=- foeTm=- org=0,0,0 dist=-1 see=0 tdis=salute tidl=idle alrm=0 supp=0
[2026-08-22 20:47:07 UTC-6.000] ^~^~^ PRB actor.snap t=0 n=16 ent=77 tn=enemyspawner tm=american hp=100  aiDis=0 noIdle=0 tbias=0 scene=0 surr=0 conv=0 role=- persSet=0 hpReal=-1 stopPain=0 noLongPain=1 hpMax=100 wp=- wg=unarmed pos=stand atk=turret hasEnemy=0 foeEnt=- foeCls=- foeTm=- org=0,0,0 dist=-1 see=0 tdis=salute tidl=idle alrm=0 supp=0
[2026-08-22 20:47:07 UTC-6.000] ^~^~^ PRB actor.snap t=0 n=17 ent=80 tn=enemyspawner tm=american hp=100  aiDis=0 noIdle=0 tbias=0 scene=0 surr=0 conv=0 role=- persSet=0 hpReal=-1 stopPain=0 noLongPain=1 hpMax=100 wp=- wg=unarmed pos=stand atk=turret hasEnemy=0 foeEnt=- foeCls=- foeTm=- org=0,0,0 dist=-1 see=0 tdis=salute tidl=idle alrm=0 supp=0
[2026-08-22 20:47:07 UTC-6.000] ^~^~^ PRB actor.snap t=0 n=18 ent=81 tn=enemyspawner tm=american hp=100  aiDis=0 noIdle=0 tbias=0 scene=0 surr=0 conv=0 role=- persSet=0 hpReal=-1 stopPain=0 noLongPain=1 hpMax=100 wp=- wg=unarmed pos=stand atk=turret hasEnemy=0 foeEnt=- foeCls=- foeTm=- org=0,0,0 dist=-1 see=0 tdis=salute tidl=idle alrm=0 supp=0
[2026-08-22 20:47:07 UTC-6.000] ^~^~^ PRB actor.snap t=0 n=19 ent=82 tn=enemyspawner tm=american hp=100  aiDis=0 noIdle=0 tbias=0 scene=0 surr=0 conv=0 role=- persSet=0 hpReal=-1 stopPain=0 noLongPain=1 hpMax=100 wp=- wg=unarmed pos=stand atk=turret hasEnemy=0 foeEnt=- foeCls=- foeTm=- org=0,0,0 dist=-1 see=0 tdis=salute tidl=idle alrm=0 supp=0
[2026-08-22 20:47:07 UTC-6.000] ^~^~^ PRB actor.snap t=0 n=20 ent=84 tn=ending_spawner tm=american hp=100  aiDis=0 noIdle=0 tbias=0 scene=0 surr=0 conv=0 role=- persSet=0 hpReal=-1 stopPain=0 noLongPain=1 hpMax=100 wp=- wg=unarmed pos=stand atk=turret hasEnemy=0 foeEnt=- foeCls=- foeTm=- org=0,0,0 dist=-1 see=0 tdis=salute tidl=idle alrm=0 supp=0
[2026-08-22 20:47:07 UTC-6.000] ^~^~^ PRB actor.snap t=0 n=21 ent=85 tn=ending_spawner tm=american hp=100  aiDis=0 noIdle=0 tbias=0 scene=0 surr=0 conv=0 role=- persSet=0 hpReal=-1 stopPain=0 noLongPain=1 hpMax=100 wp=- wg=unarmed pos=stand atk=turret hasEnemy=0 foeEnt=- foeCls=- foeTm=- org=0,0,0 dist=-1 see=0 tdis=salute tidl=idle alrm=0 supp=0
[2026-08-22 20:47:07 UTC-6.000] ^~^~^ PRB actor.snap t=0 n=22 ent=86 tn=dooropenspawner tm=american hp=100  aiDis=0 noIdle=0 tbias=0 scene=0 surr=0 conv=0 role=- persSet=0 hpReal=-1 stopPain=0 noLongPain=1 hpMax=100 wp=- wg=unarmed pos=stand atk=turret hasEnemy=0 foeEnt=- foeCls=- foeTm=- org=0,0,0 dist=-1 see=0 tdis=salute tidl=idle alrm=0 supp=0
[2026-08-22 20:47:07 UTC-6.000] ^~^~^ PRB actor.snap t=0 n=23 ent=101 tn=ending_spawner tm=american hp=100  aiDis=0 noIdle=0 tbias=0 scene=0 surr=0 conv=0 role=- persSet=0 hpReal=-1 stopPain=0 noLongPain=1 hpMax=100 wp=- wg=unarmed pos=stand atk=turret hasEnemy=0 foeEnt=- foeCls=- foeTm=- org=0,0,0 dist=-1 see=0 tdis=salute tidl=idle alrm=0 supp=0
[2026-08-22 20:47:07 UTC-6.000] ^~^~^ PRB actor.snap t=0 n=24 ent=102 tn=bazookaspawner tm=american hp=100  aiDis=0 noIdle=0 tbias=0 scene=0 surr=0 conv=0 role=- persSet=0 hpReal=-1 stopPain=0 noLongPain=1 hpMax=100 wp=- wg=unarmed pos=stand atk=turret hasEnemy=0 foeEnt=- foeCls=- foeTm=- org=0,0,0 dist=-1 see=0 tdis=salute tidl=idle alrm=0 supp=0
[2026-08-22 20:47:07 UTC-6.000] ^~^~^ PRB actor.snap t=0 n=25 ent=103 tn=friendly tm=american hp=100  aiDis=0 noIdle=0 tbias=0 scene=0 surr=0 conv=0 role=- persSet=0 hpReal=-1 stopPain=0 noLongPain=1 hpMax=100 wp=- wg=unarmed pos=stand atk=turret hasEnemy=0 foeEnt=- foeCls=- foeTm=- org=0,0,0 dist=-1 see=0 tdis=salute tidl=idle alrm=0 supp=0
[2026-08-22 20:47:07 UTC-6.000] ^~^~^ PRB actor.snap t=0 n=26 ent=104 tn=friendly tm=american hp=100  aiDis=0 noIdle=0 tbias=0 scene=0 surr=0 conv=0 role=- persSet=0 hpReal=-1 stopPain=0 noLongPain=1 hpMax=100 wp=- wg=unarmed pos=stand atk=turret hasEnemy=0 foeEnt=- foeCls=- foeTm=- org=0,0,0 dist=-1 see=0 tdis=salute tidl=idle alrm=0 supp=0
[2026-08-22 20:47:07 UTC-6.000] ^~^~^ PRB actor.snap t=0 n=27 ent=105 tn=enemyspawner tm=american hp=100  aiDis=0 noIdle=0 tbias=0 scene=0 surr=0 conv=0 role=- persSet=0 hpReal=-1 stopPain=0 noLongPain=1 hpMax=100 wp=- wg=unarmed pos=stand atk=turret hasEnemy=0 foeEnt=- foeCls=- foeTm=- org=0,0,0 dist=-1 see=0 tdis=salute tidl=idle alrm=0 supp=0
[2026-08-22 20:47:07 UTC-6.000] ^~^~^ PRB actor.snap t=0 n=28 ent=106 tn=enemyspawner tm=american hp=100  aiDis=0 noIdle=0 tbias=0 scene=0 surr=0 conv=0 role=- persSet=0 hpReal=-1 stopPain=0 noLongPain=1 hpMax=100 wp=- wg=unarmed pos=stand atk=turret hasEnemy=0 foeEnt=- foeCls=- foeTm=- org=0,0,0 dist=-1 see=0 tdis=salute tidl=idle alrm=0 supp=0
[2026-08-22 20:47:07 UTC-6.000] ^~^~^ PRB actor.snap t=0 n=29 ent=107 tn=enemyspawner tm=american hp=100  aiDis=0 noIdle=0 tbias=0 scene=0 surr=0 conv=0 role=- persSet=0 hpReal=-1 stopPain=0 noLongPain=1 hpMax=100 wp=- wg=unarmed pos=stand atk=turret hasEnemy=0 foeEnt=- foeCls=- foeTm=- org=0,0,0 dist=-1 see=0 tdis=salute tidl=idle alrm=0 supp=0
[2026-08-22 20:47:07 UTC-6.000] ^~^~^ PRB actor.snap t=0 n=30 ent=110 tn=barrel_guy tm=american hp=100  aiDis=0 noIdle=0 tbias=0 scene=0 surr=0 conv=0 role=- persSet=0 hpReal=-1 stopPain=0 noLongPain=1 hpMax=100 wp=- wg=unarmed pos=stand atk=turret hasEnemy=0 foeEnt=- foeCls=- foeTm=- org=0,0,0 dist=-1 see=0 tdis=salute tidl=idle alrm=0 supp=0
[2026-08-22 20:47:07 UTC-6.000] ^~^~^ PRB actor.snap t=0 n=31 ent=111 tn=enemyspawner tm=american hp=100  aiDis=0 noIdle=0 tbias=0 scene=0 surr=0 conv=0 role=- persSet=0 hpReal=-1 stopPain=0 noLongPain=1 hpMax=100 wp=- wg=unarmed pos=stand atk=turret hasEnemy=0 foeEnt=- foeCls=- foeTm=- org=0,0,0 dist=-1 see=0 tdis=salute tidl=idle alrm=0 supp=0
[2026-08-22 20:47:07 UTC-6.000] ^~^~^ PRB actor.snap t=0 n=32 ent=112 tn=- tm=american hp=100  aiDis=0 noIdle=0 tbias=0 scene=0 surr=0 conv=0 role=- persSet=0 hpReal=-1 stopPain=0 noLongPain=1 hpMax=100 wp=- wg=unarmed pos=stand atk=turret hasEnemy=0 foeEnt=- foeCls=- foeTm=- org=0,0,0 dist=-1 see=0 tdis=salute tidl=idle alrm=0 supp=0
[2026-08-22 20:47:07 UTC-6.000] ^~^~^ PRB actor.snap t=0 n=33 ent=113 tn=- tm=american hp=100  aiDis=0 noIdle=0 tbias=0 scene=0 surr=0 conv=0 role=- persSet=0 hpReal=-1 stopPain=0 noLongPain=1 hpMax=100 wp=- wg=unarmed pos=stand atk=turret hasEnemy=0 foeEnt=- foeCls=- foeTm=- org=0,0,0 dist=-1 see=0 tdis=salute tidl=idle alrm=0 supp=0
[2026-08-22 20:47:07 UTC-6.000] ^~^~^ PRB actor.snap t=0 n=34 ent=114 tn=bazooka_wall tm=american hp=100  aiDis=0 noIdle=0 tbias=0 scene=0 surr=0 conv=0 role=- persSet=0 hpReal=-1 stopPain=0 noLongPain=1 hpMax=100 wp=- wg=unarmed pos=stand atk=turret hasEnemy=0 foeEnt=- foeCls=- foeTm=- org=0,0,0 dist=-1 see=0 tdis=salute tidl=idle alrm=0 supp=0
[2026-08-22 20:47:07 UTC-6.000] ^~^~^ PRB actor.snap t=0 n=35 ent=115 tn=enemyspawner tm=american hp=100  aiDis=0 noIdle=0 tbias=0 scene=0 surr=0 conv=0 role=- persSet=0 hpReal=-1 stopPain=0 noLongPain=1 hpMax=100 wp=- wg=unarmed pos=stand atk=turret hasEnemy=0 foeEnt=- foeCls=- foeTm=- org=0,0,0 dist=-1 see=0 tdis=salute tidl=idle alrm=0 supp=0
[2026-08-22 20:47:07 UTC-6.000] ^~^~^ PRB actor.snap t=0 n=36 ent=116 tn=enemyspawner tm=american hp=100  aiDis=0 noIdle=0 tbias=0 scene=0 surr=0 conv=0 role=- persSet=0 hpReal=-1 stopPain=0 noLongPain=1 hpMax=100 wp=- wg=unarmed pos=stand atk=turret hasEnemy=0 foeEnt=- foeCls=- foeTm=- org=0,0,0 dist=-1 see=0 tdis=salute tidl=idle alrm=0 supp=0
[2026-08-22 20:47:07 UTC-6.000] ^~^~^ PRB actor.snap t=0 n=37 ent=118 tn=enemyspawner tm=american hp=100  aiDis=0 noIdle=0 tbias=0 scene=0 surr=0 conv=0 role=- persSet=0 hpReal=-1 stopPain=0 noLongPain=1 hpMax=100 wp=- wg=unarmed pos=stand atk=turret hasEnemy=0 foeEnt=- foeCls=- foeTm=- org=0,0,0 dist=-1 see=0 tdis=salute tidl=idle alrm=0 supp=0
[2026-08-22 20:47:07 UTC-6.000] ^~^~^ PRB actor.snap t=0 n=38 ent=119 tn=- tm=american hp=100  aiDis=0 noIdle=0 tbias=0 scene=0 surr=0 conv=0 role=- persSet=0 hpReal=-1 stopPain=0 noLongPain=1 hpMax=100 wp=- wg=unarmed pos=stand atk=turret hasEnemy=0 foeEnt=- foeCls=- foeTm=- org=0,0,0 dist=-1 see=0 tdis=salute tidl=idle alrm=0 supp=0
[2026-08-22 20:47:07 UTC-6.000] ^~^~^ PRB actor.snap t=0 n=39 ent=120 tn=- tm=american hp=100  aiDis=0 noIdle=0 tbias=0 scene=0 surr=0 conv=0 role=- persSet=0 hpReal=-1 stopPain=0 noLongPain=1 hpMax=100 wp=- wg=unarmed pos=stand atk=turret hasEnemy=0 foeEnt=- foeCls=- foeTm=- org=0,0,0 dist=-1 see=0 tdis=salute tidl=idle alrm=0 supp=0
[2026-08-22 20:47:07 UTC-6.000] ^~^~^ PRB actor.snap t=0 n=40 ent=121 tn=- tm=american hp=100  aiDis=0 noIdle=0 tbias=0 scene=0 surr=0 conv=0 role=- persSet=0 hpReal=-1 stopPain=0 noLongPain=1 hpMax=100 wp=- wg=unarmed pos=stand atk=turret hasEnemy=0 foeEnt=- foeCls=- foeTm=- org=0,0,0 dist=-1 see=0 tdis=salute tidl=idle alrm=0 supp=0
[2026-08-22 20:47:07 UTC-6.000] ^~^~^ PRB actor.snap t=0 n=41 ent=122 tn=- tm=american hp=100  aiDis=0 noIdle=0 tbias=0 scene=0 surr=0 conv=0 role=- persSet=0 hpReal=-1 stopPain=0 noLongPain=1 hpMax=100 wp=- wg=unarmed pos=stand atk=turret hasEnemy=0 foeEnt=- foeCls=- foeTm=- org=0,0,0 dist=-1 see=0 tdis=salute tidl=idle alrm=0 supp=0
[2026-08-22 20:47:07 UTC-6.000] ^~^~^ PRB actor.snap t=0 n=42 ent=124 tn=enemyspawner tm=american hp=100  aiDis=0 noIdle=0 tbias=0 scene=0 surr=0 conv=0 role=- persSet=0 hpReal=-1 stopPain=0 noLongPain=1 hpMax=100 wp=- wg=unarmed pos=stand atk=turret hasEnemy=0 foeEnt=- foeCls=- foeTm=- org=0,0,0 dist=-1 see=0 tdis=salute tidl=idle alrm=0 supp=0
[2026-08-22 20:47:07 UTC-6.000] ^~^~^ PRB actor.snap t=0 n=43 ent=125 tn=enemyspawner tm=american hp=100  aiDis=0 noIdle=0 tbias=0 scene=0 surr=0 conv=0 role=- persSet=0 hpReal=-1 stopPain=0 noLongPain=1 hpMax=100 wp=- wg=unarmed pos=stand atk=turret hasEnemy=0 foeEnt=- foeCls=- foeTm=- org=0,0,0 dist=-1 see=0 tdis=salute tidl=idle alrm=0 supp=0
[2026-08-22 20:47:07 UTC-6.000] ^~^~^ PRB actor.snap t=0 n=44 ent=129 tn=enemyspawner tm=american hp=100  aiDis=0 noIdle=0 tbias=0 scene=0 surr=0 conv=0 role=- persSet=0 hpReal=-1 stopPain=0 noLongPain=1 hpMax=100 wp=- wg=unarmed pos=stand atk=turret hasEnemy=0 foeEnt=- foeCls=- foeTm=- org=0,0,0 dist=-1 see=0 tdis=salute tidl=idle alrm=0 supp=0
[2026-08-22 20:47:07 UTC-6.000] ^~^~^ PRB actor.snap t=0 n=45 ent=130 tn=enemyspawner tm=american hp=100  aiDis=0 noIdle=0 tbias=0 scene=0 surr=0 conv=0 role=- persSet=0 hpReal=-1 stopPain=0 noLongPain=1 hpMax=100 wp=- wg=unarmed pos=stand atk=turret hasEnemy=0 foeEnt=- foeCls=- foeTm=- org=0,0,0 dist=-1 see=0 tdis=salute tidl=idle alrm=0 supp=0
[2026-08-22 20:47:07 UTC-6.000] ^~^~^ PRB actor.snap t=0 n=46 ent=131 tn=enemyspawner tm=american hp=100  aiDis=0 noIdle=0 tbias=0 scene=0 surr=0 conv=0 role=- persSet=0 hpReal=-1 stopPain=0 noLongPain=1 hpMax=100 wp=- wg=unarmed pos=stand atk=turret hasEnemy=0 foeEnt=- foeCls=- foeTm=- org=0,0,0 dist=-1 see=0 tdis=salute tidl=idle alrm=0 supp=0
[2026-08-22 20:47:07 UTC-6.000] ^~^~^ PRB actor.snap t=0 n=47 ent=134 tn=intro_papers2 tm=american hp=100  aiDis=0 noIdle=0 tbias=0 scene=0 surr=0 conv=0 role=- persSet=0 hpReal=-1 stopPain=0 noLongPain=1 hpMax=100 wp=- wg=unarmed pos=stand atk=turret hasEnemy=0 foeEnt=- foeCls=- foeTm=- org=0,0,0 dist=-1 see=0 tdis=salute tidl=idle alrm=0 supp=0
[2026-08-22 20:47:07 UTC-6.000] ^~^~^ PRB actor.snap t=0 n=48 ent=135 tn=ending_spawner tm=american hp=100  aiDis=0 noIdle=0 tbias=0 scene=0 surr=0 conv=0 role=- persSet=0 hpReal=-1 stopPain=0 noLongPain=1 hpMax=100 wp=- wg=unarmed pos=stand atk=turret hasEnemy=0 foeEnt=- foeCls=- foeTm=- org=0,0,0 dist=-1 see=0 tdis=salute tidl=idle alrm=0 supp=0
[2026-08-22 20:47:07 UTC-6.000] ^~^~^ PRB actor.snap t=0 n=49 ent=136 tn=ending_spawner tm=american hp=100  aiDis=0 noIdle=0 tbias=0 scene=0 surr=0 conv=0 role=- persSet=0 hpReal=-1 stopPain=0 noLongPain=1 hpMax=100 wp=- wg=unarmed pos=stand atk=turret hasEnemy=0 foeEnt=- foeCls=- foeTm=- org=0,0,0 dist=-1 see=0 tdis=salute tidl=idle alrm=0 supp=0
[2026-08-22 20:47:07 UTC-6.000] ^~^~^ PRB actor.snap t=0 n=50 ent=148 tn=ending_spawner tm=american hp=100  aiDis=0 noIdle=0 tbias=0 scene=0 surr=0 conv=0 role=- persSet=0 hpReal=-1 stopPain=0 noLongPain=1 hpMax=100 wp=- wg=unarmed pos=stand atk=turret hasEnemy=0 foeEnt=- foeCls=- foeTm=- org=0,0,0 dist=-1 see=0 tdis=salute tidl=idle alrm=0 supp=0
[2026-08-22 20:47:07 UTC-6.000] ^~^~^ PRB actor.snap t=0 n=51 ent=151 tn=ending_spawner tm=american hp=100  aiDis=0 noIdle=0 tbias=0 scene=0 surr=0 conv=0 role=- persSet=0 hpReal=-1 stopPain=0 noLongPain=1 hpMax=100 wp=- wg=unarmed pos=stand atk=turret hasEnemy=0 foeEnt=- foeCls=- foeTm=- org=0,0,0 dist=-1 see=0 tdis=salute tidl=idle alrm=0 supp=0
[2026-08-22 20:47:07 UTC-6.000] ^~^~^ PRB actor.snap t=0 n=52 ent=152 tn=ending_spawner tm=american hp=100  aiDis=0 noIdle=0 tbias=0 scene=0 surr=0 conv=0 role=- persSet=0 hpReal=-1 stopPain=0 noLongPain=1 hpMax=100 wp=- wg=unarmed pos=stand atk=turret hasEnemy=0 foeEnt=- foeCls=- foeTm=- org=0,0,0 dist=-1 see=0 tdis=salute tidl=idle alrm=0 supp=0
[2026-08-22 20:47:07 UTC-6.000] ^~^~^ SELFTEST OK: SR stamp 3bb89dcf rows 365
[2026-08-22 20:47:07 UTC-6.000] ^~^~^ PRB actor.snap t=0 n=53 ent=165 tn=enemyspawner tm=american hp=100  aiDis=0 noIdle=0 tbias=0 scene=0 surr=0 conv=0 role=- persSet=0 hpReal=-1 stopPain=0 noLongPain=1 hpMax=100 wp=- wg=unarmed pos=stand atk=turret hasEnemy=0 foeEnt=- foeCls=- foeTm=- org=0,0,0 dist=-1 see=0 tdis=salute tidl=idle alrm=0 supp=0
[2026-08-22 20:47:07 UTC-6.000] ^~^~^ PRB actor.snap t=0 n=54 ent=170 tn=bazooka_wall tm=american hp=100  aiDis=0 noIdle=0 tbias=0 scene=0 surr=0 conv=0 role=- persSet=0 hpReal=-1 stopPain=0 noLongPain=1 hpMax=100 wp=- wg=unarmed pos=stand atk=turret hasEnemy=0 foeEnt=- foeCls=- foeTm=- org=0,0,0 dist=-1 see=0 tdis=salute tidl=idle alrm=0 supp=0
[2026-08-22 20:47:07 UTC-6.000] ^~^~^ PRB census.total t=0 actors=54 surrendered=0 aiDisabled=0 engaging=0 canSeePlayer=0
[2026-08-22 20:47:07 UTC-6.000] ^~^~^ Warning: maxdist too small, forcing to 256 for entity 118, targetname 'enemyspawner'
[2026-08-22 20:47:07 UTC-6.000] ^~^~^ DISG SETTHINK ent=36 tn=mg42guy oldthink=10 newthink=17 curstate=0

	-------------------------- IMPORTANT REMINDER --------------------------

	include 'main\ai_trace_m1l1_8_22_2047.log' in your bug report! 

	----------------------- END IMPORTANT REMINDER -----------------------


[2026-08-22 20:47:07 UTC-6.000] Initializing parade script
[2026-08-22 20:47:07 UTC-6.000] no target
[2026-08-22 20:47:07 UTC-6.000] no target
[2026-08-22 20:47:07 UTC-6.000] no target
[2026-08-22 20:47:07 UTC-6.000] no target
[2026-08-22 20:47:07 UTC-6.000] no target
[2026-08-22 20:47:07 UTC-6.000] no target
[2026-08-22 20:47:07 UTC-6.000] no target
[2026-08-22 20:47:07 UTC-6.000] TRIGGER HAD NO THREAD
[2026-08-22 20:47:07 UTC-6.000] TRIGGER HAD NO THREAD
[2026-08-22 20:47:07 UTC-6.000] TRIGGER HAD NO THREAD
[2026-08-22 20:47:07 UTC-6.000] TRIGGER HAD NO THREAD
[2026-08-22 20:47:07 UTC-6.000] TRIGGER HAD NO THREAD
[2026-08-22 20:47:07 UTC-6.000] TRIGGER HAD NO THREAD
[2026-08-22 20:47:07 UTC-6.000] TRIGGER HAD NO THREAD
[2026-08-22 20:47:07 UTC-6.000] Spawned 7 enemyspawnertriggers
[2026-08-22 20:47:07 UTC-6.000] Spawned 21 enemyspawnerdestinations
[2026-08-22 20:47:07 UTC-6.000] There are 0 friendlyspawners
[2026-08-22 20:47:07 UTC-6.000] Spawned 21 enemyspawners
[2026-08-22 20:47:07 UTC-6.000] soundtrack switched to music/m1l1.mus.
[2026-08-22 20:47:07 UTC-6.000] playing music/m1l1.mus
[2026-08-22 20:47:07 UTC-6.000] Loading Ambient.scr
[2026-08-22 20:47:07 UTC-6.000] Spawned friendly 2
[2026-08-22 20:47:07 UTC-6.000] Spawned friendly 4
[2026-08-22 20:47:07 UTC-6.000] Spawned friendly 3
[2026-08-22 20:47:07 UTC-6.000] Spawned friendly 1
[2026-08-22 20:47:07 UTC-6.000] Spawned 71 friendlynodes
[2026-08-22 20:47:07 UTC-6.000] 167 entities spawned
[2026-08-22 20:47:07 UTC-6.000] 813 simple entities spawned
[2026-08-22 20:47:07 UTC-6.000] 0 entities inhibited
[2026-08-22 20:47:07 UTC-6.000] -------------------- Spawning Entities Done ------------------ 269 ms
[2026-08-22 20:47:07 UTC-6.000] ^~^~^ BPMGR psize=0 count=1 map=m1l1
[2026-08-22 20:47:07 UTC-6.000] ^~^~^ DISG SETTHINK ent=116 tn=coop_mgnest1_gunner oldthink=10 newthink=17 curstate=0

	-------------------------- IMPORTANT REMINDER --------------------------

	include 'main\ai_trace_m1l1_8_22_2047.log' in your bug report! 

	----------------------- END IMPORTANT REMINDER -----------------------


[2026-08-22 20:47:07 UTC-6.000] ^~^~^ BUILD_STRUCT_REG sid 1 mg_nest_manned pieces 3 total 3
[2026-08-22 20:47:07 UTC-6.000] ^~^~^ BUNKER mg_nest_manned: 3 pieces at ( -4201.568 583.057 435.488 ) yaw 280 fwd 66.000 up 44.000
[2026-08-22 20:47:07 UTC-6.000] 

-----------PARSING 'ubersound/coop_aivoice.scr' (SERVER)------------
[2026-08-22 20:47:07 UTC-6.000] Any SetCurrentTiki errors means that tiki wasn't prefetched and tiki-specific sounds for it won't work. To fix prefetch the tiki. Ignore if you don't use that tiki on this level.
[2026-08-22 20:47:07 UTC-6.000] G_Command_ProcessFile: ubersound/coop_aivoice.scr
[2026-08-22 20:47:07 UTC-6.000] DUPLICATE ALIASES: coop_av_de_contact and coop_av_de_contact
[2026-08-22 20:47:07 UTC-6.000] DUPLICATE ALIASES: coop_av_de_contact and coop_av_de_contact
[2026-08-22 20:47:07 UTC-6.000] DUPLICATE ALIASES: coop_av_de_contact and coop_av_de_contact
[2026-08-22 20:47:07 UTC-6.000] DUPLICATE ALIASES: coop_av_de_contact and coop_av_de_contact
[2026-08-22 20:47:07 UTC-6.000] DUPLICATE ALIASES: coop_av_de_contact and coop_av_de_contact
[2026-08-22 20:47:07 UTC-6.000] DUPLICATE ALIASES: coop_av_de_contact and coop_av_de_contact
[2026-08-22 20:47:07 UTC-6.000] DUPLICATE ALIASES: coop_av_de_contact and coop_av_de_contact
[2026-08-22 20:47:07 UTC-6.000] DUPLICATE ALIASES: coop_av_de_spot and coop_av_de_spot
[2026-08-22 20:47:07 UTC-6.000] DUPLICATE ALIASES: coop_av_de_spot and coop_av_de_spot
[2026-08-22 20:47:07 UTC-6.000] DUPLICATE ALIASES: coop_av_de_spot and coop_av_de_spot
[2026-08-22 20:47:07 UTC-6.000] DUPLICATE ALIASES: coop_av_de_spot and coop_av_de_spot
[2026-08-22 20:47:07 UTC-6.000] DUPLICATE ALIASES: coop_av_de_spot and coop_av_de_spot
[2026-08-22 20:47:07 UTC-6.000] DUPLICATE ALIASES: coop_av_de_backup and coop_av_de_backup
[2026-08-22 20:47:07 UTC-6.000] DUPLICATE ALIASES: coop_av_de_backup and coop_av_de_backup
[2026-08-22 20:47:07 UTC-6.000] DUPLICATE ALIASES: coop_av_de_backup and coop_av_de_backup
[2026-08-22 20:47:07 UTC-6.000] DUPLICATE ALIASES: coop_av_de_backup and coop_av_de_backup
[2026-08-22 20:47:07 UTC-6.000] DUPLICATE ALIASES: coop_av_de_backup and coop_av_de_backup
[2026-08-22 20:47:07 UTC-6.000] DUPLICATE ALIASES: coop_av_de_cover and coop_av_de_cover
[2026-08-22 20:47:07 UTC-6.000] DUPLICATE ALIASES: coop_av_de_cover and coop_av_de_cover
[2026-08-22 20:47:07 UTC-6.000] DUPLICATE ALIASES: coop_av_de_cover and coop_av_de_cover
[2026-08-22 20:47:07 UTC-6.000] DUPLICATE ALIASES: coop_av_de_cover and coop_av_de_cover
[2026-08-22 20:47:07 UTC-6.000] DUPLICATE ALIASES: coop_av_de_cover and coop_av_de_cover
[2026-08-22 20:47:07 UTC-6.000] DUPLICATE ALIASES: coop_av_de_cover and coop_av_de_cover
[2026-08-22 20:47:07 UTC-6.000] DUPLICATE ALIASES: coop_av_de_cover and coop_av_de_cover
[2026-08-22 20:47:07 UTC-6.000] DUPLICATE ALIASES: coop_av_de_cover and coop_av_de_cover
[2026-08-22 20:47:07 UTC-6.000] DUPLICATE ALIASES: coop_av_de_cover and coop_av_de_cover
[2026-08-22 20:47:07 UTC-6.000] DUPLICATE ALIASES: coop_av_de_grenade and coop_av_de_grenade
[2026-08-22 20:47:07 UTC-6.000] DUPLICATE ALIASES: coop_av_de_grenade and coop_av_de_grenade
[2026-08-22 20:47:07 UTC-6.000] DUPLICATE ALIASES: coop_av_de_grenade and coop_av_de_grenade
[2026-08-22 20:47:07 UTC-6.000] DUPLICATE ALIASES: coop_av_de_grenade and coop_av_de_grenade
[2026-08-22 20:47:07 UTC-6.000] DUPLICATE ALIASES: coop_av_de_grenade and coop_av_de_grenade
[2026-08-22 20:47:07 UTC-6.000] DUPLICATE ALIASES: coop_av_de_grenade and coop_av_de_grenade
[2026-08-22 20:47:07 UTC-6.000] DUPLICATE ALIASES: coop_av_de_fallback and coop_av_de_fallback
[2026-08-22 20:47:07 UTC-6.000] DUPLICATE ALIASES: coop_av_de_fallback and coop_av_de_fallback
[2026-08-22 20:47:07 UTC-6.000] DUPLICATE ALIASES: coop_av_de_fallback and coop_av_de_fallback
[2026-08-22 20:47:07 UTC-6.000] DUPLICATE ALIASES: coop_av_de_fallback and coop_av_de_fallback
[2026-08-22 20:47:07 UTC-6.000] DUPLICATE ALIASES: coop_av_de_fallback and coop_av_de_fallback
[2026-08-22 20:47:07 UTC-6.000] DUPLICATE ALIASES: coop_av_de_mandown and coop_av_de_mandown
[2026-08-22 20:47:07 UTC-6.000] DUPLICATE ALIASES: coop_av_de_mandown and coop_av_de_mandown
[2026-08-22 20:47:07 UTC-6.000] DUPLICATE ALIASES: coop_av_de_taunt and coop_av_de_taunt
[2026-08-22 20:47:07 UTC-6.000] DUPLICATE ALIASES: coop_av_de_taunt and coop_av_de_taunt
[2026-08-22 20:47:07 UTC-6.000] DUPLICATE ALIASES: coop_av_de_taunt and coop_av_de_taunt
[2026-08-22 20:47:07 UTC-6.000] DUPLICATE ALIASES: coop_av_de_taunt and coop_av_de_taunt
[2026-08-22 20:47:07 UTC-6.000] DUPLICATE ALIASES: coop_av_de_taunt and coop_av_de_taunt
[2026-08-22 20:47:07 UTC-6.000] DUPLICATE ALIASES: coop_av_de_taunt and coop_av_de_taunt
[2026-08-22 20:47:07 UTC-6.000] DUPLICATE ALIASES: coop_av_de_taunt and coop_av_de_taunt
[2026-08-22 20:47:07 UTC-6.000] DUPLICATE ALIASES: coop_av_de_kill and coop_av_de_kill
[2026-08-22 20:47:07 UTC-6.000] DUPLICATE ALIASES: coop_av_de_kill and coop_av_de_kill
[2026-08-22 20:47:07 UTC-6.000] DUPLICATE ALIASES: coop_av_de_kill and coop_av_de_kill
[2026-08-22 20:47:07 UTC-6.000] DUPLICATE ALIASES: coop_av_de_kill and coop_av_de_kill
[2026-08-22 20:47:07 UTC-6.000] DUPLICATE ALIASES: coop_av_de_kill and coop_av_de_kill
[2026-08-22 20:47:07 UTC-6.000] DUPLICATE ALIASES: coop_av_de_kill and coop_av_de_kill
[2026-08-22 20:47:07 UTC-6.000] DUPLICATE ALIASES: coop_av_de_kill and coop_av_de_kill
[2026-08-22 20:47:07 UTC-6.000] DUPLICATE ALIASES: coop_av_de_attack and coop_av_de_attack
[2026-08-22 20:47:07 UTC-6.000] DUPLICATE ALIASES: coop_av_de_attack and coop_av_de_attack
[2026-08-22 20:47:07 UTC-6.000] DUPLICATE ALIASES: coop_av_de_attack and coop_av_de_attack
[2026-08-22 20:47:07 UTC-6.000] DUPLICATE ALIASES: coop_av_de_attack and coop_av_de_attack
[2026-08-22 20:47:07 UTC-6.000] DUPLICATE ALIASES: coop_av_de_attack and coop_av_de_attack
[2026-08-22 20:47:07 UTC-6.000] DUPLICATE ALIASES: coop_av_de_reload and coop_av_de_reload
[2026-08-22 20:47:07 UTC-6.000] DUPLICATE ALIASES: coop_av_de_reload and coop_av_de_reload
[2026-08-22 20:47:07 UTC-6.000] DUPLICATE ALIASES: coop_av_de_reload and coop_av_de_reload
[2026-08-22 20:47:07 UTC-6.000] DUPLICATE ALIASES: coop_av_de_reload and coop_av_de_reload
[2026-08-22 20:47:07 UTC-6.000] DUPLICATE ALIASES: coop_av_de_reload and coop_av_de_reload
[2026-08-22 20:47:07 UTC-6.000] DUPLICATE ALIASES: coop_av_us_contact and coop_av_us_contact
[2026-08-22 20:47:07 UTC-6.000] DUPLICATE ALIASES: coop_av_us_contact and coop_av_us_contact
[2026-08-22 20:47:07 UTC-6.000] DUPLICATE ALIASES: coop_av_us_contact and coop_av_us_contact
[2026-08-22 20:47:07 UTC-6.000] DUPLICATE ALIASES: coop_av_us_contact and coop_av_us_contact
[2026-08-22 20:47:07 UTC-6.000] DUPLICATE ALIASES: coop_av_us_contact and coop_av_us_contact
[2026-08-22 20:47:07 UTC-6.000] DUPLICATE ALIASES: coop_av_us_contact and coop_av_us_contact
[2026-08-22 20:47:07 UTC-6.000] DUPLICATE ALIASES: coop_av_us_contact and coop_av_us_contact
[2026-08-22 20:47:07 UTC-6.000] DUPLICATE ALIASES: coop_av_us_spot and coop_av_us_spot
[2026-08-22 20:47:07 UTC-6.000] DUPLICATE ALIASES: coop_av_us_spot and coop_av_us_spot
[2026-08-22 20:47:07 UTC-6.000] DUPLICATE ALIASES: coop_av_us_spot and coop_av_us_spot
[2026-08-22 20:47:07 UTC-6.000] DUPLICATE ALIASES: coop_av_us_cover and coop_av_us_cover
[2026-08-22 20:47:07 UTC-6.000] DUPLICATE ALIASES: coop_av_us_cover and coop_av_us_cover
[2026-08-22 20:47:07 UTC-6.000] DUPLICATE ALIASES: coop_av_us_cover and coop_av_us_cover
[2026-08-22 20:47:07 UTC-6.000] DUPLICATE ALIASES: coop_av_us_cover and coop_av_us_cover
[2026-08-22 20:47:07 UTC-6.000] DUPLICATE ALIASES: coop_av_us_cover and coop_av_us_cover
[2026-08-22 20:47:07 UTC-6.000] DUPLICATE ALIASES: coop_av_us_cover and coop_av_us_cover
[2026-08-22 20:47:07 UTC-6.000] DUPLICATE ALIASES: coop_av_us_cover and coop_av_us_cover
[2026-08-22 20:47:07 UTC-6.000] DUPLICATE ALIASES: coop_av_us_grenade and coop_av_us_grenade
[2026-08-22 20:47:07 UTC-6.000] DUPLICATE ALIASES: coop_av_us_grenade and coop_av_us_grenade
[2026-08-22 20:47:07 UTC-6.000] DUPLICATE ALIASES: coop_av_us_grenade and coop_av_us_grenade
[2026-08-22 20:47:07 UTC-6.000] DUPLICATE ALIASES: coop_av_us_grenade and coop_av_us_grenade
[2026-08-22 20:47:07 UTC-6.000] DUPLICATE ALIASES: coop_av_us_grenade and coop_av_us_grenade
[2026-08-22 20:47:07 UTC-6.000] DUPLICATE ALIASES: coop_av_us_mandown and coop_av_us_mandown
[2026-08-22 20:47:07 UTC-6.000] DUPLICATE ALIASES: coop_av_us_mandown and coop_av_us_mandown
[2026-08-22 20:47:07 UTC-6.000] DUPLICATE ALIASES: coop_av_us_mandown and coop_av_us_mandown
[2026-08-22 20:47:07 UTC-6.000] DUPLICATE ALIASES: coop_av_us_mandown and coop_av_us_mandown
[2026-08-22 20:47:07 UTC-6.000] DUPLICATE ALIASES: coop_av_us_fallback and coop_av_us_fallback
[2026-08-22 20:47:07 UTC-6.000] DUPLICATE ALIASES: coop_av_us_fallback and coop_av_us_fallback
[2026-08-22 20:47:07 UTC-6.000] DUPLICATE ALIASES: coop_av_us_fallback and coop_av_us_fallback
[2026-08-22 20:47:07 UTC-6.000] DUPLICATE ALIASES: coop_av_us_kill and coop_av_us_kill
[2026-08-22 20:47:07 UTC-6.000] DUPLICATE ALIASES: coop_av_us_kill and coop_av_us_kill
[2026-08-22 20:47:07 UTC-6.000] DUPLICATE ALIASES: coop_av_us_kill and coop_av_us_kill
[2026-08-22 20:47:07 UTC-6.000] DUPLICATE ALIASES: coop_av_us_kill and coop_av_us_kill
[2026-08-22 20:47:07 UTC-6.000] DUPLICATE ALIASES: coop_av_us_kill and coop_av_us_kill
[2026-08-22 20:47:07 UTC-6.000] DUPLICATE ALIASES: coop_av_us_attack and coop_av_us_attack
[2026-08-22 20:47:07 UTC-6.000] DUPLICATE ALIASES: coop_av_us_attack and coop_av_us_attack
[2026-08-22 20:47:07 UTC-6.000] DUPLICATE ALIASES: coop_av_us_attack and coop_av_us_attack
[2026-08-22 20:47:07 UTC-6.000] DUPLICATE ALIASES: coop_av_us_attack and coop_av_us_attack
[2026-08-22 20:47:07 UTC-6.000] DUPLICATE ALIASES: coop_av_us_attack and coop_av_us_attack
[2026-08-22 20:47:07 UTC-6.000] DUPLICATE ALIASES: coop_av_us_taunt and coop_av_us_taunt
[2026-08-22 20:47:07 UTC-6.000] DUPLICATE ALIASES: coop_av_us_taunt and coop_av_us_taunt
[2026-08-22 20:47:07 UTC-6.000] DUPLICATE ALIASES: coop_av_us_taunt and coop_av_us_taunt
[2026-08-22 20:47:07 UTC-6.000] DUPLICATE ALIASES: coop_av_us_taunt and coop_av_us_taunt
[2026-08-22 20:47:07 UTC-6.000] DUPLICATE ALIASES: coop_av_us_taunt and coop_av_us_taunt
[2026-08-22 20:47:07 UTC-6.000] DUPLICATE ALIASES: coop_av_us_backup and coop_av_us_backup
[2026-08-22 20:47:07 UTC-6.000] DUPLICATE ALIASES: coop_av_us_backup and coop_av_us_backup
[2026-08-22 20:47:07 UTC-6.000] DUPLICATE ALIASES: coop_av_us_backup and coop_av_us_backup
[2026-08-22 20:47:07 UTC-6.000] DUPLICATE ALIASES: coop_av_us_backup and coop_av_us_backup
[2026-08-22 20:47:07 UTC-6.000] DUPLICATE ALIASES: coop_av_us_backup and coop_av_us_backup
[2026-08-22 20:47:07 UTC-6.000] DUPLICATE ALIASES: coop_av_us_reload and coop_av_us_reload
[2026-08-22 20:47:07 UTC-6.000] DUPLICATE ALIASES: coop_av_us_reload and coop_av_us_reload
[2026-08-22 20:47:07 UTC-6.000] DUPLICATE ALIASES: coop_av_us_reload and coop_av_us_reload
[2026-08-22 20:47:07 UTC-6.000] DUPLICATE ALIASES: coop_av_us_reload and coop_av_us_reload
[2026-08-22 20:47:07 UTC-6.000] DUPLICATE ALIASES: coop_av_us_reload and coop_av_us_reload
[2026-08-22 20:47:07 UTC-6.000] DUPLICATE ALIASES: coop_av_uk_contact and coop_av_uk_contact
[2026-08-22 20:47:07 UTC-6.000] DUPLICATE ALIASES: coop_av_uk_contact and coop_av_uk_contact
[2026-08-22 20:47:07 UTC-6.000] DUPLICATE ALIASES: coop_av_uk_contact and coop_av_uk_contact
[2026-08-22 20:47:07 UTC-6.000] DUPLICATE ALIASES: coop_av_uk_contact and coop_av_uk_contact
[2026-08-22 20:47:07 UTC-6.000] DUPLICATE ALIASES: coop_av_uk_contact and coop_av_uk_contact
[2026-08-22 20:47:07 UTC-6.000] DUPLICATE ALIASES: coop_av_uk_cover and coop_av_uk_cover
[2026-08-22 20:47:07 UTC-6.000] DUPLICATE ALIASES: coop_av_uk_cover and coop_av_uk_cover
[2026-08-22 20:47:07 UTC-6.000] DUPLICATE ALIASES: coop_av_uk_cover and coop_av_uk_cover
[2026-08-22 20:47:07 UTC-6.000] DUPLICATE ALIASES: coop_av_uk_cover and coop_av_uk_cover
[2026-08-22 20:47:07 UTC-6.000] DUPLICATE ALIASES: coop_av_uk_cover and coop_av_uk_cover
[2026-08-22 20:47:07 UTC-6.000] DUPLICATE ALIASES: coop_av_uk_backup and coop_av_uk_backup
[2026-08-22 20:47:07 UTC-6.000] DUPLICATE ALIASES: coop_av_uk_backup and coop_av_uk_backup
[2026-08-22 20:47:07 UTC-6.000] DUPLICATE ALIASES: coop_av_uk_backup and coop_av_uk_backup
[2026-08-22 20:47:07 UTC-6.000] DUPLICATE ALIASES: coop_av_uk_backup and coop_av_uk_backup
[2026-08-22 20:47:07 UTC-6.000] DUPLICATE ALIASES: coop_av_uk_reload and coop_av_uk_reload
[2026-08-22 20:47:07 UTC-6.000] DUPLICATE ALIASES: coop_av_uk_reload and coop_av_uk_reload
[2026-08-22 20:47:07 UTC-6.000] DUPLICATE ALIASES: coop_av_uk_reload and coop_av_uk_reload
[2026-08-22 20:47:07 UTC-6.000] DUPLICATE ALIASES: coop_av_uk_reload and coop_av_uk_reload
[2026-08-22 20:47:07 UTC-6.000] DUPLICATE ALIASES: coop_av_uk_reload and coop_av_uk_reload
[2026-08-22 20:47:07 UTC-6.000] DUPLICATE ALIASES: coop_av_it_contact and coop_av_it_contact
[2026-08-22 20:47:07 UTC-6.000] DUPLICATE ALIASES: coop_av_it_contact and coop_av_it_contact
[2026-08-22 20:47:07 UTC-6.000] DUPLICATE ALIASES: coop_av_it_contact and coop_av_it_contact
[2026-08-22 20:47:07 UTC-6.000] DUPLICATE ALIASES: coop_av_it_cover and coop_av_it_cover
[2026-08-22 20:47:07 UTC-6.000] DUPLICATE ALIASES: coop_av_it_cover and coop_av_it_cover
[2026-08-22 20:47:07 UTC-6.000] DUPLICATE ALIASES: coop_av_it_grenade and coop_av_it_grenade
[2026-08-22 20:47:07 UTC-6.000] DUPLICATE ALIASES: coop_av_it_grenade and coop_av_it_grenade
[2026-08-22 20:47:07 UTC-6.000] DUPLICATE ALIASES: coop_av_it_grenade and coop_av_it_grenade
[2026-08-22 20:47:07 UTC-6.000] DUPLICATE ALIASES: coop_av_it_taunt and coop_av_it_taunt
[2026-08-22 20:47:07 UTC-6.000] DUPLICATE ALIASES: coop_av_it_taunt and coop_av_it_taunt
[2026-08-22 20:47:07 UTC-6.000] DUPLICATE ALIASES: coop_av_it_curious and coop_av_it_curious
[2026-08-22 20:47:07 UTC-6.000] DUPLICATE ALIASES: coop_av_it_curious and coop_av_it_curious
[2026-08-22 20:47:07 UTC-6.000] DUPLICATE ALIASES: coop_av_ru_contact and coop_av_ru_contact
[2026-08-22 20:47:07 UTC-6.000] DUPLICATE ALIASES: coop_av_ru_spot and coop_av_ru_spot
[2026-08-22 20:47:07 UTC-6.000] DUPLICATE ALIASES: coop_av_ru_attack and coop_av_ru_attack
[2026-08-22 20:47:07 UTC-6.000] DUPLICATE ALIASES: coop_av_ru_attack and coop_av_ru_attack
[2026-08-22 20:47:07 UTC-6.000] DUPLICATE ALIASES: coop_av_ru_cover and coop_av_ru_cover
[2026-08-22 20:47:07 UTC-6.000] DUPLICATE ALIASES: coop_av_ru_cover and coop_av_ru_cover
[2026-08-22 20:47:07 UTC-6.000] DUPLICATE ALIASES: coop_av_ru_fallback and coop_av_ru_fallback
[2026-08-22 20:47:07 UTC-6.000] DUPLICATE ALIASES: coop_av_ru_backup and coop_av_ru_backup
[2026-08-22 20:47:07 UTC-6.000] DUPLICATE ALIASES: coop_av_ru_kill and coop_av_ru_kill
[2026-08-22 20:47:07 UTC-6.000] DUPLICATE ALIASES: coop_av_ru_kill and coop_av_ru_kill
[2026-08-22 20:47:07 UTC-6.000] DUPLICATE ALIASES: coop_av_ru_taunt and coop_av_ru_taunt
[2026-08-22 20:47:07 UTC-6.000] DUPLICATE ALIASES: coop_av_ru_taunt and coop_av_ru_taunt
[2026-08-22 20:47:07 UTC-6.000] DUPLICATE ALIASES: coop_av_ru_taunt and coop_av_ru_taunt
[2026-08-22 20:47:07 UTC-6.000] Parse/Load time: 0.044000 seconds.
[2026-08-22 20:47:07 UTC-6.000] -------------PARSING 'ubersound/coop_aivoice.scr' DONE (SERVER)---------------

[2026-08-22 20:47:07 UTC-6.000] 

-----------PARSING 'ubersound/coop_audio.scr' (SERVER)------------
[2026-08-22 20:47:07 UTC-6.000] Any SetCurrentTiki errors means that tiki wasn't prefetched and tiki-specific sounds for it won't work. To fix prefetch the tiki. Ignore if you don't use that tiki on this level.
[2026-08-22 20:47:07 UTC-6.000] G_Command_ProcessFile: ubersound/coop_audio.scr
[2026-08-22 20:47:07 UTC-6.000] Parse/Load time: 0.000000 seconds.
[2026-08-22 20:47:07 UTC-6.000] -------------PARSING 'ubersound/coop_audio.scr' DONE (SERVER)---------------

[2026-08-22 20:47:07 UTC-6.000] 

-----------PARSING 'ubersound/coop_buildsounds.scr' (SERVER)------------
[2026-08-22 20:47:07 UTC-6.000] Any SetCurrentTiki errors means that tiki wasn't prefetched and tiki-specific sounds for it won't work. To fix prefetch the tiki. Ignore if you don't use that tiki on this level.
[2026-08-22 20:47:07 UTC-6.000] G_Command_ProcessFile: ubersound/coop_buildsounds.scr
[2026-08-22 20:47:07 UTC-6.000] Parse/Load time: 0.001000 seconds.
[2026-08-22 20:47:07 UTC-6.000] -------------PARSING 'ubersound/coop_buildsounds.scr' DONE (SERVER)---------------

[2026-08-22 20:47:07 UTC-6.000] 

-----------PARSING 'ubersound/coop_chatter.scr' (SERVER)------------
[2026-08-22 20:47:07 UTC-6.000] Any SetCurrentTiki errors means that tiki wasn't prefetched and tiki-specific sounds for it won't work. To fix prefetch the tiki. Ignore if you don't use that tiki on this level.
[2026-08-22 20:47:07 UTC-6.000] G_Command_ProcessFile: ubersound/coop_chatter.scr
[2026-08-22 20:47:07 UTC-6.000] DUPLICATE ALIASES: coop_av_de_attack and coop_av_de_attack
[2026-08-22 20:47:07 UTC-6.000] DUPLICATE ALIASES: coop_av_de_attack and coop_av_de_attack
[2026-08-22 20:47:07 UTC-6.000] DUPLICATE ALIASES: coop_av_de_attack and coop_av_de_attack
[2026-08-22 20:47:07 UTC-6.000] DUPLICATE ALIASES: coop_av_de_attack and coop_av_de_attack
[2026-08-22 20:47:07 UTC-6.000] DUPLICATE ALIASES: coop_av_de_attack and coop_av_de_attack
[2026-08-22 20:47:07 UTC-6.000] DUPLICATE ALIASES: coop_av_de_attack and coop_av_de_attack
[2026-08-22 20:47:07 UTC-6.000] DUPLICATE ALIASES: coop_av_de_attack and coop_av_de_attack
[2026-08-22 20:47:07 UTC-6.000] DUPLICATE ALIASES: coop_av_de_attack and coop_av_de_attack
[2026-08-22 20:47:07 UTC-6.000] DUPLICATE ALIASES: coop_av_de_attack and coop_av_de_attack
[2026-08-22 20:47:07 UTC-6.000] DUPLICATE ALIASES: coop_av_de_attack and coop_av_de_attack
[2026-08-22 20:47:07 UTC-6.000] DUPLICATE ALIASES: coop_av_de_attack and coop_av_de_attack
[2026-08-22 20:47:07 UTC-6.000] DUPLICATE ALIASES: coop_av_de_attack and coop_av_de_attack
[2026-08-22 20:47:07 UTC-6.000] DUPLICATE ALIASES: coop_av_de_attack and coop_av_de_attack
[2026-08-22 20:47:07 UTC-6.000] DUPLICATE ALIASES: coop_av_de_attack and coop_av_de_attack
[2026-08-22 20:47:07 UTC-6.000] DUPLICATE ALIASES: coop_av_de_attack and coop_av_de_attack
[2026-08-22 20:47:07 UTC-6.000] DUPLICATE ALIASES: coop_av_de_attack and coop_av_de_attack
[2026-08-22 20:47:07 UTC-6.000] DUPLICATE ALIASES: coop_av_de_attack and coop_av_de_attack
[2026-08-22 20:47:07 UTC-6.000] DUPLICATE ALIASES: coop_av_de_attack and coop_av_de_attack
[2026-08-22 20:47:07 UTC-6.000] DUPLICATE ALIASES: coop_av_de_attack and coop_av_de_attack
[2026-08-22 20:47:07 UTC-6.000] DUPLICATE ALIASES: coop_av_de_attack and coop_av_de_attack
[2026-08-22 20:47:07 UTC-6.000] DUPLICATE ALIASES: coop_av_de_attack and coop_av_de_attack
[2026-08-22 20:47:07 UTC-6.000] DUPLICATE ALIASES: coop_av_de_attack and coop_av_de_attack
[2026-08-22 20:47:07 UTC-6.000] DUPLICATE ALIASES: coop_av_de_attack and coop_av_de_attack
[2026-08-22 20:47:07 UTC-6.000] DUPLICATE ALIASES: coop_av_de_attack and coop_av_de_attack
[2026-08-22 20:47:07 UTC-6.000] DUPLICATE ALIASES: coop_av_de_attack and coop_av_de_attack
[2026-08-22 20:47:07 UTC-6.000] DUPLICATE ALIASES: coop_av_de_attack and coop_av_de_attack
[2026-08-22 20:47:07 UTC-6.000] DUPLICATE ALIASES: coop_av_de_attack and coop_av_de_attack
[2026-08-22 20:47:07 UTC-6.000] DUPLICATE ALIASES: coop_av_de_attack and coop_av_de_attack
[2026-08-22 20:47:07 UTC-6.000] DUPLICATE ALIASES: coop_av_de_attack and coop_av_de_attack
[2026-08-22 20:47:07 UTC-6.000] DUPLICATE ALIASES: coop_av_de_attack and coop_av_de_attack
[2026-08-22 20:47:07 UTC-6.000] DUPLICATE ALIASES: coop_av_de_attack and coop_av_de_attack
[2026-08-22 20:47:07 UTC-6.000] DUPLICATE ALIASES: coop_av_de_attack and coop_av_de_attack
[2026-08-22 20:47:07 UTC-6.000] DUPLICATE ALIASES: coop_av_de_attack and coop_av_de_attack
[2026-08-22 20:47:07 UTC-6.000] DUPLICATE ALIASES: coop_av_de_attack and coop_av_de_attack
[2026-08-22 20:47:07 UTC-6.000] DUPLICATE ALIASES: coop_av_de_backup and coop_av_de_backup
[2026-08-22 20:47:07 UTC-6.000] DUPLICATE ALIASES: coop_av_de_backup and coop_av_de_backup
[2026-08-22 20:47:07 UTC-6.000] DUPLICATE ALIASES: coop_av_de_banter and coop_av_de_banter
[2026-08-22 20:47:07 UTC-6.000] DUPLICATE ALIASES: coop_av_de_banter and coop_av_de_banter
[2026-08-22 20:47:07 UTC-6.000] DUPLICATE ALIASES: coop_av_de_banter and coop_av_de_banter
[2026-08-22 20:47:07 UTC-6.000] DUPLICATE ALIASES: coop_av_de_banter and coop_av_de_banter
[2026-08-22 20:47:07 UTC-6.000] DUPLICATE ALIASES: coop_av_de_banter and coop_av_de_banter
[2026-08-22 20:47:07 UTC-6.000] DUPLICATE ALIASES: coop_av_de_banter and coop_av_de_banter
[2026-08-22 20:47:07 UTC-6.000] DUPLICATE ALIASES: coop_av_de_banter and coop_av_de_banter
[2026-08-22 20:47:07 UTC-6.000] DUPLICATE ALIASES: coop_av_de_banter and coop_av_de_banter
[2026-08-22 20:47:07 UTC-6.000] DUPLICATE ALIASES: coop_av_de_banter and coop_av_de_banter
[2026-08-22 20:47:07 UTC-6.000] DUPLICATE ALIASES: coop_av_de_banter and coop_av_de_banter
[2026-08-22 20:47:07 UTC-6.000] DUPLICATE ALIASES: coop_av_de_banter and coop_av_de_banter
[2026-08-22 20:47:07 UTC-6.000] DUPLICATE ALIASES: coop_av_de_banter and coop_av_de_banter
[2026-08-22 20:47:07 UTC-6.000] DUPLICATE ALIASES: coop_av_de_banter and coop_av_de_banter
[2026-08-22 20:47:07 UTC-6.000] DUPLICATE ALIASES: coop_av_de_banter and coop_av_de_banter
[2026-08-22 20:47:07 UTC-6.000] DUPLICATE ALIASES: coop_av_de_banter and coop_av_de_banter
[2026-08-22 20:47:07 UTC-6.000] DUPLICATE ALIASES: coop_av_de_banter and coop_av_de_banter
[2026-08-22 20:47:07 UTC-6.000] DUPLICATE ALIASES: coop_av_de_banter and coop_av_de_banter
[2026-08-22 20:47:07 UTC-6.000] DUPLICATE ALIASES: coop_av_de_banter and coop_av_de_banter
[2026-08-22 20:47:07 UTC-6.000] DUPLICATE ALIASES: coop_av_de_banter and coop_av_de_banter
[2026-08-22 20:47:07 UTC-6.000] DUPLICATE ALIASES: coop_av_de_banter and coop_av_de_banter
[2026-08-22 20:47:07 UTC-6.000] DUPLICATE ALIASES: coop_av_de_banter and coop_av_de_banter
[2026-08-22 20:47:07 UTC-6.000] DUPLICATE ALIASES: coop_av_de_banter and coop_av_de_banter
[2026-08-22 20:47:07 UTC-6.000] DUPLICATE ALIASES: coop_av_de_banter and coop_av_de_banter
[2026-08-22 20:47:07 UTC-6.000] DUPLICATE ALIASES: coop_av_de_banter and coop_av_de_banter
[2026-08-22 20:47:07 UTC-6.000] DUPLICATE ALIASES: coop_av_de_banter and coop_av_de_banter
[2026-08-22 20:47:07 UTC-6.000] DUPLICATE ALIASES: coop_av_de_fear and coop_av_de_fear
[2026-08-22 20:47:07 UTC-6.000] DUPLICATE ALIASES: coop_av_de_fear and coop_av_de_fear
[2026-08-22 20:47:07 UTC-6.000] DUPLICATE ALIASES: coop_av_de_fear and coop_av_de_fear
[2026-08-22 20:47:07 UTC-6.000] DUPLICATE ALIASES: coop_av_de_fear and coop_av_de_fear
[2026-08-22 20:47:07 UTC-6.000] DUPLICATE ALIASES: coop_av_de_fear and coop_av_de_fear
[2026-08-22 20:47:07 UTC-6.000] DUPLICATE ALIASES: coop_av_de_fear and coop_av_de_fear
[2026-08-22 20:47:07 UTC-6.000] DUPLICATE ALIASES: coop_av_de_fear and coop_av_de_fear
[2026-08-22 20:47:07 UTC-6.000] DUPLICATE ALIASES: coop_av_de_fear and coop_av_de_fear
[2026-08-22 20:47:07 UTC-6.000] DUPLICATE ALIASES: coop_av_de_fear and coop_av_de_fear
[2026-08-22 20:47:07 UTC-6.000] DUPLICATE ALIASES: coop_av_de_fear and coop_av_de_fear
[2026-08-22 20:47:07 UTC-6.000] DUPLICATE ALIASES: coop_av_de_fear and coop_av_de_fear
[2026-08-22 20:47:07 UTC-6.000] DUPLICATE ALIASES: coop_av_de_fear and coop_av_de_fear
[2026-08-22 20:47:07 UTC-6.000] DUPLICATE ALIASES: coop_av_de_fear and coop_av_de_fear
[2026-08-22 20:47:07 UTC-6.000] DUPLICATE ALIASES: coop_av_de_fear and coop_av_de_fear
[2026-08-22 20:47:07 UTC-6.000] DUPLICATE ALIASES: coop_av_de_fear and coop_av_de_fear
[2026-08-22 20:47:07 UTC-6.000] DUPLICATE ALIASES: coop_av_de_fear and coop_av_de_fear
[2026-08-22 20:47:07 UTC-6.000] DUPLICATE ALIASES: coop_av_de_fear and coop_av_de_fear
[2026-08-22 20:47:07 UTC-6.000] DUPLICATE ALIASES: coop_av_de_fear and coop_av_de_fear
[2026-08-22 20:47:07 UTC-6.000] DUPLICATE ALIASES: coop_av_de_fear and coop_av_de_fear
[2026-08-22 20:47:07 UTC-6.000] DUPLICATE ALIASES: coop_av_de_fear and coop_av_de_fear
[2026-08-22 20:47:07 UTC-6.000] DUPLICATE ALIASES: coop_av_de_fear and coop_av_de_fear
[2026-08-22 20:47:07 UTC-6.000] DUPLICATE ALIASES: coop_av_de_fear and coop_av_de_fear
[2026-08-22 20:47:07 UTC-6.000] DUPLICATE ALIASES: coop_av_de_fear and coop_av_de_fear
[2026-08-22 20:47:07 UTC-6.000] DUPLICATE ALIASES: coop_av_de_fear and coop_av_de_fear
[2026-08-22 20:47:07 UTC-6.000] DUPLICATE ALIASES: coop_av_de_fear and coop_av_de_fear
[2026-08-22 20:47:07 UTC-6.000] DUPLICATE ALIASES: coop_av_de_fear and coop_av_de_fear
[2026-08-22 20:47:07 UTC-6.000] DUPLICATE ALIASES: coop_av_de_fear and coop_av_de_fear
[2026-08-22 20:47:07 UTC-6.000] DUPLICATE ALIASES: coop_av_de_fear and coop_av_de_fear
[2026-08-22 20:47:07 UTC-6.000] DUPLICATE ALIASES: coop_av_de_fear and coop_av_de_fear
[2026-08-22 20:47:07 UTC-6.000] DUPLICATE ALIASES: coop_av_de_fear and coop_av_de_fear
[2026-08-22 20:47:07 UTC-6.000] DUPLICATE ALIASES: coop_av_de_fear and coop_av_de_fear
[2026-08-22 20:47:07 UTC-6.000] DUPLICATE ALIASES: coop_av_de_fear and coop_av_de_fear
[2026-08-22 20:47:07 UTC-6.000] DUPLICATE ALIASES: coop_av_de_fear and coop_av_de_fear
[2026-08-22 20:47:07 UTC-6.000] DUPLICATE ALIASES: coop_av_de_fear and coop_av_de_fear
[2026-08-22 20:47:07 UTC-6.000] DUPLICATE ALIASES: coop_av_de_fear and coop_av_de_fear
[2026-08-22 20:47:07 UTC-6.000] DUPLICATE ALIASES: coop_av_de_fear and coop_av_de_fear
[2026-08-22 20:47:07 UTC-6.000] DUPLICATE ALIASES: coop_av_de_fear and coop_av_de_fear
[2026-08-22 20:47:07 UTC-6.000] DUPLICATE ALIASES: coop_av_de_fear and coop_av_de_fear
[2026-08-22 20:47:07 UTC-6.000] DUPLICATE ALIASES: coop_av_de_fear and coop_av_de_fear
[2026-08-22 20:47:07 UTC-6.000] DUPLICATE ALIASES: coop_av_de_fear and coop_av_de_fear
[2026-08-22 20:47:07 UTC-6.000] DUPLICATE ALIASES: coop_av_de_fear and coop_av_de_fear
[2026-08-22 20:47:07 UTC-6.000] DUPLICATE ALIASES: coop_av_de_fear and coop_av_de_fear
[2026-08-22 20:47:07 UTC-6.000] DUPLICATE ALIASES: coop_av_de_fear and coop_av_de_fear
[2026-08-22 20:47:07 UTC-6.000] DUPLICATE ALIASES: coop_av_de_fear and coop_av_de_fear
[2026-08-22 20:47:07 UTC-6.000] DUPLICATE ALIASES: coop_av_de_fear and coop_av_de_fear
[2026-08-22 20:47:07 UTC-6.000] DUPLICATE ALIASES: coop_av_de_fear and coop_av_de_fear
[2026-08-22 20:47:07 UTC-6.000] DUPLICATE ALIASES: coop_av_de_fear and coop_av_de_fear
[2026-08-22 20:47:07 UTC-6.000] DUPLICATE ALIASES: coop_av_de_fear and coop_av_de_fear
[2026-08-22 20:47:07 UTC-6.000] DUPLICATE ALIASES: coop_av_de_fear and coop_av_de_fear
[2026-08-22 20:47:07 UTC-6.000] DUPLICATE ALIASES: coop_av_de_fear and coop_av_de_fear
[2026-08-22 20:47:07 UTC-6.000] DUPLICATE ALIASES: coop_av_de_fear and coop_av_de_fear
[2026-08-22 20:47:07 UTC-6.000] DUPLICATE ALIASES: coop_av_de_fear and coop_av_de_fear
[2026-08-22 20:47:07 UTC-6.000] DUPLICATE ALIASES: coop_av_de_fear and coop_av_de_fear
[2026-08-22 20:47:07 UTC-6.000] DUPLICATE ALIASES: coop_av_de_fear and coop_av_de_fear
[2026-08-22 20:47:07 UTC-6.000] DUPLICATE ALIASES: coop_av_de_fear and coop_av_de_fear
[2026-08-22 20:47:07 UTC-6.000] DUPLICATE ALIASES: coop_av_de_fear and coop_av_de_fear
[2026-08-22 20:47:07 UTC-6.000] DUPLICATE ALIASES: coop_av_de_fear and coop_av_de_fear
[2026-08-22 20:47:07 UTC-6.000] DUPLICATE ALIASES: coop_av_de_fear and coop_av_de_fear
[2026-08-22 20:47:07 UTC-6.000] DUPLICATE ALIASES: coop_av_de_fear and coop_av_de_fear
[2026-08-22 20:47:07 UTC-6.000] DUPLICATE ALIASES: coop_av_de_fear and coop_av_de_fear
[2026-08-22 20:47:07 UTC-6.000] DUPLICATE ALIASES: coop_av_de_fear and coop_av_de_fear
[2026-08-22 20:47:07 UTC-6.000] DUPLICATE ALIASES: coop_av_de_fear and coop_av_de_fear
[2026-08-22 20:47:07 UTC-6.000] DUPLICATE ALIASES: coop_av_de_fear and coop_av_de_fear
[2026-08-22 20:47:07 UTC-6.000] DUPLICATE ALIASES: coop_av_de_fear and coop_av_de_fear
[2026-08-22 20:47:07 UTC-6.000] DUPLICATE ALIASES: coop_av_de_fear and coop_av_de_fear
[2026-08-22 20:47:07 UTC-6.000] DUPLICATE ALIASES: coop_av_de_fear and coop_av_de_fear
[2026-08-22 20:47:07 UTC-6.000] DUPLICATE ALIASES: coop_av_de_fear and coop_av_de_fear
[2026-08-22 20:47:07 UTC-6.000] DUPLICATE ALIASES: coop_av_de_fear and coop_av_de_fear
[2026-08-22 20:47:07 UTC-6.000] DUPLICATE ALIASES: coop_av_de_fear and coop_av_de_fear
[2026-08-22 20:47:07 UTC-6.000] DUPLICATE ALIASES: coop_av_de_fear and coop_av_de_fear
[2026-08-22 20:47:07 UTC-6.000] DUPLICATE ALIASES: coop_av_de_fear and coop_av_de_fear
[2026-08-22 20:47:07 UTC-6.000] DUPLICATE ALIASES: coop_av_de_fear and coop_av_de_fear
[2026-08-22 20:47:07 UTC-6.000] DUPLICATE ALIASES: coop_av_de_fear and coop_av_de_fear
[2026-08-22 20:47:07 UTC-6.000] DUPLICATE ALIASES: coop_av_de_fear and coop_av_de_fear
[2026-08-22 20:47:07 UTC-6.000] DUPLICATE ALIASES: coop_av_de_fear and coop_av_de_fear
[2026-08-22 20:47:07 UTC-6.000] DUPLICATE ALIASES: coop_av_de_fear and coop_av_de_fear
[2026-08-22 20:47:07 UTC-6.000] DUPLICATE ALIASES: coop_av_de_fear and coop_av_de_fear
[2026-08-22 20:47:07 UTC-6.000] DUPLICATE ALIASES: coop_av_de_fear and coop_av_de_fear
[2026-08-22 20:47:07 UTC-6.000] DUPLICATE ALIASES: coop_av_de_fear and coop_av_de_fear
[2026-08-22 20:47:07 UTC-6.000] DUPLICATE ALIASES: coop_av_de_fear and coop_av_de_fear
[2026-08-22 20:47:07 UTC-6.000] DUPLICATE ALIASES: coop_av_de_fear and coop_av_de_fear
[2026-08-22 20:47:07 UTC-6.000] DUPLICATE ALIASES: coop_av_de_fear and coop_av_de_fear
[2026-08-22 20:47:07 UTC-6.000] DUPLICATE ALIASES: coop_av_de_fear and coop_av_de_fear
[2026-08-22 20:47:07 UTC-6.000] DUPLICATE ALIASES: coop_av_de_fear and coop_av_de_fear
[2026-08-22 20:47:07 UTC-6.000] DUPLICATE ALIASES: coop_av_de_fear and coop_av_de_fear
[2026-08-22 20:47:07 UTC-6.000] DUPLICATE ALIASES: coop_av_de_fear and coop_av_de_fear
[2026-08-22 20:47:07 UTC-6.000] DUPLICATE ALIASES: coop_av_de_fear and coop_av_de_fear
[2026-08-22 20:47:07 UTC-6.000] DUPLICATE ALIASES: coop_av_de_fear and coop_av_de_fear
[2026-08-22 20:47:07 UTC-6.000] DUPLICATE ALIASES: coop_av_de_fear and coop_av_de_fear
[2026-08-22 20:47:07 UTC-6.000] DUPLICATE ALIASES: coop_av_de_fear and coop_av_de_fear
[2026-08-22 20:47:07 UTC-6.000] DUPLICATE ALIASES: coop_av_de_fear and coop_av_de_fear
[2026-08-22 20:47:07 UTC-6.000] DUPLICATE ALIASES: coop_av_de_fear and coop_av_de_fear
[2026-08-22 20:47:07 UTC-6.000] DUPLICATE ALIASES: coop_av_de_fear and coop_av_de_fear
[2026-08-22 20:47:07 UTC-6.000] DUPLICATE ALIASES: coop_av_de_fear and coop_av_de_fear
[2026-08-22 20:47:07 UTC-6.000] DUPLICATE ALIASES: coop_av_de_fear and coop_av_de_fear
[2026-08-22 20:47:07 UTC-6.000] DUPLICATE ALIASES: coop_av_de_fear and coop_av_de_fear
[2026-08-22 20:47:07 UTC-6.000] DUPLICATE ALIASES: coop_av_de_fear and coop_av_de_fear
[2026-08-22 20:47:07 UTC-6.000] DUPLICATE ALIASES: coop_av_de_fear and coop_av_de_fear
[2026-08-22 20:47:07 UTC-6.000] DUPLICATE ALIASES: coop_av_de_fear and coop_av_de_fear
[2026-08-22 20:47:07 UTC-6.000] DUPLICATE ALIASES: coop_av_de_fear and coop_av_de_fear
[2026-08-22 20:47:07 UTC-6.000] DUPLICATE ALIASES: coop_av_de_fear and coop_av_de_fear
[2026-08-22 20:47:07 UTC-6.000] DUPLICATE ALIASES: coop_av_de_fear and coop_av_de_fear
[2026-08-22 20:47:07 UTC-6.000] DUPLICATE ALIASES: coop_av_de_fear and coop_av_de_fear
[2026-08-22 20:47:07 UTC-6.000] DUPLICATE ALIASES: coop_av_de_fear and coop_av_de_fear
[2026-08-22 20:47:07 UTC-6.000] DUPLICATE ALIASES: coop_av_de_fear and coop_av_de_fear
[2026-08-22 20:47:07 UTC-6.000] DUPLICATE ALIASES: coop_av_de_fear and coop_av_de_fear
[2026-08-22 20:47:07 UTC-6.000] DUPLICATE ALIASES: coop_av_de_fear and coop_av_de_fear
[2026-08-22 20:47:07 UTC-6.000] DUPLICATE ALIASES: coop_av_de_fear and coop_av_de_fear
[2026-08-22 20:47:07 UTC-6.000] DUPLICATE ALIASES: coop_av_de_fear and coop_av_de_fear
[2026-08-22 20:47:07 UTC-6.000] DUPLICATE ALIASES: coop_av_de_fear and coop_av_de_fear
[2026-08-22 20:47:07 UTC-6.000] DUPLICATE ALIASES: coop_av_de_fear and coop_av_de_fear
[2026-08-22 20:47:07 UTC-6.000] DUPLICATE ALIASES: coop_av_de_fear and coop_av_de_fear
[2026-08-22 20:47:07 UTC-6.000] DUPLICATE ALIASES: coop_av_de_fear and coop_av_de_fear
[2026-08-22 20:47:07 UTC-6.000] DUPLICATE ALIASES: coop_av_de_fear and coop_av_de_fear
[2026-08-22 20:47:07 UTC-6.000] DUPLICATE ALIASES: coop_av_de_fear and coop_av_de_fear
[2026-08-22 20:47:07 UTC-6.000] DUPLICATE ALIASES: coop_av_de_fear and coop_av_de_fear
[2026-08-22 20:47:07 UTC-6.000] DUPLICATE ALIASES: coop_av_de_fear and coop_av_de_fear
[2026-08-22 20:47:07 UTC-6.000] DUPLICATE ALIASES: coop_av_de_fear and coop_av_de_fear
[2026-08-22 20:47:07 UTC-6.000] DUPLICATE ALIASES: coop_av_de_fear and coop_av_de_fear
[2026-08-22 20:47:07 UTC-6.000] DUPLICATE ALIASES: coop_av_de_fear and coop_av_de_fear
[2026-08-22 20:47:07 UTC-6.000] DUPLICATE ALIASES: coop_av_de_fear and coop_av_de_fear
[2026-08-22 20:47:07 UTC-6.000] DUPLICATE ALIASES: coop_av_de_fear and coop_av_de_fear
[2026-08-22 20:47:07 UTC-6.000] DUPLICATE ALIASES: coop_av_de_fear and coop_av_de_fear
[2026-08-22 20:47:07 UTC-6.000] DUPLICATE ALIASES: coop_av_de_fear and coop_av_de_fear
[2026-08-22 20:47:07 UTC-6.000] DUPLICATE ALIASES: coop_av_de_fear and coop_av_de_fear
[2026-08-22 20:47:07 UTC-6.000] DUPLICATE ALIASES: coop_av_de_fear and coop_av_de_fear
[2026-08-22 20:47:07 UTC-6.000] DUPLICATE ALIASES: coop_av_de_fear and coop_av_de_fear
[2026-08-22 20:47:07 UTC-6.000] DUPLICATE ALIASES: coop_av_de_fear and coop_av_de_fear
[2026-08-22 20:47:07 UTC-6.000] DUPLICATE ALIASES: coop_av_de_fear and coop_av_de_fear
[2026-08-22 20:47:07 UTC-6.000] DUPLICATE ALIASES: coop_av_de_fear and coop_av_de_fear
[2026-08-22 20:47:07 UTC-6.000] DUPLICATE ALIASES: coop_av_de_fear and coop_av_de_fear
[2026-08-22 20:47:07 UTC-6.000] DUPLICATE ALIASES: coop_av_de_fear and coop_av_de_fear
[2026-08-22 20:47:07 UTC-6.000] DUPLICATE ALIASES: coop_av_de_fear and coop_av_de_fear
[2026-08-22 20:47:07 UTC-6.000] DUPLICATE ALIASES: coop_av_de_fear and coop_av_de_fear
[2026-08-22 20:47:07 UTC-6.000] DUPLICATE ALIASES: coop_av_de_fear and coop_av_de_fear
[2026-08-22 20:47:07 UTC-6.000] DUPLICATE ALIASES: coop_av_de_fear and coop_av_de_fear
[2026-08-22 20:47:07 UTC-6.000] DUPLICATE ALIASES: coop_av_de_fear and coop_av_de_fear
[2026-08-22 20:47:07 UTC-6.000] DUPLICATE ALIASES: coop_av_de_fear and coop_av_de_fear
[2026-08-22 20:47:07 UTC-6.000] DUPLICATE ALIASES: coop_av_de_fear and coop_av_de_fear
[2026-08-22 20:47:07 UTC-6.000] DUPLICATE ALIASES: coop_av_de_fear and coop_av_de_fear
[2026-08-22 20:47:07 UTC-6.000] DUPLICATE ALIASES: coop_av_de_fear and coop_av_de_fear
[2026-08-22 20:47:07 UTC-6.000] DUPLICATE ALIASES: coop_av_de_fear and coop_av_de_fear
[2026-08-22 20:47:07 UTC-6.000] DUPLICATE ALIASES: coop_av_de_fear and coop_av_de_fear
[2026-08-22 20:47:07 UTC-6.000] DUPLICATE ALIASES: coop_av_de_fear and coop_av_de_fear
[2026-08-22 20:47:07 UTC-6.000] DUPLICATE ALIASES: coop_av_de_fear and coop_av_de_fear
[2026-08-22 20:47:07 UTC-6.000] DUPLICATE ALIASES: coop_av_de_fear and coop_av_de_fear
[2026-08-22 20:47:07 UTC-6.000] DUPLICATE ALIASES: coop_av_de_fear and coop_av_de_fear
[2026-08-22 20:47:07 UTC-6.000] DUPLICATE ALIASES: coop_av_de_fear and coop_av_de_fear
[2026-08-22 20:47:07 UTC-6.000] DUPLICATE ALIASES: coop_av_de_fear and coop_av_de_fear
[2026-08-22 20:47:07 UTC-6.000] DUPLICATE ALIASES: coop_av_de_fear and coop_av_de_fear
[2026-08-22 20:47:07 UTC-6.000] DUPLICATE ALIASES: coop_av_de_fear and coop_av_de_fear
[2026-08-22 20:47:07 UTC-6.000] DUPLICATE ALIASES: coop_av_de_fear and coop_av_de_fear
[2026-08-22 20:47:07 UTC-6.000] DUPLICATE ALIASES: coop_av_de_fear and coop_av_de_fear
[2026-08-22 20:47:07 UTC-6.000] DUPLICATE ALIASES: coop_av_de_fear and coop_av_de_fear
[2026-08-22 20:47:07 UTC-6.000] DUPLICATE ALIASES: coop_av_de_fear and coop_av_de_fear
[2026-08-22 20:47:07 UTC-6.000] DUPLICATE ALIASES: coop_av_de_fear and coop_av_de_fear
[2026-08-22 20:47:07 UTC-6.000] DUPLICATE ALIASES: coop_av_de_fear and coop_av_de_fear
[2026-08-22 20:47:07 UTC-6.000] DUPLICATE ALIASES: coop_av_de_fear and coop_av_de_fear
[2026-08-22 20:47:07 UTC-6.000] DUPLICATE ALIASES: coop_av_de_fear and coop_av_de_fear
[2026-08-22 20:47:07 UTC-6.000] DUPLICATE ALIASES: coop_av_de_fear and coop_av_de_fear
[2026-08-22 20:47:07 UTC-6.000] DUPLICATE ALIASES: coop_av_de_fear and coop_av_de_fear
[2026-08-22 20:47:07 UTC-6.000] DUPLICATE ALIASES: coop_av_de_fear and coop_av_de_fear
[2026-08-22 20:47:07 UTC-6.000] DUPLICATE ALIASES: coop_av_de_fear and coop_av_de_fear
[2026-08-22 20:47:07 UTC-6.000] DUPLICATE ALIASES: coop_av_de_fear and coop_av_de_fear
[2026-08-22 20:47:07 UTC-6.000] DUPLICATE ALIASES: coop_av_de_fear and coop_av_de_fear
[2026-08-22 20:47:07 UTC-6.000] Unknown parameter for coop_av_de_handsup alias
[2026-08-22 20:47:07 UTC-6.000] DUPLICATE ALIASES: coop_av_de_handsup and coop_av_de_handsup
[2026-08-22 20:47:07 UTC-6.000] DUPLICATE ALIASES: coop_av_de_handsup and coop_av_de_handsup
[2026-08-22 20:47:07 UTC-6.000] DUPLICATE ALIASES: coop_av_it_attack and coop_av_it_attack
[2026-08-22 20:47:07 UTC-6.000] DUPLICATE ALIASES: coop_av_it_attack and coop_av_it_attack
[2026-08-22 20:47:07 UTC-6.000] DUPLICATE ALIASES: coop_av_it_attack and coop_av_it_attack
[2026-08-22 20:47:07 UTC-6.000] DUPLICATE ALIASES: coop_av_it_attack and coop_av_it_attack
[2026-08-22 20:47:07 UTC-6.000] DUPLICATE ALIASES: coop_av_it_attack and coop_av_it_attack
[2026-08-22 20:47:07 UTC-6.000] DUPLICATE ALIASES: coop_av_it_attack and coop_av_it_attack
[2026-08-22 20:47:07 UTC-6.000] DUPLICATE ALIASES: coop_av_it_attack and coop_av_it_attack
[2026-08-22 20:47:07 UTC-6.000] DUPLICATE ALIASES: coop_av_it_attack and coop_av_it_attack
[2026-08-22 20:47:07 UTC-6.000] DUPLICATE ALIASES: coop_av_it_attack and coop_av_it_attack
[2026-08-22 20:47:07 UTC-6.000] DUPLICATE ALIASES: coop_av_it_attack and coop_av_it_attack
[2026-08-22 20:47:07 UTC-6.000] DUPLICATE ALIASES: coop_av_it_attack and coop_av_it_attack
[2026-08-22 20:47:07 UTC-6.000] DUPLICATE ALIASES: coop_av_it_attack and coop_av_it_attack
[2026-08-22 20:47:07 UTC-6.000] DUPLICATE ALIASES: coop_av_it_attack and coop_av_it_attack
[2026-08-22 20:47:07 UTC-6.000] DUPLICATE ALIASES: coop_av_it_attack and coop_av_it_attack
[2026-08-22 20:47:07 UTC-6.000] DUPLICATE ALIASES: coop_av_it_attack and coop_av_it_attack
[2026-08-22 20:47:07 UTC-6.000] DUPLICATE ALIASES: coop_av_it_attack and coop_av_it_attack
[2026-08-22 20:47:07 UTC-6.000] DUPLICATE ALIASES: coop_av_it_attack and coop_av_it_attack
[2026-08-22 20:47:07 UTC-6.000] DUPLICATE ALIASES: coop_av_it_attack and coop_av_it_attack
[2026-08-22 20:47:07 UTC-6.000] DUPLICATE ALIASES: coop_av_it_attack and coop_av_it_attack
[2026-08-22 20:47:07 UTC-6.000] DUPLICATE ALIASES: coop_av_it_attack and coop_av_it_attack
[2026-08-22 20:47:07 UTC-6.000] DUPLICATE ALIASES: coop_av_it_attack and coop_av_it_attack
[2026-08-22 20:47:07 UTC-6.000] DUPLICATE ALIASES: coop_av_it_attack and coop_av_it_attack
[2026-08-22 20:47:07 UTC-6.000] DUPLICATE ALIASES: coop_av_it_attack and coop_av_it_attack
[2026-08-22 20:47:07 UTC-6.000] DUPLICATE ALIASES: coop_av_it_attack and coop_av_it_attack
[2026-08-22 20:47:07 UTC-6.000] DUPLICATE ALIASES: coop_av_it_attack and coop_av_it_attack
[2026-08-22 20:47:07 UTC-6.000] DUPLICATE ALIASES: coop_av_it_attack and coop_av_it_attack
[2026-08-22 20:47:07 UTC-6.000] DUPLICATE ALIASES: coop_av_it_attack and coop_av_it_attack
[2026-08-22 20:47:07 UTC-6.000] DUPLICATE ALIASES: coop_av_it_attack and coop_av_it_attack
[2026-08-22 20:47:07 UTC-6.000] DUPLICATE ALIASES: coop_av_it_attack and coop_av_it_attack
[2026-08-22 20:47:07 UTC-6.000] DUPLICATE ALIASES: coop_av_it_attack and coop_av_it_attack
[2026-08-22 20:47:07 UTC-6.000] DUPLICATE ALIASES: coop_av_it_attack and coop_av_it_attack
[2026-08-22 20:47:07 UTC-6.000] DUPLICATE ALIASES: coop_av_it_attack and coop_av_it_attack
[2026-08-22 20:47:07 UTC-6.000] DUPLICATE ALIASES: coop_av_it_attack and coop_av_it_attack
[2026-08-22 20:47:07 UTC-6.000] DUPLICATE ALIASES: coop_av_it_attack and coop_av_it_attack
[2026-08-22 20:47:07 UTC-6.000] DUPLICATE ALIASES: coop_av_it_attack and coop_av_it_attack
[2026-08-22 20:47:07 UTC-6.000] DUPLICATE ALIASES: coop_av_it_attack and coop_av_it_attack
[2026-08-22 20:47:07 UTC-6.000] DUPLICATE ALIASES: coop_av_it_attack and coop_av_it_attack
[2026-08-22 20:47:07 UTC-6.000] DUPLICATE ALIASES: coop_av_it_attack and coop_av_it_attack
[2026-08-22 20:47:07 UTC-6.000] DUPLICATE ALIASES: coop_av_it_attack and coop_av_it_attack
[2026-08-22 20:47:07 UTC-6.000] DUPLICATE ALIASES: coop_av_it_attack and coop_av_it_attack
[2026-08-22 20:47:07 UTC-6.000] DUPLICATE ALIASES: coop_av_it_attack and coop_av_it_attack
[2026-08-22 20:47:07 UTC-6.000] DUPLICATE ALIASES: coop_av_it_attack and coop_av_it_attack
[2026-08-22 20:47:07 UTC-6.000] DUPLICATE ALIASES: coop_av_it_attack and coop_av_it_attack
[2026-08-22 20:47:07 UTC-6.000] DUPLICATE ALIASES: coop_av_it_attack and coop_av_it_attack
[2026-08-22 20:47:07 UTC-6.000] DUPLICATE ALIASES: coop_av_it_attack and coop_av_it_attack
[2026-08-22 20:47:07 UTC-6.000] DUPLICATE ALIASES: coop_av_it_attack and coop_av_it_attack
[2026-08-22 20:47:07 UTC-6.000] DUPLICATE ALIASES: coop_av_it_attack and coop_av_it_attack
[2026-08-22 20:47:07 UTC-6.000] DUPLICATE ALIASES: coop_av_it_attack and coop_av_it_attack
[2026-08-22 20:47:07 UTC-6.000] DUPLICATE ALIASES: coop_av_it_attack and coop_av_it_attack
[2026-08-22 20:47:07 UTC-6.000] DUPLICATE ALIASES: coop_av_it_attack and coop_av_it_attack
[2026-08-22 20:47:07 UTC-6.000] DUPLICATE ALIASES: coop_av_it_attack and coop_av_it_attack
[2026-08-22 20:47:07 UTC-6.000] DUPLICATE ALIASES: coop_av_it_attack and coop_av_it_attack
[2026-08-22 20:47:07 UTC-6.000] DUPLICATE ALIASES: coop_av_it_attack and coop_av_it_attack
[2026-08-22 20:47:07 UTC-6.000] DUPLICATE ALIASES: coop_av_it_attack and coop_av_it_attack
[2026-08-22 20:47:07 UTC-6.000] DUPLICATE ALIASES: coop_av_it_attack and coop_av_it_attack
[2026-08-22 20:47:07 UTC-6.000] DUPLICATE ALIASES: coop_av_it_attack and coop_av_it_attack
[2026-08-22 20:47:07 UTC-6.000] DUPLICATE ALIASES: coop_av_it_attack and coop_av_it_attack
[2026-08-22 20:47:07 UTC-6.000] DUPLICATE ALIASES: coop_av_it_attack and coop_av_it_attack
[2026-08-22 20:47:07 UTC-6.000] DUPLICATE ALIASES: coop_av_it_attack and coop_av_it_attack
[2026-08-22 20:47:07 UTC-6.000] DUPLICATE ALIASES: coop_av_it_attack and coop_av_it_attack
[2026-08-22 20:47:07 UTC-6.000] DUPLICATE ALIASES: coop_av_it_attack and coop_av_it_attack
[2026-08-22 20:47:07 UTC-6.000] DUPLICATE ALIASES: coop_av_it_attack and coop_av_it_attack
[2026-08-22 20:47:07 UTC-6.000] DUPLICATE ALIASES: coop_av_it_attack and coop_av_it_attack
[2026-08-22 20:47:07 UTC-6.000] DUPLICATE ALIASES: coop_av_it_attack and coop_av_it_attack
[2026-08-22 20:47:07 UTC-6.000] DUPLICATE ALIASES: coop_av_it_attack and coop_av_it_attack
[2026-08-22 20:47:07 UTC-6.000] DUPLICATE ALIASES: coop_av_it_attack and coop_av_it_attack
[2026-08-22 20:47:07 UTC-6.000] DUPLICATE ALIASES: coop_av_it_attack and coop_av_it_attack
[2026-08-22 20:47:07 UTC-6.000] DUPLICATE ALIASES: coop_av_it_attack and coop_av_it_attack
[2026-08-22 20:47:07 UTC-6.000] DUPLICATE ALIASES: coop_av_it_attack and coop_av_it_attack
[2026-08-22 20:47:07 UTC-6.000] DUPLICATE ALIASES: coop_av_it_attack and coop_av_it_attack
[2026-08-22 20:47:07 UTC-6.000] DUPLICATE ALIASES: coop_av_it_attack and coop_av_it_attack
[2026-08-22 20:47:07 UTC-6.000] DUPLICATE ALIASES: coop_av_it_attack and coop_av_it_attack
[2026-08-22 20:47:07 UTC-6.000] DUPLICATE ALIASES: coop_av_it_backup and coop_av_it_backup
[2026-08-22 20:47:07 UTC-6.000] DUPLICATE ALIASES: coop_av_it_backup and coop_av_it_backup
[2026-08-22 20:47:07 UTC-6.000] DUPLICATE ALIASES: coop_av_it_backup and coop_av_it_backup
[2026-08-22 20:47:07 UTC-6.000] DUPLICATE ALIASES: coop_av_it_backup and coop_av_it_backup
[2026-08-22 20:47:07 UTC-6.000] DUPLICATE ALIASES: coop_av_it_backup and coop_av_it_backup
[2026-08-22 20:47:07 UTC-6.000] DUPLICATE ALIASES: coop_av_uk_attack and coop_av_uk_attack
[2026-08-22 20:47:07 UTC-6.000] DUPLICATE ALIASES: coop_av_uk_attack and coop_av_uk_attack
[2026-08-22 20:47:07 UTC-6.000] DUPLICATE ALIASES: coop_av_uk_attack and coop_av_uk_attack
[2026-08-22 20:47:07 UTC-6.000] DUPLICATE ALIASES: coop_av_uk_attack and coop_av_uk_attack
[2026-08-22 20:47:07 UTC-6.000] DUPLICATE ALIASES: coop_av_uk_attack and coop_av_uk_attack
[2026-08-22 20:47:07 UTC-6.000] DUPLICATE ALIASES: coop_av_uk_attack and coop_av_uk_attack
[2026-08-22 20:47:07 UTC-6.000] DUPLICATE ALIASES: coop_av_uk_attack and coop_av_uk_attack
[2026-08-22 20:47:07 UTC-6.000] DUPLICATE ALIASES: coop_av_uk_attack and coop_av_uk_attack
[2026-08-22 20:47:07 UTC-6.000] DUPLICATE ALIASES: coop_av_uk_attack and coop_av_uk_attack
[2026-08-22 20:47:07 UTC-6.000] DUPLICATE ALIASES: coop_av_uk_attack and coop_av_uk_attack
[2026-08-22 20:47:07 UTC-6.000] DUPLICATE ALIASES: coop_av_uk_attack and coop_av_uk_attack
[2026-08-22 20:47:07 UTC-6.000] DUPLICATE ALIASES: coop_av_uk_attack and coop_av_uk_attack
[2026-08-22 20:47:07 UTC-6.000] DUPLICATE ALIASES: coop_av_uk_attack and coop_av_uk_attack
[2026-08-22 20:47:07 UTC-6.000] DUPLICATE ALIASES: coop_av_uk_attack and coop_av_uk_attack
[2026-08-22 20:47:07 UTC-6.000] DUPLICATE ALIASES: coop_av_uk_attack and coop_av_uk_attack
[2026-08-22 20:47:07 UTC-6.000] DUPLICATE ALIASES: coop_av_uk_attack and coop_av_uk_attack
[2026-08-22 20:47:07 UTC-6.000] DUPLICATE ALIASES: coop_av_uk_attack and coop_av_uk_attack
[2026-08-22 20:47:07 UTC-6.000] DUPLICATE ALIASES: coop_av_uk_attack and coop_av_uk_attack
[2026-08-22 20:47:07 UTC-6.000] DUPLICATE ALIASES: coop_av_uk_attack and coop_av_uk_attack
[2026-08-22 20:47:07 UTC-6.000] DUPLICATE ALIASES: coop_av_uk_attack and coop_av_uk_attack
[2026-08-22 20:47:07 UTC-6.000] DUPLICATE ALIASES: coop_av_uk_attack and coop_av_uk_attack
[2026-08-22 20:47:07 UTC-6.000] DUPLICATE ALIASES: coop_av_uk_attack and coop_av_uk_attack
[2026-08-22 20:47:07 UTC-6.000] DUPLICATE ALIASES: coop_av_uk_attack and coop_av_uk_attack
[2026-08-22 20:47:07 UTC-6.000] DUPLICATE ALIASES: coop_av_uk_attack and coop_av_uk_attack
[2026-08-22 20:47:07 UTC-6.000] DUPLICATE ALIASES: coop_av_uk_attack and coop_av_uk_attack
[2026-08-22 20:47:07 UTC-6.000] DUPLICATE ALIASES: coop_av_uk_attack and coop_av_uk_attack
[2026-08-22 20:47:07 UTC-6.000] DUPLICATE ALIASES: coop_av_uk_attack and coop_av_uk_attack
[2026-08-22 20:47:07 UTC-6.000] DUPLICATE ALIASES: coop_av_uk_attack and coop_av_uk_attack
[2026-08-22 20:47:07 UTC-6.000] DUPLICATE ALIASES: coop_av_uk_attack and coop_av_uk_attack
[2026-08-22 20:47:07 UTC-6.000] DUPLICATE ALIASES: coop_av_uk_attack and coop_av_uk_attack
[2026-08-22 20:47:07 UTC-6.000] DUPLICATE ALIASES: coop_av_uk_attack and coop_av_uk_attack
[2026-08-22 20:47:07 UTC-6.000] DUPLICATE ALIASES: coop_av_uk_attack and coop_av_uk_attack
[2026-08-22 20:47:07 UTC-6.000] DUPLICATE ALIASES: coop_av_uk_attack and coop_av_uk_attack
[2026-08-22 20:47:07 UTC-6.000] DUPLICATE ALIASES: coop_av_uk_attack and coop_av_uk_attack
[2026-08-22 20:47:07 UTC-6.000] DUPLICATE ALIASES: coop_av_uk_attack and coop_av_uk_attack
[2026-08-22 20:47:07 UTC-6.000] DUPLICATE ALIASES: coop_av_uk_attack and coop_av_uk_attack
[2026-08-22 20:47:07 UTC-6.000] DUPLICATE ALIASES: coop_av_uk_attack and coop_av_uk_attack
[2026-08-22 20:47:07 UTC-6.000] DUPLICATE ALIASES: coop_av_uk_attack and coop_av_uk_attack
[2026-08-22 20:47:07 UTC-6.000] DUPLICATE ALIASES: coop_av_uk_attack and coop_av_uk_attack
[2026-08-22 20:47:07 UTC-6.000] DUPLICATE ALIASES: coop_av_uk_attack and coop_av_uk_attack
[2026-08-22 20:47:07 UTC-6.000] DUPLICATE ALIASES: coop_av_uk_attack and coop_av_uk_attack
[2026-08-22 20:47:07 UTC-6.000] DUPLICATE ALIASES: coop_av_uk_attack and coop_av_uk_attack
[2026-08-22 20:47:07 UTC-6.000] DUPLICATE ALIASES: coop_av_uk_attack and coop_av_uk_attack
[2026-08-22 20:47:07 UTC-6.000] DUPLICATE ALIASES: coop_av_uk_attack and coop_av_uk_attack
[2026-08-22 20:47:07 UTC-6.000] DUPLICATE ALIASES: coop_av_uk_attack and coop_av_uk_attack
[2026-08-22 20:47:07 UTC-6.000] DUPLICATE ALIASES: coop_av_uk_attack and coop_av_uk_attack
[2026-08-22 20:47:07 UTC-6.000] DUPLICATE ALIASES: coop_av_uk_attack and coop_av_uk_attack
[2026-08-22 20:47:07 UTC-6.000] DUPLICATE ALIASES: coop_av_uk_attack and coop_av_uk_attack
[2026-08-22 20:47:07 UTC-6.000] DUPLICATE ALIASES: coop_av_uk_attack and coop_av_uk_attack
[2026-08-22 20:47:07 UTC-6.000] DUPLICATE ALIASES: coop_av_uk_attack and coop_av_uk_attack
[2026-08-22 20:47:07 UTC-6.000] DUPLICATE ALIASES: coop_av_uk_attack and coop_av_uk_attack
[2026-08-22 20:47:07 UTC-6.000] DUPLICATE ALIASES: coop_av_uk_attack and coop_av_uk_attack
[2026-08-22 20:47:07 UTC-6.000] DUPLICATE ALIASES: coop_av_uk_attack and coop_av_uk_attack
[2026-08-22 20:47:07 UTC-6.000] DUPLICATE ALIASES: coop_av_uk_attack and coop_av_uk_attack
[2026-08-22 20:47:07 UTC-6.000] DUPLICATE ALIASES: coop_av_uk_attack and coop_av_uk_attack
[2026-08-22 20:47:07 UTC-6.000] DUPLICATE ALIASES: coop_av_uk_attack and coop_av_uk_attack
[2026-08-22 20:47:07 UTC-6.000] DUPLICATE ALIASES: coop_av_uk_attack and coop_av_uk_attack
[2026-08-22 20:47:07 UTC-6.000] DUPLICATE ALIASES: coop_av_uk_attack and coop_av_uk_attack
[2026-08-22 20:47:07 UTC-6.000] DUPLICATE ALIASES: coop_av_uk_attack and coop_av_uk_attack
[2026-08-22 20:47:07 UTC-6.000] DUPLICATE ALIASES: coop_av_uk_attack and coop_av_uk_attack
[2026-08-22 20:47:07 UTC-6.000] DUPLICATE ALIASES: coop_av_uk_attack and coop_av_uk_attack
[2026-08-22 20:47:07 UTC-6.000] DUPLICATE ALIASES: coop_av_uk_attack and coop_av_uk_attack
[2026-08-22 20:47:07 UTC-6.000] DUPLICATE ALIASES: coop_av_uk_attack and coop_av_uk_attack
[2026-08-22 20:47:07 UTC-6.000] DUPLICATE ALIASES: coop_av_uk_attack and coop_av_uk_attack
[2026-08-22 20:47:07 UTC-6.000] DUPLICATE ALIASES: coop_av_uk_attack and coop_av_uk_attack
[2026-08-22 20:47:07 UTC-6.000] DUPLICATE ALIASES: coop_av_uk_attack and coop_av_uk_attack
[2026-08-22 20:47:07 UTC-6.000] DUPLICATE ALIASES: coop_av_uk_attack and coop_av_uk_attack
[2026-08-22 20:47:07 UTC-6.000] DUPLICATE ALIASES: coop_av_uk_attack and coop_av_uk_attack
[2026-08-22 20:47:07 UTC-6.000] DUPLICATE ALIASES: coop_av_uk_attack and coop_av_uk_attack
[2026-08-22 20:47:07 UTC-6.000] DUPLICATE ALIASES: coop_av_uk_attack and coop_av_uk_attack
[2026-08-22 20:47:07 UTC-6.000] DUPLICATE ALIASES: coop_av_uk_attack and coop_av_uk_attack
[2026-08-22 20:47:07 UTC-6.000] DUPLICATE ALIASES: coop_av_uk_attack and coop_av_uk_attack
[2026-08-22 20:47:07 UTC-6.000] DUPLICATE ALIASES: coop_av_uk_attack and coop_av_uk_attack
[2026-08-22 20:47:07 UTC-6.000] DUPLICATE ALIASES: coop_av_uk_attack and coop_av_uk_attack
[2026-08-22 20:47:07 UTC-6.000] DUPLICATE ALIASES: coop_av_uk_attack and coop_av_uk_attack
[2026-08-22 20:47:07 UTC-6.000] DUPLICATE ALIASES: coop_av_uk_attack and coop_av_uk_attack
[2026-08-22 20:47:07 UTC-6.000] DUPLICATE ALIASES: coop_av_uk_attack and coop_av_uk_attack
[2026-08-22 20:47:07 UTC-6.000] DUPLICATE ALIASES: coop_av_uk_attack and coop_av_uk_attack
[2026-08-22 20:47:07 UTC-6.000] DUPLICATE ALIASES: coop_av_uk_attack and coop_av_uk_attack
[2026-08-22 20:47:07 UTC-6.000] DUPLICATE ALIASES: coop_av_uk_attack and coop_av_uk_attack
[2026-08-22 20:47:07 UTC-6.000] DUPLICATE ALIASES: coop_av_uk_attack and coop_av_uk_attack
[2026-08-22 20:47:07 UTC-6.000] DUPLICATE ALIASES: coop_av_uk_attack and coop_av_uk_attack
[2026-08-22 20:47:07 UTC-6.000] DUPLICATE ALIASES: coop_av_uk_attack and coop_av_uk_attack
[2026-08-22 20:47:07 UTC-6.000] DUPLICATE ALIASES: coop_av_uk_attack and coop_av_uk_attack
[2026-08-22 20:47:07 UTC-6.000] DUPLICATE ALIASES: coop_av_uk_attack and coop_av_uk_attack
[2026-08-22 20:47:07 UTC-6.000] DUPLICATE ALIASES: coop_av_uk_attack and coop_av_uk_attack
[2026-08-22 20:47:07 UTC-6.000] DUPLICATE ALIASES: coop_av_uk_attack and coop_av_uk_attack
[2026-08-22 20:47:07 UTC-6.000] DUPLICATE ALIASES: coop_av_uk_attack and coop_av_uk_attack
[2026-08-22 20:47:07 UTC-6.000] DUPLICATE ALIASES: coop_av_uk_attack and coop_av_uk_attack
[2026-08-22 20:47:07 UTC-6.000] DUPLICATE ALIASES: coop_av_uk_attack and coop_av_uk_attack
[2026-08-22 20:47:07 UTC-6.000] DUPLICATE ALIASES: coop_av_uk_attack and coop_av_uk_attack
[2026-08-22 20:47:07 UTC-6.000] DUPLICATE ALIASES: coop_av_uk_attack and coop_av_uk_attack
[2026-08-22 20:47:07 UTC-6.000] DUPLICATE ALIASES: coop_av_uk_attack and coop_av_uk_attack
[2026-08-22 20:47:07 UTC-6.000] DUPLICATE ALIASES: coop_av_uk_attack and coop_av_uk_attack
[2026-08-22 20:47:07 UTC-6.000] DUPLICATE ALIASES: coop_av_uk_attack and coop_av_uk_attack
[2026-08-22 20:47:07 UTC-6.000] DUPLICATE ALIASES: coop_av_uk_attack and coop_av_uk_attack
[2026-08-22 20:47:07 UTC-6.000] DUPLICATE ALIASES: coop_av_uk_attack and coop_av_uk_attack
[2026-08-22 20:47:07 UTC-6.000] DUPLICATE ALIASES: coop_av_uk_attack and coop_av_uk_attack
[2026-08-22 20:47:07 UTC-6.000] DUPLICATE ALIASES: coop_av_uk_attack and coop_av_uk_attack
[2026-08-22 20:47:07 UTC-6.000] DUPLICATE ALIASES: coop_av_uk_attack and coop_av_uk_attack
[2026-08-22 20:47:07 UTC-6.000] DUPLICATE ALIASES: coop_av_uk_attack and coop_av_uk_attack
[2026-08-22 20:47:07 UTC-6.000] DUPLICATE ALIASES: coop_av_uk_attack and coop_av_uk_attack
[2026-08-22 20:47:07 UTC-6.000] DUPLICATE ALIASES: coop_av_uk_backup and coop_av_uk_backup
[2026-08-22 20:47:07 UTC-6.000] DUPLICATE ALIASES: coop_av_uk_backup and coop_av_uk_backup
[2026-08-22 20:47:07 UTC-6.000] DUPLICATE ALIASES: coop_av_uk_cover and coop_av_uk_cover
[2026-08-22 20:47:07 UTC-6.000] DUPLICATE ALIASES: coop_av_uk_cover and coop_av_uk_cover
[2026-08-22 20:47:07 UTC-6.000] DUPLICATE ALIASES: coop_av_uk_cover and coop_av_uk_cover
[2026-08-22 20:47:07 UTC-6.000] DUPLICATE ALIASES: coop_av_uk_cover and coop_av_uk_cover
[2026-08-22 20:47:07 UTC-6.000] DUPLICATE ALIASES: coop_av_uk_cover and coop_av_uk_cover
[2026-08-22 20:47:07 UTC-6.000] DUPLICATE ALIASES: coop_av_uk_cover and coop_av_uk_cover
[2026-08-22 20:47:07 UTC-6.000] DUPLICATE ALIASES: coop_av_uk_cover and coop_av_uk_cover
[2026-08-22 20:47:07 UTC-6.000] DUPLICATE ALIASES: coop_av_uk_cover and coop_av_uk_cover
[2026-08-22 20:47:07 UTC-6.000] DUPLICATE ALIASES: coop_av_uk_cover and coop_av_uk_cover
[2026-08-22 20:47:07 UTC-6.000] DUPLICATE ALIASES: coop_av_uk_reload and coop_av_uk_reload
[2026-08-22 20:47:07 UTC-6.000] DUPLICATE ALIASES: coop_av_uk_reload and coop_av_uk_reload
[2026-08-22 20:47:07 UTC-6.000] DUPLICATE ALIASES: coop_av_uk_reload and coop_av_uk_reload
[2026-08-22 20:47:07 UTC-6.000] DUPLICATE ALIASES: coop_av_uk_reload and coop_av_uk_reload
[2026-08-22 20:47:07 UTC-6.000] DUPLICATE ALIASES: coop_av_uk_reload and coop_av_uk_reload
[2026-08-22 20:47:07 UTC-6.000] DUPLICATE ALIASES: coop_av_uk_reload and coop_av_uk_reload
[2026-08-22 20:47:07 UTC-6.000] DUPLICATE ALIASES: coop_av_uk_reload and coop_av_uk_reload
[2026-08-22 20:47:07 UTC-6.000] DUPLICATE ALIASES: coop_av_uk_reload and coop_av_uk_reload
[2026-08-22 20:47:07 UTC-6.000] DUPLICATE ALIASES: coop_av_uk_reload and coop_av_uk_reload
[2026-08-22 20:47:07 UTC-6.000] DUPLICATE ALIASES: coop_av_uk_reload and coop_av_uk_reload
[2026-08-22 20:47:07 UTC-6.000] DUPLICATE ALIASES: coop_av_uk_reload and coop_av_uk_reload
[2026-08-22 20:47:07 UTC-6.000] DUPLICATE ALIASES: coop_av_uk_reload and coop_av_uk_reload
[2026-08-22 20:47:07 UTC-6.000] DUPLICATE ALIASES: coop_av_uk_reload and coop_av_uk_reload
[2026-08-22 20:47:07 UTC-6.000] DUPLICATE ALIASES: coop_av_uk_reload and coop_av_uk_reload
[2026-08-22 20:47:07 UTC-6.000] DUPLICATE ALIASES: coop_av_uk_reload and coop_av_uk_reload
[2026-08-22 20:47:07 UTC-6.000] DUPLICATE ALIASES: coop_av_uk_reload and coop_av_uk_reload
[2026-08-22 20:47:07 UTC-6.000] DUPLICATE ALIASES: coop_av_uk_reload and coop_av_uk_reload
[2026-08-22 20:47:07 UTC-6.000] DUPLICATE ALIASES: coop_av_uk_reload and coop_av_uk_reload
[2026-08-22 20:47:07 UTC-6.000] DUPLICATE ALIASES: coop_av_uk_reload and coop_av_uk_reload
[2026-08-22 20:47:07 UTC-6.000] DUPLICATE ALIASES: coop_av_uk_reload and coop_av_uk_reload
[2026-08-22 20:47:07 UTC-6.000] DUPLICATE ALIASES: coop_av_uk_reload and coop_av_uk_reload
[2026-08-22 20:47:07 UTC-6.000] DUPLICATE ALIASES: coop_av_uk_reload and coop_av_uk_reload
[2026-08-22 20:47:07 UTC-6.000] DUPLICATE ALIASES: coop_av_uk_reload and coop_av_uk_reload
[2026-08-22 20:47:07 UTC-6.000] DUPLICATE ALIASES: coop_av_uk_reload and coop_av_uk_reload
[2026-08-22 20:47:07 UTC-6.000] DUPLICATE ALIASES: coop_av_uk_reload and coop_av_uk_reload
[2026-08-22 20:47:07 UTC-6.000] DUPLICATE ALIASES: coop_av_uk_reload and coop_av_uk_reload
[2026-08-22 20:47:07 UTC-6.000] DUPLICATE ALIASES: coop_av_uk_reload and coop_av_uk_reload
[2026-08-22 20:47:07 UTC-6.000] DUPLICATE ALIASES: coop_av_uk_reload and coop_av_uk_reload
[2026-08-22 20:47:07 UTC-6.000] DUPLICATE ALIASES: coop_av_uk_reload and coop_av_uk_reload
[2026-08-22 20:47:07 UTC-6.000] DUPLICATE ALIASES: coop_av_uk_reload and coop_av_uk_reload
[2026-08-22 20:47:07 UTC-6.000] DUPLICATE ALIASES: coop_av_uk_reload and coop_av_uk_reload
[2026-08-22 20:47:07 UTC-6.000] DUPLICATE ALIASES: coop_av_uk_reload and coop_av_uk_reload
[2026-08-22 20:47:07 UTC-6.000] DUPLICATE ALIASES: coop_av_uk_reload and coop_av_uk_reload
[2026-08-22 20:47:07 UTC-6.000] DUPLICATE ALIASES: coop_av_uk_reload and coop_av_uk_reload
[2026-08-22 20:47:07 UTC-6.000] DUPLICATE ALIASES: coop_av_uk_reload and coop_av_uk_reload
[2026-08-22 20:47:07 UTC-6.000] DUPLICATE ALIASES: coop_av_uk_reload and coop_av_uk_reload
[2026-08-22 20:47:07 UTC-6.000] DUPLICATE ALIASES: coop_av_uk_reload and coop_av_uk_reload
[2026-08-22 20:47:07 UTC-6.000] DUPLICATE ALIASES: coop_av_uk_reload and coop_av_uk_reload
[2026-08-22 20:47:07 UTC-6.000] DUPLICATE ALIASES: coop_av_uk_reload and coop_av_uk_reload
[2026-08-22 20:47:07 UTC-6.000] DUPLICATE ALIASES: coop_av_uk_reload and coop_av_uk_reload
[2026-08-22 20:47:07 UTC-6.000] DUPLICATE ALIASES: coop_av_uk_reload and coop_av_uk_reload
[2026-08-22 20:47:07 UTC-6.000] DUPLICATE ALIASES: coop_av_uk_reload and coop_av_uk_reload
[2026-08-22 20:47:07 UTC-6.000] DUPLICATE ALIASES: coop_av_uk_reload and coop_av_uk_reload
[2026-08-22 20:47:07 UTC-6.000] DUPLICATE ALIASES: coop_av_uk_reload and coop_av_uk_reload
[2026-08-22 20:47:07 UTC-6.000] DUPLICATE ALIASES: coop_av_uk_reload and coop_av_uk_reload
[2026-08-22 20:47:07 UTC-6.000] DUPLICATE ALIASES: coop_av_uk_reload and coop_av_uk_reload
[2026-08-22 20:47:07 UTC-6.000] DUPLICATE ALIASES: coop_av_uk_reload and coop_av_uk_reload
[2026-08-22 20:47:07 UTC-6.000] DUPLICATE ALIASES: coop_av_uk_reload and coop_av_uk_reload
[2026-08-22 20:47:07 UTC-6.000] DUPLICATE ALIASES: coop_av_uk_reload and coop_av_uk_reload
[2026-08-22 20:47:07 UTC-6.000] DUPLICATE ALIASES: coop_av_uk_reload and coop_av_uk_reload
[2026-08-22 20:47:07 UTC-6.000] DUPLICATE ALIASES: coop_av_uk_reload and coop_av_uk_reload
[2026-08-22 20:47:07 UTC-6.000] DUPLICATE ALIASES: coop_av_uk_reload and coop_av_uk_reload
[2026-08-22 20:47:07 UTC-6.000] DUPLICATE ALIASES: coop_av_uk_reload and coop_av_uk_reload
[2026-08-22 20:47:07 UTC-6.000] DUPLICATE ALIASES: coop_av_uk_reload and coop_av_uk_reload
[2026-08-22 20:47:07 UTC-6.000] DUPLICATE ALIASES: coop_av_uk_reload and coop_av_uk_reload
[2026-08-22 20:47:07 UTC-6.000] DUPLICATE ALIASES: coop_av_uk_reload and coop_av_uk_reload
[2026-08-22 20:47:07 UTC-6.000] DUPLICATE ALIASES: coop_av_uk_reload and coop_av_uk_reload
[2026-08-22 20:47:07 UTC-6.000] DUPLICATE ALIASES: coop_av_uk_reload and coop_av_uk_reload
[2026-08-22 20:47:07 UTC-6.000] DUPLICATE ALIASES: coop_av_uk_reload and coop_av_uk_reload
[2026-08-22 20:47:07 UTC-6.000] DUPLICATE ALIASES: coop_av_uk_reload and coop_av_uk_reload
[2026-08-22 20:47:07 UTC-6.000] DUPLICATE ALIASES: coop_av_uk_reload and coop_av_uk_reload
[2026-08-22 20:47:07 UTC-6.000] DUPLICATE ALIASES: coop_av_uk_reload and coop_av_uk_reload
[2026-08-22 20:47:07 UTC-6.000] DUPLICATE ALIASES: coop_av_uk_reload and coop_av_uk_reload
[2026-08-22 20:47:07 UTC-6.000] DUPLICATE ALIASES: coop_av_uk_reload and coop_av_uk_reload
[2026-08-22 20:47:07 UTC-6.000] DUPLICATE ALIASES: coop_av_uk_reload and coop_av_uk_reload
[2026-08-22 20:47:07 UTC-6.000] DUPLICATE ALIASES: coop_av_uk_reload and coop_av_uk_reload
[2026-08-22 20:47:07 UTC-6.000] DUPLICATE ALIASES: coop_av_uk_reload and coop_av_uk_reload
[2026-08-22 20:47:07 UTC-6.000] DUPLICATE ALIASES: coop_av_uk_reload and coop_av_uk_reload
[2026-08-22 20:47:07 UTC-6.000] DUPLICATE ALIASES: coop_av_uk_reload and coop_av_uk_reload
[2026-08-22 20:47:07 UTC-6.000] DUPLICATE ALIASES: coop_av_uk_reload and coop_av_uk_reload
[2026-08-22 20:47:07 UTC-6.000] DUPLICATE ALIASES: coop_av_uk_reload and coop_av_uk_reload
[2026-08-22 20:47:07 UTC-6.000] DUPLICATE ALIASES: coop_av_uk_reload and coop_av_uk_reload
[2026-08-22 20:47:07 UTC-6.000] DUPLICATE ALIASES: coop_av_uk_reload and coop_av_uk_reload
[2026-08-22 20:47:07 UTC-6.000] DUPLICATE ALIASES: coop_av_uk_reload and coop_av_uk_reload
[2026-08-22 20:47:07 UTC-6.000] DUPLICATE ALIASES: coop_av_uk_reload and coop_av_uk_reload
[2026-08-22 20:47:07 UTC-6.000] DUPLICATE ALIASES: coop_av_uk_reload and coop_av_uk_reload
[2026-08-22 20:47:07 UTC-6.000] DUPLICATE ALIASES: coop_av_uk_reload and coop_av_uk_reload
[2026-08-22 20:47:07 UTC-6.000] DUPLICATE ALIASES: coop_av_uk_reload and coop_av_uk_reload
[2026-08-22 20:47:07 UTC-6.000] DUPLICATE ALIASES: coop_av_uk_reload and coop_av_uk_reload
[2026-08-22 20:47:07 UTC-6.000] DUPLICATE ALIASES: coop_av_uk_reload and coop_av_uk_reload
[2026-08-22 20:47:07 UTC-6.000] DUPLICATE ALIASES: coop_av_uk_reload and coop_av_uk_reload
[2026-08-22 20:47:07 UTC-6.000] DUPLICATE ALIASES: coop_av_uk_reload and coop_av_uk_reload
[2026-08-22 20:47:07 UTC-6.000] DUPLICATE ALIASES: coop_av_uk_reload and coop_av_uk_reload
[2026-08-22 20:47:07 UTC-6.000] DUPLICATE ALIASES: coop_av_uk_reload and coop_av_uk_reload
[2026-08-22 20:47:07 UTC-6.000] DUPLICATE ALIASES: coop_av_uk_reload and coop_av_uk_reload
[2026-08-22 20:47:07 UTC-6.000] DUPLICATE ALIASES: coop_av_uk_reload and coop_av_uk_reload
[2026-08-22 20:47:07 UTC-6.000] DUPLICATE ALIASES: coop_av_uk_reload and coop_av_uk_reload
[2026-08-22 20:47:07 UTC-6.000] DUPLICATE ALIASES: coop_av_uk_reload and coop_av_uk_reload
[2026-08-22 20:47:07 UTC-6.000] DUPLICATE ALIASES: coop_av_uk_reload and coop_av_uk_reload
[2026-08-22 20:47:07 UTC-6.000] DUPLICATE ALIASES: coop_av_uk_reload and coop_av_uk_reload
[2026-08-22 20:47:07 UTC-6.000] DUPLICATE ALIASES: coop_av_uk_reload and coop_av_uk_reload
[2026-08-22 20:47:07 UTC-6.000] DUPLICATE ALIASES: coop_av_uk_reload and coop_av_uk_reload
[2026-08-22 20:47:07 UTC-6.000] DUPLICATE ALIASES: coop_av_uk_reload and coop_av_uk_reload
[2026-08-22 20:47:07 UTC-6.000] DUPLICATE ALIASES: coop_av_uk_reload and coop_av_uk_reload
[2026-08-22 20:47:07 UTC-6.000] DUPLICATE ALIASES: coop_av_uk_reload and coop_av_uk_reload
[2026-08-22 20:47:07 UTC-6.000] DUPLICATE ALIASES: coop_av_uk_reload and coop_av_uk_reload
[2026-08-22 20:47:07 UTC-6.000] DUPLICATE ALIASES: coop_av_uk_reload and coop_av_uk_reload
[2026-08-22 20:47:07 UTC-6.000] DUPLICATE ALIASES: coop_av_uk_reload and coop_av_uk_reload
[2026-08-22 20:47:07 UTC-6.000] DUPLICATE ALIASES: coop_av_uk_reload and coop_av_uk_reload
[2026-08-22 20:47:07 UTC-6.000] DUPLICATE ALIASES: coop_av_uk_reload and coop_av_uk_reload
[2026-08-22 20:47:07 UTC-6.000] DUPLICATE ALIASES: coop_av_uk_reload and coop_av_uk_reload
[2026-08-22 20:47:07 UTC-6.000] DUPLICATE ALIASES: coop_av_uk_reload and coop_av_uk_reload
[2026-08-22 20:47:07 UTC-6.000] DUPLICATE ALIASES: coop_av_uk_reload and coop_av_uk_reload
[2026-08-22 20:47:07 UTC-6.000] DUPLICATE ALIASES: coop_av_uk_reload and coop_av_uk_reload
[2026-08-22 20:47:07 UTC-6.000] DUPLICATE ALIASES: coop_av_uk_reload and coop_av_uk_reload
[2026-08-22 20:47:07 UTC-6.000] DUPLICATE ALIASES: coop_av_uk_reload and coop_av_uk_reload
[2026-08-22 20:47:07 UTC-6.000] DUPLICATE ALIASES: coop_av_uk_reload and coop_av_uk_reload
[2026-08-22 20:47:07 UTC-6.000] DUPLICATE ALIASES: coop_av_uk_reload and coop_av_uk_reload
[2026-08-22 20:47:07 UTC-6.000] DUPLICATE ALIASES: coop_av_uk_reload and coop_av_uk_reload
[2026-08-22 20:47:07 UTC-6.000] DUPLICATE ALIASES: coop_av_uk_reload and coop_av_uk_reload
[2026-08-22 20:47:07 UTC-6.000] DUPLICATE ALIASES: coop_av_uk_reload and coop_av_uk_reload
[2026-08-22 20:47:07 UTC-6.000] DUPLICATE ALIASES: coop_av_uk_reload and coop_av_uk_reload
[2026-08-22 20:47:07 UTC-6.000] DUPLICATE ALIASES: coop_av_uk_reload and coop_av_uk_reload
[2026-08-22 20:47:07 UTC-6.000] DUPLICATE ALIASES: coop_av_uk_reload and coop_av_uk_reload
[2026-08-22 20:47:07 UTC-6.000] DUPLICATE ALIASES: coop_av_uk_reload and coop_av_uk_reload
[2026-08-22 20:47:07 UTC-6.000] DUPLICATE ALIASES: coop_av_uk_reload and coop_av_uk_reload
[2026-08-22 20:47:07 UTC-6.000] DUPLICATE ALIASES: coop_av_uk_reload and coop_av_uk_reload
[2026-08-22 20:47:07 UTC-6.000] DUPLICATE ALIASES: coop_av_uk_reload and coop_av_uk_reload
[2026-08-22 20:47:07 UTC-6.000] DUPLICATE ALIASES: coop_av_uk_reload and coop_av_uk_reload
[2026-08-22 20:47:07 UTC-6.000] DUPLICATE ALIASES: coop_av_uk_reload and coop_av_uk_reload
[2026-08-22 20:47:07 UTC-6.000] DUPLICATE ALIASES: coop_av_uk_reload and coop_av_uk_reload
[2026-08-22 20:47:07 UTC-6.000] DUPLICATE ALIASES: coop_av_uk_reload and coop_av_uk_reload
[2026-08-22 20:47:07 UTC-6.000] DUPLICATE ALIASES: coop_av_uk_reload and coop_av_uk_reload
[2026-08-22 20:47:07 UTC-6.000] DUPLICATE ALIASES: coop_av_uk_reload and coop_av_uk_reload
[2026-08-22 20:47:07 UTC-6.000] DUPLICATE ALIASES: coop_av_uk_reload and coop_av_uk_reload
[2026-08-22 20:47:07 UTC-6.000] DUPLICATE ALIASES: coop_av_uk_reload and coop_av_uk_reload
[2026-08-22 20:47:07 UTC-6.000] DUPLICATE ALIASES: coop_av_uk_reload and coop_av_uk_reload
[2026-08-22 20:47:07 UTC-6.000] DUPLICATE ALIASES: coop_av_uk_reload and coop_av_uk_reload
[2026-08-22 20:47:07 UTC-6.000] DUPLICATE ALIASES: coop_av_uk_reload and coop_av_uk_reload
[2026-08-22 20:47:07 UTC-6.000] DUPLICATE ALIASES: coop_av_uk_reload and coop_av_uk_reload
[2026-08-22 20:47:07 UTC-6.000] DUPLICATE ALIASES: coop_av_uk_reload and coop_av_uk_reload
[2026-08-22 20:47:07 UTC-6.000] DUPLICATE ALIASES: coop_av_uk_reload and coop_av_uk_reload
[2026-08-22 20:47:07 UTC-6.000] DUPLICATE ALIASES: coop_av_uk_suppress and coop_av_uk_suppress
[2026-08-22 20:47:07 UTC-6.000] DUPLICATE ALIASES: coop_av_uk_suppress and coop_av_uk_suppress
[2026-08-22 20:47:07 UTC-6.000] DUPLICATE ALIASES: coop_av_uk_suppress and coop_av_uk_suppress
[2026-08-22 20:47:07 UTC-6.000] DUPLICATE ALIASES: coop_av_uk_suppress and coop_av_uk_suppress
[2026-08-22 20:47:07 UTC-6.000] DUPLICATE ALIASES: coop_av_uk_suppress and coop_av_uk_suppress
[2026-08-22 20:47:07 UTC-6.000] DUPLICATE ALIASES: coop_av_uk_suppress and coop_av_uk_suppress
[2026-08-22 20:47:07 UTC-6.000] DUPLICATE ALIASES: coop_av_uk_suppress and coop_av_uk_suppress
[2026-08-22 20:47:07 UTC-6.000] DUPLICATE ALIASES: coop_av_uk_suppress and coop_av_uk_suppress
[2026-08-22 20:47:07 UTC-6.000] DUPLICATE ALIASES: coop_av_uk_suppress and coop_av_uk_suppress
[2026-08-22 20:47:07 UTC-6.000] DUPLICATE ALIASES: coop_av_uk_suppress and coop_av_uk_suppress
[2026-08-22 20:47:07 UTC-6.000] DUPLICATE ALIASES: coop_av_uk_suppress and coop_av_uk_suppress
[2026-08-22 20:47:07 UTC-6.000] DUPLICATE ALIASES: coop_av_uk_suppress and coop_av_uk_suppress
[2026-08-22 20:47:07 UTC-6.000] DUPLICATE ALIASES: coop_av_uk_suppress and coop_av_uk_suppress
[2026-08-22 20:47:07 UTC-6.000] DUPLICATE ALIASES: coop_av_uk_suppress and coop_av_uk_suppress
[2026-08-22 20:47:07 UTC-6.000] DUPLICATE ALIASES: coop_av_uk_suppress and coop_av_uk_suppress
[2026-08-22 20:47:07 UTC-6.000] DUPLICATE ALIASES: coop_av_uk_suppress and coop_av_uk_suppress
[2026-08-22 20:47:07 UTC-6.000] DUPLICATE ALIASES: coop_av_uk_suppress and coop_av_uk_suppress
[2026-08-22 20:47:07 UTC-6.000] DUPLICATE ALIASES: coop_av_uk_suppress and coop_av_uk_suppress
[2026-08-22 20:47:07 UTC-6.000] DUPLICATE ALIASES: coop_av_uk_suppress and coop_av_uk_suppress
[2026-08-22 20:47:07 UTC-6.000] DUPLICATE ALIASES: coop_av_uk_suppress and coop_av_uk_suppress
[2026-08-22 20:47:07 UTC-6.000] DUPLICATE ALIASES: coop_av_uk_suppress and coop_av_uk_suppress
[2026-08-22 20:47:07 UTC-6.000] DUPLICATE ALIASES: coop_av_uk_suppress and coop_av_uk_suppress
[2026-08-22 20:47:07 UTC-6.000] DUPLICATE ALIASES: coop_av_uk_suppress and coop_av_uk_suppress
[2026-08-22 20:47:07 UTC-6.000] DUPLICATE ALIASES: coop_av_uk_suppress and coop_av_uk_suppress
[2026-08-22 20:47:07 UTC-6.000] DUPLICATE ALIASES: coop_av_uk_suppress and coop_av_uk_suppress
[2026-08-22 20:47:07 UTC-6.000] DUPLICATE ALIASES: coop_av_uk_suppress and coop_av_uk_suppress
[2026-08-22 20:47:07 UTC-6.000] DUPLICATE ALIASES: coop_av_uk_suppress and coop_av_uk_suppress
[2026-08-22 20:47:07 UTC-6.000] DUPLICATE ALIASES: coop_av_uk_suppress and coop_av_uk_suppress
[2026-08-22 20:47:07 UTC-6.000] DUPLICATE ALIASES: coop_av_uk_suppress and coop_av_uk_suppress
[2026-08-22 20:47:07 UTC-6.000] DUPLICATE ALIASES: coop_av_uk_suppress and coop_av_uk_suppress
[2026-08-22 20:47:07 UTC-6.000] DUPLICATE ALIASES: coop_av_uk_suppress and coop_av_uk_suppress
[2026-08-22 20:47:07 UTC-6.000] DUPLICATE ALIASES: coop_av_uk_suppress and coop_av_uk_suppress
[2026-08-22 20:47:07 UTC-6.000] DUPLICATE ALIASES: coop_av_uk_suppress and coop_av_uk_suppress
[2026-08-22 20:47:07 UTC-6.000] DUPLICATE ALIASES: coop_av_uk_suppress and coop_av_uk_suppress
[2026-08-22 20:47:07 UTC-6.000] DUPLICATE ALIASES: coop_av_uk_suppress and coop_av_uk_suppress
[2026-08-22 20:47:07 UTC-6.000] DUPLICATE ALIASES: coop_av_uk_suppress and coop_av_uk_suppress
[2026-08-22 20:47:07 UTC-6.000] DUPLICATE ALIASES: coop_av_uk_suppress and coop_av_uk_suppress
[2026-08-22 20:47:07 UTC-6.000] DUPLICATE ALIASES: coop_av_uk_suppress and coop_av_uk_suppress
[2026-08-22 20:47:07 UTC-6.000] DUPLICATE ALIASES: coop_av_uk_suppress and coop_av_uk_suppress
[2026-08-22 20:47:07 UTC-6.000] DUPLICATE ALIASES: coop_av_uk_suppress and coop_av_uk_suppress
[2026-08-22 20:47:07 UTC-6.000] DUPLICATE ALIASES: coop_av_uk_suppress and coop_av_uk_suppress
[2026-08-22 20:47:07 UTC-6.000] DUPLICATE ALIASES: coop_av_uk_suppress and coop_av_uk_suppress
[2026-08-22 20:47:07 UTC-6.000] DUPLICATE ALIASES: coop_av_uk_suppress and coop_av_uk_suppress
[2026-08-22 20:47:07 UTC-6.000] DUPLICATE ALIASES: coop_av_uk_suppress and coop_av_uk_suppress
[2026-08-22 20:47:07 UTC-6.000] DUPLICATE ALIASES: coop_av_uk_suppress and coop_av_uk_suppress
[2026-08-22 20:47:07 UTC-6.000] DUPLICATE ALIASES: coop_av_uk_suppress and coop_av_uk_suppress
[2026-08-22 20:47:07 UTC-6.000] DUPLICATE ALIASES: coop_av_uk_suppress and coop_av_uk_suppress
[2026-08-22 20:47:07 UTC-6.000] DUPLICATE ALIASES: coop_av_uk_suppress and coop_av_uk_suppress
[2026-08-22 20:47:07 UTC-6.000] DUPLICATE ALIASES: coop_av_uk_suppress and coop_av_uk_suppress
[2026-08-22 20:47:07 UTC-6.000] DUPLICATE ALIASES: coop_av_uk_suppress and coop_av_uk_suppress
[2026-08-22 20:47:07 UTC-6.000] DUPLICATE ALIASES: coop_av_uk_suppress and coop_av_uk_suppress
[2026-08-22 20:47:07 UTC-6.000] DUPLICATE ALIASES: coop_av_uk_suppress and coop_av_uk_suppress
[2026-08-22 20:47:07 UTC-6.000] DUPLICATE ALIASES: coop_av_uk_suppress and coop_av_uk_suppress
[2026-08-22 20:47:07 UTC-6.000] DUPLICATE ALIASES: coop_av_uk_suppress and coop_av_uk_suppress
[2026-08-22 20:47:07 UTC-6.000] DUPLICATE ALIASES: coop_av_uk_suppress and coop_av_uk_suppress
[2026-08-22 20:47:07 UTC-6.000] DUPLICATE ALIASES: coop_av_uk_suppress and coop_av_uk_suppress
[2026-08-22 20:47:07 UTC-6.000] DUPLICATE ALIASES: coop_av_uk_suppress and coop_av_uk_suppress
[2026-08-22 20:47:07 UTC-6.000] DUPLICATE ALIASES: coop_av_uk_suppress and coop_av_uk_suppress
[2026-08-22 20:47:07 UTC-6.000] DUPLICATE ALIASES: coop_av_uk_suppress and coop_av_uk_suppress
[2026-08-22 20:47:07 UTC-6.000] DUPLICATE ALIASES: coop_av_uk_suppress and coop_av_uk_suppress
[2026-08-22 20:47:07 UTC-6.000] DUPLICATE ALIASES: coop_av_uk_suppress and coop_av_uk_suppress
[2026-08-22 20:47:07 UTC-6.000] DUPLICATE ALIASES: coop_av_uk_suppress and coop_av_uk_suppress
[2026-08-22 20:47:07 UTC-6.000] DUPLICATE ALIASES: coop_av_uk_suppress and coop_av_uk_suppress
[2026-08-22 20:47:07 UTC-6.000] DUPLICATE ALIASES: coop_av_uk_suppress and coop_av_uk_suppress
[2026-08-22 20:47:07 UTC-6.000] DUPLICATE ALIASES: coop_av_uk_suppress and coop_av_uk_suppress
[2026-08-22 20:47:07 UTC-6.000] DUPLICATE ALIASES: coop_av_uk_suppress and coop_av_uk_suppress
[2026-08-22 20:47:07 UTC-6.000] DUPLICATE ALIASES: coop_av_uk_suppress and coop_av_uk_suppress
[2026-08-22 20:47:07 UTC-6.000] DUPLICATE ALIASES: coop_av_uk_suppress and coop_av_uk_suppress
[2026-08-22 20:47:07 UTC-6.000] DUPLICATE ALIASES: coop_av_uk_suppress and coop_av_uk_suppress
[2026-08-22 20:47:07 UTC-6.000] DUPLICATE ALIASES: coop_av_uk_suppress and coop_av_uk_suppress
[2026-08-22 20:47:07 UTC-6.000] DUPLICATE ALIASES: coop_av_uk_suppress and coop_av_uk_suppress
[2026-08-22 20:47:07 UTC-6.000] DUPLICATE ALIASES: coop_av_uk_suppress and coop_av_uk_suppress
[2026-08-22 20:47:07 UTC-6.000] DUPLICATE ALIASES: coop_av_uk_suppress and coop_av_uk_suppress
[2026-08-22 20:47:07 UTC-6.000] DUPLICATE ALIASES: coop_av_uk_suppress and coop_av_uk_suppress
[2026-08-22 20:47:07 UTC-6.000] DUPLICATE ALIASES: coop_av_uk_suppress and coop_av_uk_suppress
[2026-08-22 20:47:07 UTC-6.000] DUPLICATE ALIASES: coop_av_uk_suppress and coop_av_uk_suppress
[2026-08-22 20:47:07 UTC-6.000] DUPLICATE ALIASES: coop_av_uk_suppress and coop_av_uk_suppress
[2026-08-22 20:47:07 UTC-6.000] DUPLICATE ALIASES: coop_av_uk_suppress and coop_av_uk_suppress
[2026-08-22 20:47:07 UTC-6.000] DUPLICATE ALIASES: coop_av_uk_suppress and coop_av_uk_suppress
[2026-08-22 20:47:07 UTC-6.000] DUPLICATE ALIASES: coop_av_uk_suppress and coop_av_uk_suppress
[2026-08-22 20:47:07 UTC-6.000] DUPLICATE ALIASES: coop_av_uk_suppress and coop_av_uk_suppress
[2026-08-22 20:47:07 UTC-6.000] DUPLICATE ALIASES: coop_av_uk_suppress and coop_av_uk_suppress
[2026-08-22 20:47:07 UTC-6.000] DUPLICATE ALIASES: coop_av_uk_suppress and coop_av_uk_suppress
[2026-08-22 20:47:07 UTC-6.000] DUPLICATE ALIASES: coop_av_uk_suppress and coop_av_uk_suppress
[2026-08-22 20:47:07 UTC-6.000] DUPLICATE ALIASES: coop_av_uk_suppress and coop_av_uk_suppress
[2026-08-22 20:47:07 UTC-6.000] DUPLICATE ALIASES: coop_av_uk_suppress and coop_av_uk_suppress
[2026-08-22 20:47:07 UTC-6.000] DUPLICATE ALIASES: coop_av_uk_suppress and coop_av_uk_suppress
[2026-08-22 20:47:07 UTC-6.000] DUPLICATE ALIASES: coop_av_uk_suppress and coop_av_uk_suppress
[2026-08-22 20:47:07 UTC-6.000] DUPLICATE ALIASES: coop_av_uk_suppress and coop_av_uk_suppress
[2026-08-22 20:47:07 UTC-6.000] DUPLICATE ALIASES: coop_av_uk_suppress and coop_av_uk_suppress
[2026-08-22 20:47:07 UTC-6.000] DUPLICATE ALIASES: coop_av_uk_suppress and coop_av_uk_suppress
[2026-08-22 20:47:07 UTC-6.000] DUPLICATE ALIASES: coop_av_uk_suppress and coop_av_uk_suppress
[2026-08-22 20:47:07 UTC-6.000] DUPLICATE ALIASES: coop_av_uk_suppress and coop_av_uk_suppress
[2026-08-22 20:47:07 UTC-6.000] DUPLICATE ALIASES: coop_av_uk_suppress and coop_av_uk_suppress
[2026-08-22 20:47:07 UTC-6.000] DUPLICATE ALIASES: coop_av_uk_suppress and coop_av_uk_suppress
[2026-08-22 20:47:07 UTC-6.000] DUPLICATE ALIASES: coop_av_uk_suppress and coop_av_uk_suppress
[2026-08-22 20:47:07 UTC-6.000] DUPLICATE ALIASES: coop_av_uk_suppress and coop_av_uk_suppress
[2026-08-22 20:47:07 UTC-6.000] DUPLICATE ALIASES: coop_av_uk_suppress and coop_av_uk_suppress
[2026-08-22 20:47:07 UTC-6.000] DUPLICATE ALIASES: coop_av_uk_suppress and coop_av_uk_suppress
[2026-08-22 20:47:07 UTC-6.000] DUPLICATE ALIASES: coop_av_uk_suppress and coop_av_uk_suppress
[2026-08-22 20:47:07 UTC-6.000] DUPLICATE ALIASES: coop_av_uk_suppress and coop_av_uk_suppress
[2026-08-22 20:47:07 UTC-6.000] DUPLICATE ALIASES: coop_av_uk_suppress and coop_av_uk_suppress
[2026-08-22 20:47:07 UTC-6.000] DUPLICATE ALIASES: coop_av_uk_suppress and coop_av_uk_suppress
[2026-08-22 20:47:07 UTC-6.000] DUPLICATE ALIASES: coop_av_uk_suppress and coop_av_uk_suppress
[2026-08-22 20:47:07 UTC-6.000] DUPLICATE ALIASES: coop_av_uk_suppress and coop_av_uk_suppress
[2026-08-22 20:47:07 UTC-6.000] DUPLICATE ALIASES: coop_av_uk_suppress and coop_av_uk_suppress
[2026-08-22 20:47:07 UTC-6.000] DUPLICATE ALIASES: coop_av_uk_suppress and coop_av_uk_suppress
[2026-08-22 20:47:07 UTC-6.000] DUPLICATE ALIASES: coop_av_uk_suppress and coop_av_uk_suppress
[2026-08-22 20:47:07 UTC-6.000] DUPLICATE ALIASES: coop_av_uk_suppress and coop_av_uk_suppress
[2026-08-22 20:47:07 UTC-6.000] DUPLICATE ALIASES: coop_av_uk_suppress and coop_av_uk_suppress
[2026-08-22 20:47:07 UTC-6.000] DUPLICATE ALIASES: coop_av_uk_suppress and coop_av_uk_suppress
[2026-08-22 20:47:07 UTC-6.000] DUPLICATE ALIASES: coop_av_uk_suppress and coop_av_uk_suppress
[2026-08-22 20:47:07 UTC-6.000] DUPLICATE ALIASES: coop_av_uk_suppress and coop_av_uk_suppress
[2026-08-22 20:47:07 UTC-6.000] DUPLICATE ALIASES: coop_av_uk_suppress and coop_av_uk_suppress
[2026-08-22 20:47:07 UTC-6.000] DUPLICATE ALIASES: coop_av_uk_suppress and coop_av_uk_suppress
[2026-08-22 20:47:07 UTC-6.000] DUPLICATE ALIASES: coop_av_uk_suppress and coop_av_uk_suppress
[2026-08-22 20:47:07 UTC-6.000] DUPLICATE ALIASES: coop_av_uk_suppress and coop_av_uk_suppress
[2026-08-22 20:47:07 UTC-6.000] DUPLICATE ALIASES: coop_av_uk_suppress and coop_av_uk_suppress
[2026-08-22 20:47:07 UTC-6.000] DUPLICATE ALIASES: coop_av_uk_suppress and coop_av_uk_suppress
[2026-08-22 20:47:07 UTC-6.000] DUPLICATE ALIASES: coop_av_uk_suppress and coop_av_uk_suppress
[2026-08-22 20:47:07 UTC-6.000] DUPLICATE ALIASES: coop_av_uk_suppress and coop_av_uk_suppress
[2026-08-22 20:47:07 UTC-6.000] DUPLICATE ALIASES: coop_av_uk_suppress and coop_av_uk_suppress
[2026-08-22 20:47:07 UTC-6.000] DUPLICATE ALIASES: coop_av_uk_suppress and coop_av_uk_suppress
[2026-08-22 20:47:07 UTC-6.000] DUPLICATE ALIASES: coop_av_uk_suppress and coop_av_uk_suppress
[2026-08-22 20:47:07 UTC-6.000] DUPLICATE ALIASES: coop_av_uk_suppress and coop_av_uk_suppress
[2026-08-22 20:47:07 UTC-6.000] DUPLICATE ALIASES: coop_av_uk_suppress and coop_av_uk_suppress
[2026-08-22 20:47:07 UTC-6.000] DUPLICATE ALIASES: coop_av_uk_suppress and coop_av_uk_suppress
[2026-08-22 20:47:07 UTC-6.000] DUPLICATE ALIASES: coop_av_uk_suppress and coop_av_uk_suppress
[2026-08-22 20:47:07 UTC-6.000] DUPLICATE ALIASES: coop_av_uk_suppress and coop_av_uk_suppress
[2026-08-22 20:47:07 UTC-6.000] DUPLICATE ALIASES: coop_av_uk_suppress and coop_av_uk_suppress
[2026-08-22 20:47:07 UTC-6.000] DUPLICATE ALIASES: coop_av_uk_suppress and coop_av_uk_suppress
[2026-08-22 20:47:07 UTC-6.000] DUPLICATE ALIASES: coop_av_uk_suppress and coop_av_uk_suppress
[2026-08-22 20:47:07 UTC-6.000] DUPLICATE ALIASES: coop_av_uk_suppress and coop_av_uk_suppress
[2026-08-22 20:47:07 UTC-6.000] DUPLICATE ALIASES: coop_av_uk_suppress and coop_av_uk_suppress
[2026-08-22 20:47:07 UTC-6.000] DUPLICATE ALIASES: coop_av_uk_suppress and coop_av_uk_suppress
[2026-08-22 20:47:07 UTC-6.000] DUPLICATE ALIASES: coop_av_uk_suppress and coop_av_uk_suppress
[2026-08-22 20:47:07 UTC-6.000] DUPLICATE ALIASES: coop_av_uk_suppress and coop_av_uk_suppress
[2026-08-22 20:47:07 UTC-6.000] DUPLICATE ALIASES: coop_av_uk_suppress and coop_av_uk_suppress
[2026-08-22 20:47:07 UTC-6.000] DUPLICATE ALIASES: coop_av_uk_suppress and coop_av_uk_suppress
[2026-08-22 20:47:07 UTC-6.000] DUPLICATE ALIASES: coop_av_uk_suppress and coop_av_uk_suppress
[2026-08-22 20:47:07 UTC-6.000] DUPLICATE ALIASES: coop_av_uk_suppress and coop_av_uk_suppress
[2026-08-22 20:47:07 UTC-6.000] DUPLICATE ALIASES: coop_av_uk_suppress and coop_av_uk_suppress
[2026-08-22 20:47:07 UTC-6.000] DUPLICATE ALIASES: coop_av_uk_suppress and coop_av_uk_suppress
[2026-08-22 20:47:07 UTC-6.000] DUPLICATE ALIASES: coop_av_uk_suppress and coop_av_uk_suppress
[2026-08-22 20:47:07 UTC-6.000] DUPLICATE ALIASES: coop_av_uk_suppress and coop_av_uk_suppress
[2026-08-22 20:47:07 UTC-6.000] DUPLICATE ALIASES: coop_av_uk_suppress and coop_av_uk_suppress
[2026-08-22 20:47:07 UTC-6.000] DUPLICATE ALIASES: coop_av_uk_suppress and coop_av_uk_suppress
[2026-08-22 20:47:07 UTC-6.000] DUPLICATE ALIASES: coop_av_uk_suppress and coop_av_uk_suppress
[2026-08-22 20:47:07 UTC-6.000] DUPLICATE ALIASES: coop_av_uk_suppress and coop_av_uk_suppress
[2026-08-22 20:47:07 UTC-6.000] DUPLICATE ALIASES: coop_av_uk_suppress and coop_av_uk_suppress
[2026-08-22 20:47:07 UTC-6.000] DUPLICATE ALIASES: coop_av_uk_suppress and coop_av_uk_suppress
[2026-08-22 20:47:07 UTC-6.000] DUPLICATE ALIASES: coop_av_uk_suppress and coop_av_uk_suppress
[2026-08-22 20:47:07 UTC-6.000] DUPLICATE ALIASES: coop_av_uk_suppress and coop_av_uk_suppress
[2026-08-22 20:47:07 UTC-6.000] DUPLICATE ALIASES: coop_av_uk_suppress and coop_av_uk_suppress
[2026-08-22 20:47:07 UTC-6.000] DUPLICATE ALIASES: coop_av_uk_suppress and coop_av_uk_suppress
[2026-08-22 20:47:07 UTC-6.000] DUPLICATE ALIASES: coop_av_uk_suppress and coop_av_uk_suppress
[2026-08-22 20:47:07 UTC-6.000] DUPLICATE ALIASES: coop_av_uk_suppress and coop_av_uk_suppress
[2026-08-22 20:47:07 UTC-6.000] DUPLICATE ALIASES: coop_av_uk_suppress and coop_av_uk_suppress
[2026-08-22 20:47:07 UTC-6.000] DUPLICATE ALIASES: coop_av_uk_suppress and coop_av_uk_suppress
[2026-08-22 20:47:07 UTC-6.000] DUPLICATE ALIASES: coop_av_uk_suppress and coop_av_uk_suppress
[2026-08-22 20:47:07 UTC-6.000] DUPLICATE ALIASES: coop_av_uk_suppress and coop_av_uk_suppress
[2026-08-22 20:47:07 UTC-6.000] DUPLICATE ALIASES: coop_av_uk_suppress and coop_av_uk_suppress
[2026-08-22 20:47:07 UTC-6.000] DUPLICATE ALIASES: coop_av_uk_suppress and coop_av_uk_suppress
[2026-08-22 20:47:07 UTC-6.000] DUPLICATE ALIASES: coop_av_uk_suppress and coop_av_uk_suppress
[2026-08-22 20:47:07 UTC-6.000] DUPLICATE ALIASES: coop_av_uk_suppress and coop_av_uk_suppress
[2026-08-22 20:47:07 UTC-6.000] DUPLICATE ALIASES: coop_av_uk_suppress and coop_av_uk_suppress
[2026-08-22 20:47:07 UTC-6.000] DUPLICATE ALIASES: coop_av_uk_suppress and coop_av_uk_suppress
[2026-08-22 20:47:07 UTC-6.000] DUPLICATE ALIASES: coop_av_uk_suppress and coop_av_uk_suppress
[2026-08-22 20:47:07 UTC-6.000] DUPLICATE ALIASES: coop_av_uk_suppress and coop_av_uk_suppress
[2026-08-22 20:47:07 UTC-6.000] DUPLICATE ALIASES: coop_av_uk_suppress and coop_av_uk_suppress
[2026-08-22 20:47:07 UTC-6.000] DUPLICATE ALIASES: coop_av_uk_suppress and coop_av_uk_suppress
[2026-08-22 20:47:07 UTC-6.000] DUPLICATE ALIASES: coop_av_uk_suppress and coop_av_uk_suppress
[2026-08-22 20:47:07 UTC-6.000] DUPLICATE ALIASES: coop_av_uk_suppress and coop_av_uk_suppress
[2026-08-22 20:47:07 UTC-6.000] DUPLICATE ALIASES: coop_av_uk_suppress and coop_av_uk_suppress
[2026-08-22 20:47:07 UTC-6.000] DUPLICATE ALIASES: coop_av_uk_suppress and coop_av_uk_suppress
[2026-08-22 20:47:07 UTC-6.000] DUPLICATE ALIASES: coop_av_uk_suppress and coop_av_uk_suppress
[2026-08-22 20:47:07 UTC-6.000] DUPLICATE ALIASES: coop_av_uk_suppress and coop_av_uk_suppress
[2026-08-22 20:47:07 UTC-6.000] DUPLICATE ALIASES: coop_av_uk_suppress and coop_av_uk_suppress
[2026-08-22 20:47:07 UTC-6.000] DUPLICATE ALIASES: coop_av_uk_suppress and coop_av_uk_suppress
[2026-08-22 20:47:07 UTC-6.000] DUPLICATE ALIASES: coop_av_uk_suppress and coop_av_uk_suppress
[2026-08-22 20:47:07 UTC-6.000] DUPLICATE ALIASES: coop_av_uk_suppress and coop_av_uk_suppress
[2026-08-22 20:47:07 UTC-6.000] DUPLICATE ALIASES: coop_av_uk_suppress and coop_av_uk_suppress
[2026-08-22 20:47:07 UTC-6.000] DUPLICATE ALIASES: coop_av_uk_suppress and coop_av_uk_suppress
[2026-08-22 20:47:07 UTC-6.000] DUPLICATE ALIASES: coop_av_uk_suppress and coop_av_uk_suppress
[2026-08-22 20:47:07 UTC-6.000] DUPLICATE ALIASES: coop_av_uk_suppress and coop_av_uk_suppress
[2026-08-22 20:47:07 UTC-6.000] DUPLICATE ALIASES: coop_av_uk_suppress and coop_av_uk_suppress
[2026-08-22 20:47:07 UTC-6.000] DUPLICATE ALIASES: coop_av_uk_suppress and coop_av_uk_suppress
[2026-08-22 20:47:07 UTC-6.000] DUPLICATE ALIASES: coop_av_uk_suppress and coop_av_uk_suppress
[2026-08-22 20:47:07 UTC-6.000] DUPLICATE ALIASES: coop_av_uk_suppress and coop_av_uk_suppress
[2026-08-22 20:47:07 UTC-6.000] DUPLICATE ALIASES: coop_av_uk_suppress and coop_av_uk_suppress
[2026-08-22 20:47:07 UTC-6.000] DUPLICATE ALIASES: coop_av_uk_suppress and coop_av_uk_suppress
[2026-08-22 20:47:07 UTC-6.000] DUPLICATE ALIASES: coop_av_uk_suppress and coop_av_uk_suppress
[2026-08-22 20:47:07 UTC-6.000] DUPLICATE ALIASES: coop_av_uk_suppress and coop_av_uk_suppress
[2026-08-22 20:47:07 UTC-6.000] DUPLICATE ALIASES: coop_av_uk_suppress and coop_av_uk_suppress
[2026-08-22 20:47:07 UTC-6.000] DUPLICATE ALIASES: coop_av_uk_suppress and coop_av_uk_suppress
[2026-08-22 20:47:07 UTC-6.000] DUPLICATE ALIASES: coop_av_uk_suppress and coop_av_uk_suppress
[2026-08-22 20:47:07 UTC-6.000] DUPLICATE ALIASES: coop_av_uk_suppress and coop_av_uk_suppress
[2026-08-22 20:47:07 UTC-6.000] DUPLICATE ALIASES: coop_av_uk_suppress and coop_av_uk_suppress
[2026-08-22 20:47:07 UTC-6.000] DUPLICATE ALIASES: coop_av_uk_suppress and coop_av_uk_suppress
[2026-08-22 20:47:07 UTC-6.000] DUPLICATE ALIASES: coop_av_uk_suppress and coop_av_uk_suppress
[2026-08-22 20:47:07 UTC-6.000] DUPLICATE ALIASES: coop_av_uk_suppress and coop_av_uk_suppress
[2026-08-22 20:47:07 UTC-6.000] DUPLICATE ALIASES: coop_av_uk_suppress and coop_av_uk_suppress
[2026-08-22 20:47:07 UTC-6.000] DUPLICATE ALIASES: coop_av_uk_suppress and coop_av_uk_suppress
[2026-08-22 20:47:07 UTC-6.000] DUPLICATE ALIASES: coop_av_uk_suppress and coop_av_uk_suppress
[2026-08-22 20:47:07 UTC-6.000] DUPLICATE ALIASES: coop_av_uk_suppress and coop_av_uk_suppress
[2026-08-22 20:47:07 UTC-6.000] DUPLICATE ALIASES: coop_av_uk_suppress and coop_av_uk_suppress
[2026-08-22 20:47:07 UTC-6.000] DUPLICATE ALIASES: coop_av_uk_suppress and coop_av_uk_suppress
[2026-08-22 20:47:07 UTC-6.000] DUPLICATE ALIASES: coop_av_uk_suppress and coop_av_uk_suppress
[2026-08-22 20:47:07 UTC-6.000] DUPLICATE ALIASES: coop_av_uk_suppress and coop_av_uk_suppress
[2026-08-22 20:47:07 UTC-6.000] DUPLICATE ALIASES: coop_av_uk_suppress and coop_av_uk_suppress
[2026-08-22 20:47:07 UTC-6.000] DUPLICATE ALIASES: coop_av_uk_suppress and coop_av_uk_suppress
[2026-08-22 20:47:07 UTC-6.000] DUPLICATE ALIASES: coop_av_uk_suppress and coop_av_uk_suppress
[2026-08-22 20:47:07 UTC-6.000] DUPLICATE ALIASES: coop_av_uk_suppress and coop_av_uk_suppress
[2026-08-22 20:47:07 UTC-6.000] DUPLICATE ALIASES: coop_av_uk_suppress and coop_av_uk_suppress
[2026-08-22 20:47:07 UTC-6.000] DUPLICATE ALIASES: coop_av_uk_suppress and coop_av_uk_suppress
[2026-08-22 20:47:07 UTC-6.000] DUPLICATE ALIASES: coop_av_uk_suppress and coop_av_uk_suppress
[2026-08-22 20:47:07 UTC-6.000] DUPLICATE ALIASES: coop_av_uk_suppress and coop_av_uk_suppress
[2026-08-22 20:47:07 UTC-6.000] DUPLICATE ALIASES: coop_av_uk_suppress and coop_av_uk_suppress
[2026-08-22 20:47:07 UTC-6.000] DUPLICATE ALIASES: coop_av_uk_suppress and coop_av_uk_suppress
[2026-08-22 20:47:07 UTC-6.000] DUPLICATE ALIASES: coop_av_uk_suppress and coop_av_uk_suppress
[2026-08-22 20:47:07 UTC-6.000] DUPLICATE ALIASES: coop_av_uk_suppress and coop_av_uk_suppress
[2026-08-22 20:47:07 UTC-6.000] DUPLICATE ALIASES: coop_av_uk_suppress and coop_av_uk_suppress
[2026-08-22 20:47:07 UTC-6.000] DUPLICATE ALIASES: coop_av_uk_suppress and coop_av_uk_suppress
[2026-08-22 20:47:07 UTC-6.000] DUPLICATE ALIASES: coop_av_uk_suppress and coop_av_uk_suppress
[2026-08-22 20:47:07 UTC-6.000] DUPLICATE ALIASES: coop_av_uk_suppress and coop_av_uk_suppress
[2026-08-22 20:47:07 UTC-6.000] DUPLICATE ALIASES: coop_av_uk_suppress and coop_av_uk_suppress
[2026-08-22 20:47:07 UTC-6.000] DUPLICATE ALIASES: coop_av_uk_suppress and coop_av_uk_suppress
[2026-08-22 20:47:07 UTC-6.000] DUPLICATE ALIASES: coop_av_uk_suppress and coop_av_uk_suppress
[2026-08-22 20:47:07 UTC-6.000] DUPLICATE ALIASES: coop_av_uk_suppress and coop_av_uk_suppress
[2026-08-22 20:47:07 UTC-6.000] DUPLICATE ALIASES: coop_av_uk_suppress and coop_av_uk_suppress
[2026-08-22 20:47:07 UTC-6.000] DUPLICATE ALIASES: coop_av_uk_suppress and coop_av_uk_suppress
[2026-08-22 20:47:07 UTC-6.000] DUPLICATE ALIASES: coop_av_uk_suppress and coop_av_uk_suppress
[2026-08-22 20:47:07 UTC-6.000] DUPLICATE ALIASES: coop_av_uk_suppress and coop_av_uk_suppress
[2026-08-22 20:47:07 UTC-6.000] DUPLICATE ALIASES: coop_av_uk_suppress and coop_av_uk_suppress
[2026-08-22 20:47:07 UTC-6.000] DUPLICATE ALIASES: coop_av_uk_suppress and coop_av_uk_suppress
[2026-08-22 20:47:07 UTC-6.000] DUPLICATE ALIASES: coop_av_uk_suppress and coop_av_uk_suppress
[2026-08-22 20:47:07 UTC-6.000] DUPLICATE ALIASES: coop_av_uk_suppress and coop_av_uk_suppress
[2026-08-22 20:47:07 UTC-6.000] DUPLICATE ALIASES: coop_av_uk_suppress and coop_av_uk_suppress
[2026-08-22 20:47:07 UTC-6.000] DUPLICATE ALIASES: coop_av_uk_suppress and coop_av_uk_suppress
[2026-08-22 20:47:07 UTC-6.000] DUPLICATE ALIASES: coop_av_uk_suppress and coop_av_uk_suppress
[2026-08-22 20:47:07 UTC-6.000] DUPLICATE ALIASES: coop_av_uk_suppress and coop_av_uk_suppress
[2026-08-22 20:47:07 UTC-6.000] DUPLICATE ALIASES: coop_av_us_attack and coop_av_us_attack
[2026-08-22 20:47:07 UTC-6.000] DUPLICATE ALIASES: coop_av_us_attack and coop_av_us_attack
[2026-08-22 20:47:07 UTC-6.000] DUPLICATE ALIASES: coop_av_us_attack and coop_av_us_attack
[2026-08-22 20:47:07 UTC-6.000] DUPLICATE ALIASES: coop_av_us_attack and coop_av_us_attack
[2026-08-22 20:47:07 UTC-6.000] DUPLICATE ALIASES: coop_av_us_attack and coop_av_us_attack
[2026-08-22 20:47:07 UTC-6.000] DUPLICATE ALIASES: coop_av_us_attack and coop_av_us_attack
[2026-08-22 20:47:07 UTC-6.000] DUPLICATE ALIASES: coop_av_us_attack and coop_av_us_attack
[2026-08-22 20:47:07 UTC-6.000] DUPLICATE ALIASES: coop_av_us_attack and coop_av_us_attack
[2026-08-22 20:47:07 UTC-6.000] DUPLICATE ALIASES: coop_av_us_attack and coop_av_us_attack
[2026-08-22 20:47:07 UTC-6.000] DUPLICATE ALIASES: coop_av_us_attack and coop_av_us_attack
[2026-08-22 20:47:07 UTC-6.000] DUPLICATE ALIASES: coop_av_us_attack and coop_av_us_attack
[2026-08-22 20:47:07 UTC-6.000] DUPLICATE ALIASES: coop_av_us_attack and coop_av_us_attack
[2026-08-22 20:47:07 UTC-6.000] DUPLICATE ALIASES: coop_av_us_attack and coop_av_us_attack
[2026-08-22 20:47:07 UTC-6.000] DUPLICATE ALIASES: coop_av_us_attack and coop_av_us_attack
[2026-08-22 20:47:07 UTC-6.000] DUPLICATE ALIASES: coop_av_us_attack and coop_av_us_attack
[2026-08-22 20:47:07 UTC-6.000] DUPLICATE ALIASES: coop_av_us_attack and coop_av_us_attack
[2026-08-22 20:47:07 UTC-6.000] DUPLICATE ALIASES: coop_av_us_attack and coop_av_us_attack
[2026-08-22 20:47:07 UTC-6.000] DUPLICATE ALIASES: coop_av_us_attack and coop_av_us_attack
[2026-08-22 20:47:07 UTC-6.000] DUPLICATE ALIASES: coop_av_us_attack and coop_av_us_attack
[2026-08-22 20:47:07 UTC-6.000] DUPLICATE ALIASES: coop_av_us_attack and coop_av_us_attack
[2026-08-22 20:47:07 UTC-6.000] DUPLICATE ALIASES: coop_av_us_attack and coop_av_us_attack
[2026-08-22 20:47:07 UTC-6.000] DUPLICATE ALIASES: coop_av_us_attack and coop_av_us_attack
[2026-08-22 20:47:07 UTC-6.000] DUPLICATE ALIASES: coop_av_us_attack and coop_av_us_attack
[2026-08-22 20:47:07 UTC-6.000] DUPLICATE ALIASES: coop_av_us_attack and coop_av_us_attack
[2026-08-22 20:47:07 UTC-6.000] DUPLICATE ALIASES: coop_av_us_attack and coop_av_us_attack
[2026-08-22 20:47:07 UTC-6.000] DUPLICATE ALIASES: coop_av_us_attack and coop_av_us_attack
[2026-08-22 20:47:07 UTC-6.000] DUPLICATE ALIASES: coop_av_us_attack and coop_av_us_attack
[2026-08-22 20:47:07 UTC-6.000] DUPLICATE ALIASES: coop_av_us_attack and coop_av_us_attack
[2026-08-22 20:47:07 UTC-6.000] DUPLICATE ALIASES: coop_av_us_attack and coop_av_us_attack
[2026-08-22 20:47:07 UTC-6.000] DUPLICATE ALIASES: coop_av_us_attack and coop_av_us_attack
[2026-08-22 20:47:07 UTC-6.000] DUPLICATE ALIASES: coop_av_us_attack and coop_av_us_attack
[2026-08-22 20:47:07 UTC-6.000] DUPLICATE ALIASES: coop_av_us_attack and coop_av_us_attack
[2026-08-22 20:47:07 UTC-6.000] DUPLICATE ALIASES: coop_av_us_attack and coop_av_us_attack
[2026-08-22 20:47:07 UTC-6.000] DUPLICATE ALIASES: coop_av_us_attack and coop_av_us_attack
[2026-08-22 20:47:07 UTC-6.000] DUPLICATE ALIASES: coop_av_us_attack and coop_av_us_attack
[2026-08-22 20:47:07 UTC-6.000] DUPLICATE ALIASES: coop_av_us_attack and coop_av_us_attack
[2026-08-22 20:47:07 UTC-6.000] DUPLICATE ALIASES: coop_av_us_attack and coop_av_us_attack
[2026-08-22 20:47:07 UTC-6.000] DUPLICATE ALIASES: coop_av_us_attack and coop_av_us_attack
[2026-08-22 20:47:07 UTC-6.000] DUPLICATE ALIASES: coop_av_us_attack and coop_av_us_attack
[2026-08-22 20:47:07 UTC-6.000] DUPLICATE ALIASES: coop_av_us_attack and coop_av_us_attack
[2026-08-22 20:47:07 UTC-6.000] DUPLICATE ALIASES: coop_av_us_attack and coop_av_us_attack
[2026-08-22 20:47:07 UTC-6.000] DUPLICATE ALIASES: coop_av_us_attack and coop_av_us_attack
[2026-08-22 20:47:07 UTC-6.000] DUPLICATE ALIASES: coop_av_us_attack and coop_av_us_attack
[2026-08-22 20:47:07 UTC-6.000] DUPLICATE ALIASES: coop_av_us_attack and coop_av_us_attack
[2026-08-22 20:47:07 UTC-6.000] DUPLICATE ALIASES: coop_av_us_attack and coop_av_us_attack
[2026-08-22 20:47:07 UTC-6.000] DUPLICATE ALIASES: coop_av_us_attack and coop_av_us_attack
[2026-08-22 20:47:07 UTC-6.000] DUPLICATE ALIASES: coop_av_us_attack and coop_av_us_attack
[2026-08-22 20:47:07 UTC-6.000] DUPLICATE ALIASES: coop_av_us_attack and coop_av_us_attack
[2026-08-22 20:47:07 UTC-6.000] DUPLICATE ALIASES: coop_av_us_attack and coop_av_us_attack
[2026-08-22 20:47:07 UTC-6.000] DUPLICATE ALIASES: coop_av_us_attack and coop_av_us_attack
[2026-08-22 20:47:07 UTC-6.000] DUPLICATE ALIASES: coop_av_us_attack and coop_av_us_attack
[2026-08-22 20:47:07 UTC-6.000] DUPLICATE ALIASES: coop_av_us_attack and coop_av_us_attack
[2026-08-22 20:47:07 UTC-6.000] DUPLICATE ALIASES: coop_av_us_attack and coop_av_us_attack
[2026-08-22 20:47:07 UTC-6.000] DUPLICATE ALIASES: coop_av_us_attack and coop_av_us_attack
[2026-08-22 20:47:07 UTC-6.000] DUPLICATE ALIASES: coop_av_us_attack and coop_av_us_attack
[2026-08-22 20:47:07 UTC-6.000] DUPLICATE ALIASES: coop_av_us_attack and coop_av_us_attack
[2026-08-22 20:47:07 UTC-6.000] DUPLICATE ALIASES: coop_av_us_attack and coop_av_us_attack
[2026-08-22 20:47:07 UTC-6.000] DUPLICATE ALIASES: coop_av_us_attack and coop_av_us_attack
[2026-08-22 20:47:07 UTC-6.000] DUPLICATE ALIASES: coop_av_us_attack and coop_av_us_attack
[2026-08-22 20:47:07 UTC-6.000] DUPLICATE ALIASES: coop_av_us_attack and coop_av_us_attack
[2026-08-22 20:47:07 UTC-6.000] DUPLICATE ALIASES: coop_av_us_attack and coop_av_us_attack
[2026-08-22 20:47:07 UTC-6.000] DUPLICATE ALIASES: coop_av_us_attack and coop_av_us_attack
[2026-08-22 20:47:07 UTC-6.000] DUPLICATE ALIASES: coop_av_us_attack and coop_av_us_attack
[2026-08-22 20:47:07 UTC-6.000] DUPLICATE ALIASES: coop_av_us_attack and coop_av_us_attack
[2026-08-22 20:47:07 UTC-6.000] DUPLICATE ALIASES: coop_av_us_attack and coop_av_us_attack
[2026-08-22 20:47:07 UTC-6.000] DUPLICATE ALIASES: coop_av_us_attack and coop_av_us_attack
[2026-08-22 20:47:07 UTC-6.000] DUPLICATE ALIASES: coop_av_us_attack and coop_av_us_attack
[2026-08-22 20:47:07 UTC-6.000] DUPLICATE ALIASES: coop_av_us_attack and coop_av_us_attack
[2026-08-22 20:47:07 UTC-6.000] DUPLICATE ALIASES: coop_av_us_attack and coop_av_us_attack
[2026-08-22 20:47:07 UTC-6.000] DUPLICATE ALIASES: coop_av_us_attack and coop_av_us_attack
[2026-08-22 20:47:07 UTC-6.000] DUPLICATE ALIASES: coop_av_us_attack and coop_av_us_attack
[2026-08-22 20:47:07 UTC-6.000] DUPLICATE ALIASES: coop_av_us_attack and coop_av_us_attack
[2026-08-22 20:47:07 UTC-6.000] DUPLICATE ALIASES: coop_av_us_attack and coop_av_us_attack
[2026-08-22 20:47:07 UTC-6.000] DUPLICATE ALIASES: coop_av_us_attack and coop_av_us_attack
[2026-08-22 20:47:07 UTC-6.000] DUPLICATE ALIASES: coop_av_us_attack and coop_av_us_attack
[2026-08-22 20:47:07 UTC-6.000] DUPLICATE ALIASES: coop_av_us_attack and coop_av_us_attack
[2026-08-22 20:47:07 UTC-6.000] DUPLICATE ALIASES: coop_av_us_attack and coop_av_us_attack
[2026-08-22 20:47:07 UTC-6.000] DUPLICATE ALIASES: coop_av_us_attack and coop_av_us_attack
[2026-08-22 20:47:07 UTC-6.000] DUPLICATE ALIASES: coop_av_us_attack and coop_av_us_attack
[2026-08-22 20:47:07 UTC-6.000] DUPLICATE ALIASES: coop_av_us_attack and coop_av_us_attack
[2026-08-22 20:47:07 UTC-6.000] DUPLICATE ALIASES: coop_av_us_attack and coop_av_us_attack
[2026-08-22 20:47:07 UTC-6.000] DUPLICATE ALIASES: coop_av_us_attack and coop_av_us_attack
[2026-08-22 20:47:07 UTC-6.000] DUPLICATE ALIASES: coop_av_us_attack and coop_av_us_attack
[2026-08-22 20:47:07 UTC-6.000] DUPLICATE ALIASES: coop_av_us_attack and coop_av_us_attack
[2026-08-22 20:47:07 UTC-6.000] DUPLICATE ALIASES: coop_av_us_attack and coop_av_us_attack
[2026-08-22 20:47:07 UTC-6.000] DUPLICATE ALIASES: coop_av_us_attack and coop_av_us_attack
[2026-08-22 20:47:07 UTC-6.000] DUPLICATE ALIASES: coop_av_us_attack and coop_av_us_attack
[2026-08-22 20:47:07 UTC-6.000] DUPLICATE ALIASES: coop_av_us_attack and coop_av_us_attack
[2026-08-22 20:47:07 UTC-6.000] DUPLICATE ALIASES: coop_av_us_attack and coop_av_us_attack
[2026-08-22 20:47:07 UTC-6.000] DUPLICATE ALIASES: coop_av_us_attack and coop_av_us_attack
[2026-08-22 20:47:07 UTC-6.000] DUPLICATE ALIASES: coop_av_us_attack and coop_av_us_attack
[2026-08-22 20:47:07 UTC-6.000] DUPLICATE ALIASES: coop_av_us_attack and coop_av_us_attack
[2026-08-22 20:47:07 UTC-6.000] DUPLICATE ALIASES: coop_av_us_attack and coop_av_us_attack
[2026-08-22 20:47:07 UTC-6.000] DUPLICATE ALIASES: coop_av_us_attack and coop_av_us_attack
[2026-08-22 20:47:07 UTC-6.000] DUPLICATE ALIASES: coop_av_us_attack and coop_av_us_attack
[2026-08-22 20:47:07 UTC-6.000] DUPLICATE ALIASES: coop_av_us_attack and coop_av_us_attack
[2026-08-22 20:47:07 UTC-6.000] DUPLICATE ALIASES: coop_av_us_attack and coop_av_us_attack
[2026-08-22 20:47:07 UTC-6.000] DUPLICATE ALIASES: coop_av_us_backup and coop_av_us_backup
[2026-08-22 20:47:07 UTC-6.000] DUPLICATE ALIASES: coop_av_us_backup and coop_av_us_backup
[2026-08-22 20:47:07 UTC-6.000] DUPLICATE ALIASES: coop_av_us_backup and coop_av_us_backup
[2026-08-22 20:47:07 UTC-6.000] DUPLICATE ALIASES: coop_av_us_backup and coop_av_us_backup
[2026-08-22 20:47:07 UTC-6.000] DUPLICATE ALIASES: coop_av_us_backup and coop_av_us_backup
[2026-08-22 20:47:07 UTC-6.000] DUPLICATE ALIASES: coop_av_us_backup and coop_av_us_backup
[2026-08-22 20:47:07 UTC-6.000] DUPLICATE ALIASES: coop_av_us_backup and coop_av_us_backup
[2026-08-22 20:47:07 UTC-6.000] DUPLICATE ALIASES: coop_av_us_backup and coop_av_us_backup
[2026-08-22 20:47:07 UTC-6.000] DUPLICATE ALIASES: coop_av_us_reload and coop_av_us_reload
[2026-08-22 20:47:07 UTC-6.000] DUPLICATE ALIASES: coop_av_us_reload and coop_av_us_reload
[2026-08-22 20:47:07 UTC-6.000] DUPLICATE ALIASES: coop_av_us_reload and coop_av_us_reload
[2026-08-22 20:47:07 UTC-6.000] DUPLICATE ALIASES: coop_av_us_reload and coop_av_us_reload
[2026-08-22 20:47:07 UTC-6.000] DUPLICATE ALIASES: coop_av_us_reload and coop_av_us_reload
[2026-08-22 20:47:07 UTC-6.000] DUPLICATE ALIASES: coop_av_us_reload and coop_av_us_reload
[2026-08-22 20:47:07 UTC-6.000] DUPLICATE ALIASES: coop_av_us_reload and coop_av_us_reload
[2026-08-22 20:47:07 UTC-6.000] DUPLICATE ALIASES: coop_av_us_reload and coop_av_us_reload
[2026-08-22 20:47:07 UTC-6.000] DUPLICATE ALIASES: coop_av_us_reload and coop_av_us_reload
[2026-08-22 20:47:07 UTC-6.000] DUPLICATE ALIASES: coop_av_us_reload and coop_av_us_reload
[2026-08-22 20:47:07 UTC-6.000] DUPLICATE ALIASES: coop_av_us_reload and coop_av_us_reload
[2026-08-22 20:47:07 UTC-6.000] DUPLICATE ALIASES: coop_av_us_reload and coop_av_us_reload
[2026-08-22 20:47:07 UTC-6.000] DUPLICATE ALIASES: coop_av_us_reload and coop_av_us_reload
[2026-08-22 20:47:07 UTC-6.000] DUPLICATE ALIASES: coop_av_us_reload and coop_av_us_reload
[2026-08-22 20:47:07 UTC-6.000] DUPLICATE ALIASES: coop_av_us_reload and coop_av_us_reload
[2026-08-22 20:47:07 UTC-6.000] DUPLICATE ALIASES: coop_av_us_reload and coop_av_us_reload
[2026-08-22 20:47:07 UTC-6.000] DUPLICATE ALIASES: coop_av_us_reload and coop_av_us_reload
[2026-08-22 20:47:07 UTC-6.000] DUPLICATE ALIASES: coop_av_us_reload and coop_av_us_reload
[2026-08-22 20:47:07 UTC-6.000] DUPLICATE ALIASES: coop_av_us_reload and coop_av_us_reload
[2026-08-22 20:47:07 UTC-6.000] DUPLICATE ALIASES: coop_av_us_reload and coop_av_us_reload
[2026-08-22 20:47:07 UTC-6.000] DUPLICATE ALIASES: coop_av_us_reload and coop_av_us_reload
[2026-08-22 20:47:07 UTC-6.000] DUPLICATE ALIASES: coop_av_us_reload and coop_av_us_reload
[2026-08-22 20:47:07 UTC-6.000] DUPLICATE ALIASES: coop_av_us_reload and coop_av_us_reload
[2026-08-22 20:47:07 UTC-6.000] DUPLICATE ALIASES: coop_av_us_reload and coop_av_us_reload
[2026-08-22 20:47:07 UTC-6.000] DUPLICATE ALIASES: coop_av_us_reload and coop_av_us_reload
[2026-08-22 20:47:07 UTC-6.000] DUPLICATE ALIASES: coop_av_us_reload and coop_av_us_reload
[2026-08-22 20:47:07 UTC-6.000] DUPLICATE ALIASES: coop_av_us_reload and coop_av_us_reload
[2026-08-22 20:47:07 UTC-6.000] DUPLICATE ALIASES: coop_av_us_reload and coop_av_us_reload
[2026-08-22 20:47:07 UTC-6.000] DUPLICATE ALIASES: coop_av_us_reload and coop_av_us_reload
[2026-08-22 20:47:07 UTC-6.000] DUPLICATE ALIASES: coop_av_us_reload and coop_av_us_reload
[2026-08-22 20:47:07 UTC-6.000] DUPLICATE ALIASES: coop_av_us_reload and coop_av_us_reload
[2026-08-22 20:47:07 UTC-6.000] DUPLICATE ALIASES: coop_av_us_reload and coop_av_us_reload
[2026-08-22 20:47:07 UTC-6.000] DUPLICATE ALIASES: coop_av_us_reload and coop_av_us_reload
[2026-08-22 20:47:07 UTC-6.000] DUPLICATE ALIASES: coop_av_us_reload and coop_av_us_reload
[2026-08-22 20:47:07 UTC-6.000] DUPLICATE ALIASES: coop_av_us_reload and coop_av_us_reload
[2026-08-22 20:47:07 UTC-6.000] DUPLICATE ALIASES: coop_av_us_reload and coop_av_us_reload
[2026-08-22 20:47:07 UTC-6.000] DUPLICATE ALIASES: coop_av_us_reload and coop_av_us_reload
[2026-08-22 20:47:07 UTC-6.000] DUPLICATE ALIASES: coop_av_us_reload and coop_av_us_reload
[2026-08-22 20:47:07 UTC-6.000] DUPLICATE ALIASES: coop_av_us_reload and coop_av_us_reload
[2026-08-22 20:47:07 UTC-6.000] DUPLICATE ALIASES: coop_av_us_reload and coop_av_us_reload
[2026-08-22 20:47:07 UTC-6.000] DUPLICATE ALIASES: coop_av_us_reload and coop_av_us_reload
[2026-08-22 20:47:07 UTC-6.000] DUPLICATE ALIASES: coop_av_us_reload and coop_av_us_reload
[2026-08-22 20:47:07 UTC-6.000] DUPLICATE ALIASES: coop_av_us_reload and coop_av_us_reload
[2026-08-22 20:47:07 UTC-6.000] DUPLICATE ALIASES: coop_av_us_reload and coop_av_us_reload
[2026-08-22 20:47:07 UTC-6.000] DUPLICATE ALIASES: coop_av_us_reload and coop_av_us_reload
[2026-08-22 20:47:07 UTC-6.000] DUPLICATE ALIASES: coop_av_us_reload and coop_av_us_reload
[2026-08-22 20:47:07 UTC-6.000] DUPLICATE ALIASES: coop_av_us_reload and coop_av_us_reload
[2026-08-22 20:47:07 UTC-6.000] DUPLICATE ALIASES: coop_av_us_reload and coop_av_us_reload
[2026-08-22 20:47:07 UTC-6.000] DUPLICATE ALIASES: coop_av_us_reload and coop_av_us_reload
[2026-08-22 20:47:07 UTC-6.000] DUPLICATE ALIASES: coop_av_us_reload and coop_av_us_reload
[2026-08-22 20:47:07 UTC-6.000] DUPLICATE ALIASES: coop_av_us_reload and coop_av_us_reload
[2026-08-22 20:47:07 UTC-6.000] DUPLICATE ALIASES: coop_av_us_reload and coop_av_us_reload
[2026-08-22 20:47:07 UTC-6.000] DUPLICATE ALIASES: coop_av_us_reload and coop_av_us_reload
[2026-08-22 20:47:07 UTC-6.000] DUPLICATE ALIASES: coop_av_us_reload and coop_av_us_reload
[2026-08-22 20:47:07 UTC-6.000] DUPLICATE ALIASES: coop_av_us_reload and coop_av_us_reload
[2026-08-22 20:47:07 UTC-6.000] DUPLICATE ALIASES: coop_av_us_reload and coop_av_us_reload
[2026-08-22 20:47:07 UTC-6.000] DUPLICATE ALIASES: coop_av_us_reload and coop_av_us_reload
[2026-08-22 20:47:07 UTC-6.000] DUPLICATE ALIASES: coop_av_us_reload and coop_av_us_reload
[2026-08-22 20:47:07 UTC-6.000] DUPLICATE ALIASES: coop_av_us_reload and coop_av_us_reload
[2026-08-22 20:47:07 UTC-6.000] DUPLICATE ALIASES: coop_av_us_reload and coop_av_us_reload
[2026-08-22 20:47:07 UTC-6.000] DUPLICATE ALIASES: coop_av_us_reload and coop_av_us_reload
[2026-08-22 20:47:07 UTC-6.000] DUPLICATE ALIASES: coop_av_us_reload and coop_av_us_reload
[2026-08-22 20:47:07 UTC-6.000] DUPLICATE ALIASES: coop_av_us_reload and coop_av_us_reload
[2026-08-22 20:47:07 UTC-6.000] DUPLICATE ALIASES: coop_av_us_reload and coop_av_us_reload
[2026-08-22 20:47:07 UTC-6.000] DUPLICATE ALIASES: coop_av_us_reload and coop_av_us_reload
[2026-08-22 20:47:07 UTC-6.000] DUPLICATE ALIASES: coop_av_us_reload and coop_av_us_reload
[2026-08-22 20:47:07 UTC-6.000] DUPLICATE ALIASES: coop_av_us_reload and coop_av_us_reload
[2026-08-22 20:47:07 UTC-6.000] DUPLICATE ALIASES: coop_av_us_reload and coop_av_us_reload
[2026-08-22 20:47:07 UTC-6.000] DUPLICATE ALIASES: coop_av_us_reload and coop_av_us_reload
[2026-08-22 20:47:07 UTC-6.000] DUPLICATE ALIASES: coop_av_us_reload and coop_av_us_reload
[2026-08-22 20:47:07 UTC-6.000] DUPLICATE ALIASES: coop_av_us_reload and coop_av_us_reload
[2026-08-22 20:47:07 UTC-6.000] DUPLICATE ALIASES: coop_av_us_reload and coop_av_us_reload
[2026-08-22 20:47:07 UTC-6.000] DUPLICATE ALIASES: coop_av_us_reload and coop_av_us_reload
[2026-08-22 20:47:07 UTC-6.000] DUPLICATE ALIASES: coop_av_us_reload and coop_av_us_reload
[2026-08-22 20:47:07 UTC-6.000] DUPLICATE ALIASES: coop_av_us_reload and coop_av_us_reload
[2026-08-22 20:47:07 UTC-6.000] DUPLICATE ALIASES: coop_av_us_reload and coop_av_us_reload
[2026-08-22 20:47:07 UTC-6.000] DUPLICATE ALIASES: coop_av_us_reload and coop_av_us_reload
[2026-08-22 20:47:07 UTC-6.000] DUPLICATE ALIASES: coop_av_us_reload and coop_av_us_reload
[2026-08-22 20:47:07 UTC-6.000] DUPLICATE ALIASES: coop_av_us_reload and coop_av_us_reload
[2026-08-22 20:47:07 UTC-6.000] DUPLICATE ALIASES: coop_av_us_reload and coop_av_us_reload
[2026-08-22 20:47:07 UTC-6.000] DUPLICATE ALIASES: coop_av_us_reload and coop_av_us_reload
[2026-08-22 20:47:07 UTC-6.000] DUPLICATE ALIASES: coop_av_us_reload and coop_av_us_reload
[2026-08-22 20:47:07 UTC-6.000] DUPLICATE ALIASES: coop_av_us_reload and coop_av_us_reload
[2026-08-22 20:47:07 UTC-6.000] DUPLICATE ALIASES: coop_av_us_reload and coop_av_us_reload
[2026-08-22 20:47:07 UTC-6.000] DUPLICATE ALIASES: coop_av_us_reload and coop_av_us_reload
[2026-08-22 20:47:07 UTC-6.000] DUPLICATE ALIASES: coop_av_us_reload and coop_av_us_reload
[2026-08-22 20:47:07 UTC-6.000] DUPLICATE ALIASES: coop_av_us_reload and coop_av_us_reload
[2026-08-22 20:47:07 UTC-6.000] DUPLICATE ALIASES: coop_av_us_reload and coop_av_us_reload
[2026-08-22 20:47:07 UTC-6.000] DUPLICATE ALIASES: coop_av_us_reload and coop_av_us_reload
[2026-08-22 20:47:07 UTC-6.000] DUPLICATE ALIASES: coop_av_us_reload and coop_av_us_reload
[2026-08-22 20:47:07 UTC-6.000] DUPLICATE ALIASES: coop_av_us_reload and coop_av_us_reload
[2026-08-22 20:47:07 UTC-6.000] DUPLICATE ALIASES: coop_av_us_reload and coop_av_us_reload
[2026-08-22 20:47:07 UTC-6.000] DUPLICATE ALIASES: coop_av_us_reload and coop_av_us_reload
[2026-08-22 20:47:07 UTC-6.000] DUPLICATE ALIASES: coop_av_us_reload and coop_av_us_reload
[2026-08-22 20:47:07 UTC-6.000] DUPLICATE ALIASES: coop_av_us_reload and coop_av_us_reload
[2026-08-22 20:47:07 UTC-6.000] DUPLICATE ALIASES: coop_av_us_reload and coop_av_us_reload
[2026-08-22 20:47:07 UTC-6.000] DUPLICATE ALIASES: coop_av_us_reload and coop_av_us_reload
[2026-08-22 20:47:08 UTC-6.000] DUPLICATE ALIASES: coop_av_us_reload and coop_av_us_reload
[2026-08-22 20:47:08 UTC-6.000] DUPLICATE ALIASES: coop_av_us_reload and coop_av_us_reload
[2026-08-22 20:47:08 UTC-6.000] DUPLICATE ALIASES: coop_av_us_reload and coop_av_us_reload
[2026-08-22 20:47:08 UTC-6.000] DUPLICATE ALIASES: coop_av_us_reload and coop_av_us_reload
[2026-08-22 20:47:08 UTC-6.000] DUPLICATE ALIASES: coop_av_us_reload and coop_av_us_reload
[2026-08-22 20:47:08 UTC-6.000] DUPLICATE ALIASES: coop_av_us_reload and coop_av_us_reload
[2026-08-22 20:47:08 UTC-6.000] DUPLICATE ALIASES: coop_av_us_reload and coop_av_us_reload
[2026-08-22 20:47:08 UTC-6.000] DUPLICATE ALIASES: coop_av_us_reload and coop_av_us_reload
[2026-08-22 20:47:08 UTC-6.000] DUPLICATE ALIASES: coop_av_us_reload and coop_av_us_reload
[2026-08-22 20:47:08 UTC-6.000] DUPLICATE ALIASES: coop_av_us_reload and coop_av_us_reload
[2026-08-22 20:47:08 UTC-6.000] DUPLICATE ALIASES: coop_av_us_reload and coop_av_us_reload
[2026-08-22 20:47:08 UTC-6.000] DUPLICATE ALIASES: coop_av_us_reload and coop_av_us_reload
[2026-08-22 20:47:08 UTC-6.000] DUPLICATE ALIASES: coop_av_us_reload and coop_av_us_reload
[2026-08-22 20:47:08 UTC-6.000] DUPLICATE ALIASES: coop_av_us_reload and coop_av_us_reload
[2026-08-22 20:47:08 UTC-6.000] DUPLICATE ALIASES: coop_av_us_reload and coop_av_us_reload
[2026-08-22 20:47:08 UTC-6.000] DUPLICATE ALIASES: coop_av_us_reload and coop_av_us_reload
[2026-08-22 20:47:08 UTC-6.000] DUPLICATE ALIASES: coop_av_us_reload and coop_av_us_reload
[2026-08-22 20:47:08 UTC-6.000] DUPLICATE ALIASES: coop_av_us_reload and coop_av_us_reload
[2026-08-22 20:47:08 UTC-6.000] DUPLICATE ALIASES: coop_av_us_reload and coop_av_us_reload
[2026-08-22 20:47:08 UTC-6.000] DUPLICATE ALIASES: coop_av_us_reload and coop_av_us_reload
[2026-08-22 20:47:08 UTC-6.000] DUPLICATE ALIASES: coop_av_us_reload and coop_av_us_reload
[2026-08-22 20:47:08 UTC-6.000] DUPLICATE ALIASES: coop_av_us_reload and coop_av_us_reload
[2026-08-22 20:47:08 UTC-6.000] DUPLICATE ALIASES: coop_av_us_reload and coop_av_us_reload
[2026-08-22 20:47:08 UTC-6.000] DUPLICATE ALIASES: coop_av_us_reload and coop_av_us_reload
[2026-08-22 20:47:08 UTC-6.000] DUPLICATE ALIASES: coop_av_us_reload and coop_av_us_reload
[2026-08-22 20:47:08 UTC-6.000] DUPLICATE ALIASES: coop_av_us_reload and coop_av_us_reload
[2026-08-22 20:47:08 UTC-6.000] DUPLICATE ALIASES: coop_av_us_reload and coop_av_us_reload
[2026-08-22 20:47:08 UTC-6.000] DUPLICATE ALIASES: coop_av_us_reload and coop_av_us_reload
[2026-08-22 20:47:08 UTC-6.000] DUPLICATE ALIASES: coop_av_us_reload and coop_av_us_reload
[2026-08-22 20:47:08 UTC-6.000] DUPLICATE ALIASES: coop_av_us_reload and coop_av_us_reload
[2026-08-22 20:47:08 UTC-6.000] DUPLICATE ALIASES: coop_av_us_reload and coop_av_us_reload
[2026-08-22 20:47:08 UTC-6.000] DUPLICATE ALIASES: coop_av_us_reload and coop_av_us_reload
[2026-08-22 20:47:08 UTC-6.000] DUPLICATE ALIASES: coop_av_us_reload and coop_av_us_reload
[2026-08-22 20:47:08 UTC-6.000] DUPLICATE ALIASES: coop_av_us_reload and coop_av_us_reload
[2026-08-22 20:47:08 UTC-6.000] DUPLICATE ALIASES: coop_av_us_reload and coop_av_us_reload
[2026-08-22 20:47:08 UTC-6.000] DUPLICATE ALIASES: coop_av_us_reload and coop_av_us_reload
[2026-08-22 20:47:08 UTC-6.000] DUPLICATE ALIASES: coop_av_us_reload and coop_av_us_reload
[2026-08-22 20:47:08 UTC-6.000] DUPLICATE ALIASES: coop_av_us_reload and coop_av_us_reload
[2026-08-22 20:47:08 UTC-6.000] DUPLICATE ALIASES: coop_av_us_reload and coop_av_us_reload
[2026-08-22 20:47:08 UTC-6.000] DUPLICATE ALIASES: coop_av_us_reload and coop_av_us_reload
[2026-08-22 20:47:08 UTC-6.000] DUPLICATE ALIASES: coop_av_us_reload and coop_av_us_reload
[2026-08-22 20:47:08 UTC-6.000] DUPLICATE ALIASES: coop_av_us_reload and coop_av_us_reload
[2026-08-22 20:47:08 UTC-6.000] DUPLICATE ALIASES: coop_av_us_reload and coop_av_us_reload
[2026-08-22 20:47:08 UTC-6.000] DUPLICATE ALIASES: coop_av_us_reload and coop_av_us_reload
[2026-08-22 20:47:08 UTC-6.000] DUPLICATE ALIASES: coop_av_us_reload and coop_av_us_reload
[2026-08-22 20:47:08 UTC-6.000] DUPLICATE ALIASES: coop_av_us_reload and coop_av_us_reload
[2026-08-22 20:47:08 UTC-6.000] DUPLICATE ALIASES: coop_av_us_reload and coop_av_us_reload
[2026-08-22 20:47:08 UTC-6.000] DUPLICATE ALIASES: coop_av_us_reload and coop_av_us_reload
[2026-08-22 20:47:08 UTC-6.000] DUPLICATE ALIASES: coop_av_us_reload and coop_av_us_reload
[2026-08-22 20:47:08 UTC-6.000] DUPLICATE ALIASES: coop_av_us_reload and coop_av_us_reload
[2026-08-22 20:47:08 UTC-6.000] DUPLICATE ALIASES: coop_av_us_reload and coop_av_us_reload
[2026-08-22 20:47:08 UTC-6.000] DUPLICATE ALIASES: coop_av_us_reload and coop_av_us_reload
[2026-08-22 20:47:08 UTC-6.000] DUPLICATE ALIASES: coop_av_us_reload and coop_av_us_reload
[2026-08-22 20:47:08 UTC-6.000] DUPLICATE ALIASES: coop_av_us_reload and coop_av_us_reload
[2026-08-22 20:47:08 UTC-6.000] DUPLICATE ALIASES: coop_av_us_suppress and coop_av_us_suppress
[2026-08-22 20:47:08 UTC-6.000] DUPLICATE ALIASES: coop_av_us_suppress and coop_av_us_suppress
[2026-08-22 20:47:08 UTC-6.000] DUPLICATE ALIASES: coop_av_us_suppress and coop_av_us_suppress
[2026-08-22 20:47:08 UTC-6.000] DUPLICATE ALIASES: coop_av_us_suppress and coop_av_us_suppress
[2026-08-22 20:47:08 UTC-6.000] DUPLICATE ALIASES: coop_av_us_suppress and coop_av_us_suppress
[2026-08-22 20:47:08 UTC-6.000] DUPLICATE ALIASES: coop_av_us_suppress and coop_av_us_suppress
[2026-08-22 20:47:08 UTC-6.000] DUPLICATE ALIASES: coop_av_us_suppress and coop_av_us_suppress
[2026-08-22 20:47:08 UTC-6.000] DUPLICATE ALIASES: coop_av_us_suppress and coop_av_us_suppress
[2026-08-22 20:47:08 UTC-6.000] DUPLICATE ALIASES: coop_av_us_suppress and coop_av_us_suppress
[2026-08-22 20:47:08 UTC-6.000] DUPLICATE ALIASES: coop_av_us_suppress and coop_av_us_suppress
[2026-08-22 20:47:08 UTC-6.000] DUPLICATE ALIASES: coop_av_us_suppress and coop_av_us_suppress
[2026-08-22 20:47:08 UTC-6.000] DUPLICATE ALIASES: coop_av_us_suppress and coop_av_us_suppress
[2026-08-22 20:47:08 UTC-6.000] DUPLICATE ALIASES: coop_av_us_suppress and coop_av_us_suppress
[2026-08-22 20:47:08 UTC-6.000] DUPLICATE ALIASES: coop_av_us_suppress and coop_av_us_suppress
[2026-08-22 20:47:08 UTC-6.000] DUPLICATE ALIASES: coop_av_us_suppress and coop_av_us_suppress
[2026-08-22 20:47:08 UTC-6.000] DUPLICATE ALIASES: coop_av_us_suppress and coop_av_us_suppress
[2026-08-22 20:47:08 UTC-6.000] DUPLICATE ALIASES: coop_av_us_suppress and coop_av_us_suppress
[2026-08-22 20:47:08 UTC-6.000] DUPLICATE ALIASES: coop_av_us_suppress and coop_av_us_suppress
[2026-08-22 20:47:08 UTC-6.000] DUPLICATE ALIASES: coop_av_us_suppress and coop_av_us_suppress
[2026-08-22 20:47:08 UTC-6.000] DUPLICATE ALIASES: coop_av_us_suppress and coop_av_us_suppress
[2026-08-22 20:47:08 UTC-6.000] DUPLICATE ALIASES: coop_av_us_suppress and coop_av_us_suppress
[2026-08-22 20:47:08 UTC-6.000] DUPLICATE ALIASES: coop_av_us_suppress and coop_av_us_suppress
[2026-08-22 20:47:08 UTC-6.000] DUPLICATE ALIASES: coop_av_us_suppress and coop_av_us_suppress
[2026-08-22 20:47:08 UTC-6.000] DUPLICATE ALIASES: coop_av_us_suppress and coop_av_us_suppress
[2026-08-22 20:47:08 UTC-6.000] DUPLICATE ALIASES: coop_av_us_suppress and coop_av_us_suppress
[2026-08-22 20:47:08 UTC-6.000] DUPLICATE ALIASES: coop_av_us_suppress and coop_av_us_suppress
[2026-08-22 20:47:08 UTC-6.000] DUPLICATE ALIASES: coop_av_us_suppress and coop_av_us_suppress
[2026-08-22 20:47:08 UTC-6.000] DUPLICATE ALIASES: coop_av_us_suppress and coop_av_us_suppress
[2026-08-22 20:47:08 UTC-6.000] DUPLICATE ALIASES: coop_av_us_suppress and coop_av_us_suppress
[2026-08-22 20:47:08 UTC-6.000] DUPLICATE ALIASES: coop_av_us_suppress and coop_av_us_suppress
[2026-08-22 20:47:08 UTC-6.000] DUPLICATE ALIASES: coop_av_us_suppress and coop_av_us_suppress
[2026-08-22 20:47:08 UTC-6.000] DUPLICATE ALIASES: coop_av_us_suppress and coop_av_us_suppress
[2026-08-22 20:47:08 UTC-6.000] DUPLICATE ALIASES: coop_av_us_suppress and coop_av_us_suppress
[2026-08-22 20:47:08 UTC-6.000] DUPLICATE ALIASES: coop_av_us_suppress and coop_av_us_suppress
[2026-08-22 20:47:08 UTC-6.000] DUPLICATE ALIASES: coop_av_us_suppress and coop_av_us_suppress
[2026-08-22 20:47:08 UTC-6.000] DUPLICATE ALIASES: coop_av_us_suppress and coop_av_us_suppress
[2026-08-22 20:47:08 UTC-6.000] DUPLICATE ALIASES: coop_av_us_suppress and coop_av_us_suppress
[2026-08-22 20:47:08 UTC-6.000] DUPLICATE ALIASES: coop_av_us_suppress and coop_av_us_suppress
[2026-08-22 20:47:08 UTC-6.000] DUPLICATE ALIASES: coop_av_us_suppress and coop_av_us_suppress
[2026-08-22 20:47:08 UTC-6.000] DUPLICATE ALIASES: coop_av_us_suppress and coop_av_us_suppress
[2026-08-22 20:47:08 UTC-6.000] DUPLICATE ALIASES: coop_av_us_suppress and coop_av_us_suppress
[2026-08-22 20:47:08 UTC-6.000] DUPLICATE ALIASES: coop_av_us_suppress and coop_av_us_suppress
[2026-08-22 20:47:08 UTC-6.000] DUPLICATE ALIASES: coop_av_us_suppress and coop_av_us_suppress
[2026-08-22 20:47:08 UTC-6.000] DUPLICATE ALIASES: coop_av_us_suppress and coop_av_us_suppress
[2026-08-22 20:47:08 UTC-6.000] DUPLICATE ALIASES: coop_av_us_suppress and coop_av_us_suppress
[2026-08-22 20:47:08 UTC-6.000] DUPLICATE ALIASES: coop_av_us_suppress and coop_av_us_suppress
[2026-08-22 20:47:08 UTC-6.000] DUPLICATE ALIASES: coop_av_us_suppress and coop_av_us_suppress
[2026-08-22 20:47:08 UTC-6.000] DUPLICATE ALIASES: coop_av_us_suppress and coop_av_us_suppress
[2026-08-22 20:47:08 UTC-6.000] DUPLICATE ALIASES: coop_av_us_suppress and coop_av_us_suppress
[2026-08-22 20:47:08 UTC-6.000] DUPLICATE ALIASES: coop_av_us_suppress and coop_av_us_suppress
[2026-08-22 20:47:08 UTC-6.000] DUPLICATE ALIASES: coop_av_us_suppress and coop_av_us_suppress
[2026-08-22 20:47:08 UTC-6.000] DUPLICATE ALIASES: coop_av_us_suppress and coop_av_us_suppress
[2026-08-22 20:47:08 UTC-6.000] DUPLICATE ALIASES: coop_av_us_suppress and coop_av_us_suppress
[2026-08-22 20:47:08 UTC-6.000] DUPLICATE ALIASES: coop_av_us_suppress and coop_av_us_suppress
[2026-08-22 20:47:08 UTC-6.000] DUPLICATE ALIASES: coop_av_us_suppress and coop_av_us_suppress
[2026-08-22 20:47:08 UTC-6.000] DUPLICATE ALIASES: coop_av_us_suppress and coop_av_us_suppress
[2026-08-22 20:47:08 UTC-6.000] DUPLICATE ALIASES: coop_av_us_suppress and coop_av_us_suppress
[2026-08-22 20:47:08 UTC-6.000] DUPLICATE ALIASES: coop_av_us_suppress and coop_av_us_suppress
[2026-08-22 20:47:08 UTC-6.000] DUPLICATE ALIASES: coop_av_us_suppress and coop_av_us_suppress
[2026-08-22 20:47:08 UTC-6.000] DUPLICATE ALIASES: coop_av_us_suppress and coop_av_us_suppress
[2026-08-22 20:47:08 UTC-6.000] DUPLICATE ALIASES: coop_av_us_suppress and coop_av_us_suppress
[2026-08-22 20:47:08 UTC-6.000] DUPLICATE ALIASES: coop_av_us_suppress and coop_av_us_suppress
[2026-08-22 20:47:08 UTC-6.000] DUPLICATE ALIASES: coop_av_us_suppress and coop_av_us_suppress
[2026-08-22 20:47:08 UTC-6.000] DUPLICATE ALIASES: coop_av_us_suppress and coop_av_us_suppress
[2026-08-22 20:47:08 UTC-6.000] DUPLICATE ALIASES: coop_av_us_suppress and coop_av_us_suppress
[2026-08-22 20:47:08 UTC-6.000] DUPLICATE ALIASES: coop_av_us_suppress and coop_av_us_suppress
[2026-08-22 20:47:08 UTC-6.000] DUPLICATE ALIASES: coop_av_us_suppress and coop_av_us_suppress
[2026-08-22 20:47:08 UTC-6.000] DUPLICATE ALIASES: coop_av_us_suppress and coop_av_us_suppress
[2026-08-22 20:47:08 UTC-6.000] DUPLICATE ALIASES: coop_av_us_suppress and coop_av_us_suppress
[2026-08-22 20:47:08 UTC-6.000] DUPLICATE ALIASES: coop_av_us_suppress and coop_av_us_suppress
[2026-08-22 20:47:08 UTC-6.000] DUPLICATE ALIASES: coop_av_us_suppress and coop_av_us_suppress
[2026-08-22 20:47:08 UTC-6.000] DUPLICATE ALIASES: coop_av_us_suppress and coop_av_us_suppress
[2026-08-22 20:47:08 UTC-6.000] DUPLICATE ALIASES: coop_av_us_suppress and coop_av_us_suppress
[2026-08-22 20:47:08 UTC-6.000] DUPLICATE ALIASES: coop_av_us_suppress and coop_av_us_suppress
[2026-08-22 20:47:08 UTC-6.000] DUPLICATE ALIASES: coop_av_us_suppress and coop_av_us_suppress
[2026-08-22 20:47:08 UTC-6.000] DUPLICATE ALIASES: coop_av_us_suppress and coop_av_us_suppress
[2026-08-22 20:47:08 UTC-6.000] DUPLICATE ALIASES: coop_av_us_suppress and coop_av_us_suppress
[2026-08-22 20:47:08 UTC-6.000] DUPLICATE ALIASES: coop_av_us_suppress and coop_av_us_suppress
[2026-08-22 20:47:08 UTC-6.000] DUPLICATE ALIASES: coop_av_us_suppress and coop_av_us_suppress
[2026-08-22 20:47:08 UTC-6.000] DUPLICATE ALIASES: coop_av_us_suppress and coop_av_us_suppress
[2026-08-22 20:47:08 UTC-6.000] DUPLICATE ALIASES: coop_av_us_suppress and coop_av_us_suppress
[2026-08-22 20:47:08 UTC-6.000] DUPLICATE ALIASES: coop_av_us_suppress and coop_av_us_suppress
[2026-08-22 20:47:08 UTC-6.000] DUPLICATE ALIASES: coop_av_us_suppress and coop_av_us_suppress
[2026-08-22 20:47:08 UTC-6.000] DUPLICATE ALIASES: coop_av_us_suppress and coop_av_us_suppress
[2026-08-22 20:47:08 UTC-6.000] DUPLICATE ALIASES: coop_av_us_suppress and coop_av_us_suppress
[2026-08-22 20:47:08 UTC-6.000] DUPLICATE ALIASES: coop_av_us_suppress and coop_av_us_suppress
[2026-08-22 20:47:08 UTC-6.000] DUPLICATE ALIASES: coop_av_us_suppress and coop_av_us_suppress
[2026-08-22 20:47:08 UTC-6.000] DUPLICATE ALIASES: coop_av_us_suppress and coop_av_us_suppress
[2026-08-22 20:47:08 UTC-6.000] DUPLICATE ALIASES: coop_av_us_suppress and coop_av_us_suppress
[2026-08-22 20:47:08 UTC-6.000] DUPLICATE ALIASES: coop_av_us_suppress and coop_av_us_suppress
[2026-08-22 20:47:08 UTC-6.000] DUPLICATE ALIASES: coop_av_us_suppress and coop_av_us_suppress
[2026-08-22 20:47:08 UTC-6.000] DUPLICATE ALIASES: coop_av_us_suppress and coop_av_us_suppress
[2026-08-22 20:47:08 UTC-6.000] DUPLICATE ALIASES: coop_av_us_suppress and coop_av_us_suppress
[2026-08-22 20:47:08 UTC-6.000] DUPLICATE ALIASES: coop_av_us_suppress and coop_av_us_suppress
[2026-08-22 20:47:08 UTC-6.000] DUPLICATE ALIASES: coop_av_us_suppress and coop_av_us_suppress
[2026-08-22 20:47:08 UTC-6.000] DUPLICATE ALIASES: coop_av_us_suppress and coop_av_us_suppress
[2026-08-22 20:47:08 UTC-6.000] DUPLICATE ALIASES: coop_av_us_suppress and coop_av_us_suppress
[2026-08-22 20:47:08 UTC-6.000] DUPLICATE ALIASES: coop_av_us_suppress and coop_av_us_suppress
[2026-08-22 20:47:08 UTC-6.000] DUPLICATE ALIASES: coop_av_us_suppress and coop_av_us_suppress
[2026-08-22 20:47:08 UTC-6.000] DUPLICATE ALIASES: coop_av_us_suppress and coop_av_us_suppress
[2026-08-22 20:47:08 UTC-6.000] DUPLICATE ALIASES: coop_av_us_suppress and coop_av_us_suppress
[2026-08-22 20:47:08 UTC-6.000] DUPLICATE ALIASES: coop_av_us_suppress and coop_av_us_suppress
[2026-08-22 20:47:08 UTC-6.000] DUPLICATE ALIASES: coop_av_us_suppress and coop_av_us_suppress
[2026-08-22 20:47:08 UTC-6.000] DUPLICATE ALIASES: coop_av_us_suppress and coop_av_us_suppress
[2026-08-22 20:47:08 UTC-6.000] DUPLICATE ALIASES: coop_av_us_suppress and coop_av_us_suppress
[2026-08-22 20:47:08 UTC-6.000] DUPLICATE ALIASES: coop_av_us_suppress and coop_av_us_suppress
[2026-08-22 20:47:08 UTC-6.000] DUPLICATE ALIASES: coop_av_us_suppress and coop_av_us_suppress
[2026-08-22 20:47:08 UTC-6.000] DUPLICATE ALIASES: coop_av_us_suppress and coop_av_us_suppress
[2026-08-22 20:47:08 UTC-6.000] DUPLICATE ALIASES: coop_av_us_suppress and coop_av_us_suppress
[2026-08-22 20:47:08 UTC-6.000] DUPLICATE ALIASES: coop_av_us_suppress and coop_av_us_suppress
[2026-08-22 20:47:08 UTC-6.000] DUPLICATE ALIASES: coop_av_us_suppress and coop_av_us_suppress
[2026-08-22 20:47:08 UTC-6.000] DUPLICATE ALIASES: coop_av_us_suppress and coop_av_us_suppress
[2026-08-22 20:47:08 UTC-6.000] DUPLICATE ALIASES: coop_av_us_suppress and coop_av_us_suppress
[2026-08-22 20:47:08 UTC-6.000] DUPLICATE ALIASES: coop_av_us_suppress and coop_av_us_suppress
[2026-08-22 20:47:08 UTC-6.000] DUPLICATE ALIASES: coop_av_us_suppress and coop_av_us_suppress
[2026-08-22 20:47:08 UTC-6.000] DUPLICATE ALIASES: coop_av_us_suppress and coop_av_us_suppress
[2026-08-22 20:47:08 UTC-6.000] DUPLICATE ALIASES: coop_av_us_suppress and coop_av_us_suppress
[2026-08-22 20:47:08 UTC-6.000] DUPLICATE ALIASES: coop_av_us_suppress and coop_av_us_suppress
[2026-08-22 20:47:08 UTC-6.000] DUPLICATE ALIASES: coop_av_us_suppress and coop_av_us_suppress
[2026-08-22 20:47:08 UTC-6.000] DUPLICATE ALIASES: coop_av_us_suppress and coop_av_us_suppress
[2026-08-22 20:47:08 UTC-6.000] DUPLICATE ALIASES: coop_av_us_suppress and coop_av_us_suppress
[2026-08-22 20:47:08 UTC-6.000] DUPLICATE ALIASES: coop_av_us_suppress and coop_av_us_suppress
[2026-08-22 20:47:08 UTC-6.000] DUPLICATE ALIASES: coop_av_us_suppress and coop_av_us_suppress
[2026-08-22 20:47:08 UTC-6.000] DUPLICATE ALIASES: coop_av_us_suppress and coop_av_us_suppress
[2026-08-22 20:47:08 UTC-6.000] DUPLICATE ALIASES: coop_av_us_suppress and coop_av_us_suppress
[2026-08-22 20:47:08 UTC-6.000] DUPLICATE ALIASES: coop_av_us_suppress and coop_av_us_suppress
[2026-08-22 20:47:08 UTC-6.000] DUPLICATE ALIASES: coop_av_us_suppress and coop_av_us_suppress
[2026-08-22 20:47:08 UTC-6.000] DUPLICATE ALIASES: coop_av_us_suppress and coop_av_us_suppress
[2026-08-22 20:47:08 UTC-6.000] DUPLICATE ALIASES: coop_av_us_suppress and coop_av_us_suppress
[2026-08-22 20:47:08 UTC-6.000] DUPLICATE ALIASES: coop_av_us_suppress and coop_av_us_suppress
[2026-08-22 20:47:08 UTC-6.000] DUPLICATE ALIASES: coop_av_us_suppress and coop_av_us_suppress
[2026-08-22 20:47:08 UTC-6.000] DUPLICATE ALIASES: coop_av_us_suppress and coop_av_us_suppress
[2026-08-22 20:47:08 UTC-6.000] DUPLICATE ALIASES: coop_av_us_suppress and coop_av_us_suppress
[2026-08-22 20:47:08 UTC-6.000] DUPLICATE ALIASES: coop_av_us_suppress and coop_av_us_suppress
[2026-08-22 20:47:08 UTC-6.000] DUPLICATE ALIASES: coop_av_us_suppress and coop_av_us_suppress
[2026-08-22 20:47:08 UTC-6.000] DUPLICATE ALIASES: coop_av_us_suppress and coop_av_us_suppress
[2026-08-22 20:47:08 UTC-6.000] DUPLICATE ALIASES: coop_av_us_suppress and coop_av_us_suppress
[2026-08-22 20:47:08 UTC-6.000] DUPLICATE ALIASES: coop_av_us_suppress and coop_av_us_suppress
[2026-08-22 20:47:08 UTC-6.000] DUPLICATE ALIASES: coop_av_us_suppress and coop_av_us_suppress
[2026-08-22 20:47:08 UTC-6.000] DUPLICATE ALIASES: coop_av_us_suppress and coop_av_us_suppress
[2026-08-22 20:47:08 UTC-6.000] DUPLICATE ALIASES: coop_av_us_suppress and coop_av_us_suppress
[2026-08-22 20:47:08 UTC-6.000] DUPLICATE ALIASES: coop_av_us_suppress and coop_av_us_suppress
[2026-08-22 20:47:08 UTC-6.000] DUPLICATE ALIASES: coop_av_us_suppress and coop_av_us_suppress
[2026-08-22 20:47:08 UTC-6.000] DUPLICATE ALIASES: coop_av_us_suppress and coop_av_us_suppress
[2026-08-22 20:47:08 UTC-6.000] DUPLICATE ALIASES: coop_av_us_suppress and coop_av_us_suppress
[2026-08-22 20:47:08 UTC-6.000] DUPLICATE ALIASES: coop_av_us_suppress and coop_av_us_suppress
[2026-08-22 20:47:08 UTC-6.000] DUPLICATE ALIASES: coop_av_us_suppress and coop_av_us_suppress
[2026-08-22 20:47:08 UTC-6.000] DUPLICATE ALIASES: coop_av_us_suppress and coop_av_us_suppress
[2026-08-22 20:47:08 UTC-6.000] DUPLICATE ALIASES: coop_av_us_suppress and coop_av_us_suppress
[2026-08-22 20:47:08 UTC-6.000] DUPLICATE ALIASES: coop_av_us_suppress and coop_av_us_suppress
[2026-08-22 20:47:08 UTC-6.000] DUPLICATE ALIASES: coop_av_us_suppress and coop_av_us_suppress
[2026-08-22 20:47:08 UTC-6.000] DUPLICATE ALIASES: coop_av_us_suppress and coop_av_us_suppress
[2026-08-22 20:47:08 UTC-6.000] DUPLICATE ALIASES: coop_av_us_suppress and coop_av_us_suppress
[2026-08-22 20:47:08 UTC-6.000] DUPLICATE ALIASES: coop_av_us_suppress and coop_av_us_suppress
[2026-08-22 20:47:08 UTC-6.000] DUPLICATE ALIASES: coop_av_us_suppress and coop_av_us_suppress
[2026-08-22 20:47:08 UTC-6.000] DUPLICATE ALIASES: coop_av_us_suppress and coop_av_us_suppress
[2026-08-22 20:47:08 UTC-6.000] DUPLICATE ALIASES: coop_av_us_suppress and coop_av_us_suppress
[2026-08-22 20:47:08 UTC-6.000] DUPLICATE ALIASES: coop_av_us_suppress and coop_av_us_suppress
[2026-08-22 20:47:08 UTC-6.000] DUPLICATE ALIASES: coop_av_us_suppress and coop_av_us_suppress
[2026-08-22 20:47:08 UTC-6.000] DUPLICATE ALIASES: coop_av_us_suppress and coop_av_us_suppress
[2026-08-22 20:47:08 UTC-6.000] DUPLICATE ALIASES: coop_av_us_suppress and coop_av_us_suppress
[2026-08-22 20:47:08 UTC-6.000] DUPLICATE ALIASES: coop_av_us_suppress and coop_av_us_suppress
[2026-08-22 20:47:08 UTC-6.000] DUPLICATE ALIASES: coop_av_us_suppress and coop_av_us_suppress
[2026-08-22 20:47:08 UTC-6.000] DUPLICATE ALIASES: coop_av_us_suppress and coop_av_us_suppress
[2026-08-22 20:47:08 UTC-6.000] DUPLICATE ALIASES: coop_av_us_suppress and coop_av_us_suppress
[2026-08-22 20:47:08 UTC-6.000] DUPLICATE ALIASES: coop_av_us_suppress and coop_av_us_suppress
[2026-08-22 20:47:08 UTC-6.000] DUPLICATE ALIASES: coop_av_us_suppress and coop_av_us_suppress
[2026-08-22 20:47:08 UTC-6.000] DUPLICATE ALIASES: coop_av_us_suppress and coop_av_us_suppress
[2026-08-22 20:47:08 UTC-6.000] DUPLICATE ALIASES: coop_av_us_suppress and coop_av_us_suppress
[2026-08-22 20:47:08 UTC-6.000] DUPLICATE ALIASES: coop_av_us_suppress and coop_av_us_suppress
[2026-08-22 20:47:08 UTC-6.000] DUPLICATE ALIASES: coop_av_us_suppress and coop_av_us_suppress
[2026-08-22 20:47:08 UTC-6.000] DUPLICATE ALIASES: coop_av_us_suppress and coop_av_us_suppress
[2026-08-22 20:47:08 UTC-6.000] DUPLICATE ALIASES: coop_av_us_suppress and coop_av_us_suppress
[2026-08-22 20:47:08 UTC-6.000] DUPLICATE ALIASES: coop_av_us_suppress and coop_av_us_suppress
[2026-08-22 20:47:08 UTC-6.000] DUPLICATE ALIASES: coop_av_us_suppress and coop_av_us_suppress
[2026-08-22 20:47:08 UTC-6.000] DUPLICATE ALIASES: coop_av_us_suppress and coop_av_us_suppress
[2026-08-22 20:47:08 UTC-6.000] DUPLICATE ALIASES: coop_av_us_suppress and coop_av_us_suppress
[2026-08-22 20:47:08 UTC-6.000] DUPLICATE ALIASES: coop_av_us_suppress and coop_av_us_suppress
[2026-08-22 20:47:08 UTC-6.000] DUPLICATE ALIASES: coop_av_us_suppress and coop_av_us_suppress
[2026-08-22 20:47:08 UTC-6.000] DUPLICATE ALIASES: coop_av_us_suppress and coop_av_us_suppress
[2026-08-22 20:47:08 UTC-6.000] DUPLICATE ALIASES: coop_av_us_suppress and coop_av_us_suppress
[2026-08-22 20:47:08 UTC-6.000] DUPLICATE ALIASES: coop_av_us_suppress and coop_av_us_suppress
[2026-08-22 20:47:08 UTC-6.000] DUPLICATE ALIASES: coop_av_us_suppress and coop_av_us_suppress
[2026-08-22 20:47:08 UTC-6.000] DUPLICATE ALIASES: coop_av_us_suppress and coop_av_us_suppress
[2026-08-22 20:47:08 UTC-6.000] DUPLICATE ALIASES: coop_av_us_suppress and coop_av_us_suppress
[2026-08-22 20:47:08 UTC-6.000] DUPLICATE ALIASES: coop_av_us_suppress and coop_av_us_suppress
[2026-08-22 20:47:08 UTC-6.000] DUPLICATE ALIASES: coop_av_us_suppress and coop_av_us_suppress
[2026-08-22 20:47:08 UTC-6.000] DUPLICATE ALIASES: coop_av_us_suppress and coop_av_us_suppress
[2026-08-22 20:47:08 UTC-6.000] DUPLICATE ALIASES: coop_av_us_suppress and coop_av_us_suppress
[2026-08-22 20:47:08 UTC-6.000] DUPLICATE ALIASES: coop_av_us_suppress and coop_av_us_suppress
[2026-08-22 20:47:08 UTC-6.000] DUPLICATE ALIASES: coop_av_us_suppress and coop_av_us_suppress
[2026-08-22 20:47:08 UTC-6.000] DUPLICATE ALIASES: coop_av_us_suppress and coop_av_us_suppress
[2026-08-22 20:47:08 UTC-6.000] DUPLICATE ALIASES: coop_av_us_suppress and coop_av_us_suppress
[2026-08-22 20:47:08 UTC-6.000] DUPLICATE ALIASES: coop_av_us_suppress and coop_av_us_suppress
[2026-08-22 20:47:08 UTC-6.000] DUPLICATE ALIASES: coop_av_us_suppress and coop_av_us_suppress
[2026-08-22 20:47:08 UTC-6.000] DUPLICATE ALIASES: coop_av_us_suppress and coop_av_us_suppress
[2026-08-22 20:47:08 UTC-6.000] DUPLICATE ALIASES: coop_av_us_suppress and coop_av_us_suppress
[2026-08-22 20:47:08 UTC-6.000] DUPLICATE ALIASES: coop_av_us_suppress and coop_av_us_suppress
[2026-08-22 20:47:08 UTC-6.000] DUPLICATE ALIASES: coop_av_us_suppress and coop_av_us_suppress
[2026-08-22 20:47:08 UTC-6.000] DUPLICATE ALIASES: coop_av_us_suppress and coop_av_us_suppress
[2026-08-22 20:47:08 UTC-6.000] DUPLICATE ALIASES: coop_av_us_suppress and coop_av_us_suppress
[2026-08-22 20:47:08 UTC-6.000] DUPLICATE ALIASES: coop_av_us_suppress and coop_av_us_suppress
[2026-08-22 20:47:08 UTC-6.000] DUPLICATE ALIASES: coop_av_us_suppress and coop_av_us_suppress
[2026-08-22 20:47:08 UTC-6.000] DUPLICATE ALIASES: coop_av_us_suppress and coop_av_us_suppress
[2026-08-22 20:47:08 UTC-6.000] DUPLICATE ALIASES: coop_av_us_suppress and coop_av_us_suppress
[2026-08-22 20:47:08 UTC-6.000] DUPLICATE ALIASES: coop_av_us_suppress and coop_av_us_suppress
[2026-08-22 20:47:08 UTC-6.000] DUPLICATE ALIASES: coop_av_us_suppress and coop_av_us_suppress
[2026-08-22 20:47:08 UTC-6.000] DUPLICATE ALIASES: coop_av_us_suppress and coop_av_us_suppress
[2026-08-22 20:47:08 UTC-6.000] DUPLICATE ALIASES: coop_av_us_suppress and coop_av_us_suppress
[2026-08-22 20:47:08 UTC-6.000] DUPLICATE ALIASES: coop_av_us_suppress and coop_av_us_suppress
[2026-08-22 20:47:08 UTC-6.000] DUPLICATE ALIASES: coop_av_us_suppress and coop_av_us_suppress
[2026-08-22 20:47:08 UTC-6.000] DUPLICATE ALIASES: coop_av_us_suppress and coop_av_us_suppress
[2026-08-22 20:47:08 UTC-6.000] DUPLICATE ALIASES: coop_av_us_suppress and coop_av_us_suppress
[2026-08-22 20:47:08 UTC-6.000] DUPLICATE ALIASES: coop_av_us_suppress and coop_av_us_suppress
[2026-08-22 20:47:08 UTC-6.000] DUPLICATE ALIASES: coop_av_us_suppress and coop_av_us_suppress
[2026-08-22 20:47:08 UTC-6.000] DUPLICATE ALIASES: coop_av_us_suppress and coop_av_us_suppress
[2026-08-22 20:47:08 UTC-6.000] DUPLICATE ALIASES: coop_av_us_suppress and coop_av_us_suppress
[2026-08-22 20:47:08 UTC-6.000] DUPLICATE ALIASES: coop_av_us_suppress and coop_av_us_suppress
[2026-08-22 20:47:08 UTC-6.000] DUPLICATE ALIASES: coop_av_us_suppress and coop_av_us_suppress
[2026-08-22 20:47:08 UTC-6.000] DUPLICATE ALIASES: coop_av_us_suppress and coop_av_us_suppress
[2026-08-22 20:47:08 UTC-6.000] DUPLICATE ALIASES: coop_av_us_suppress and coop_av_us_suppress
[2026-08-22 20:47:08 UTC-6.000] DUPLICATE ALIASES: coop_av_us_suppress and coop_av_us_suppress
[2026-08-22 20:47:08 UTC-6.000] DUPLICATE ALIASES: coop_av_us_suppress and coop_av_us_suppress
[2026-08-22 20:47:08 UTC-6.000] DUPLICATE ALIASES: coop_av_us_suppress and coop_av_us_suppress
[2026-08-22 20:47:08 UTC-6.000] DUPLICATE ALIASES: coop_av_us_suppress and coop_av_us_suppress
[2026-08-22 20:47:08 UTC-6.000] DUPLICATE ALIASES: coop_av_us_suppress and coop_av_us_suppress
[2026-08-22 20:47:08 UTC-6.000] DUPLICATE ALIASES: coop_av_us_suppress and coop_av_us_suppress
[2026-08-22 20:47:08 UTC-6.000] DUPLICATE ALIASES: coop_av_us_suppress and coop_av_us_suppress
[2026-08-22 20:47:08 UTC-6.000] DUPLICATE ALIASES: coop_av_us_suppress and coop_av_us_suppress
[2026-08-22 20:47:08 UTC-6.000] DUPLICATE ALIASES: coop_av_us_suppress and coop_av_us_suppress
[2026-08-22 20:47:08 UTC-6.000] DUPLICATE ALIASES: coop_av_us_suppress and coop_av_us_suppress
[2026-08-22 20:47:08 UTC-6.000] DUPLICATE ALIASES: coop_av_us_suppress and coop_av_us_suppress
[2026-08-22 20:47:08 UTC-6.000] DUPLICATE ALIASES: coop_av_us_suppress and coop_av_us_suppress
[2026-08-22 20:47:08 UTC-6.000] DUPLICATE ALIASES: coop_av_us_suppress and coop_av_us_suppress
[2026-08-22 20:47:08 UTC-6.000] DUPLICATE ALIASES: coop_av_us_suppress and coop_av_us_suppress
[2026-08-22 20:47:08 UTC-6.000] DUPLICATE ALIASES: coop_av_us_suppress and coop_av_us_suppress
[2026-08-22 20:47:08 UTC-6.000] DUPLICATE ALIASES: coop_av_us_suppress and coop_av_us_suppress
[2026-08-22 20:47:08 UTC-6.000] DUPLICATE ALIASES: coop_av_us_suppress and coop_av_us_suppress
[2026-08-22 20:47:08 UTC-6.000] DUPLICATE ALIASES: coop_av_us_suppress and coop_av_us_suppress
[2026-08-22 20:47:08 UTC-6.000] DUPLICATE ALIASES: coop_av_us_suppress and coop_av_us_suppress
[2026-08-22 20:47:08 UTC-6.000] DUPLICATE ALIASES: coop_av_us_suppress and coop_av_us_suppress
[2026-08-22 20:47:08 UTC-6.000] DUPLICATE ALIASES: coop_av_us_suppress and coop_av_us_suppress
[2026-08-22 20:47:08 UTC-6.000] DUPLICATE ALIASES: coop_av_us_suppress and coop_av_us_suppress
[2026-08-22 20:47:08 UTC-6.000] DUPLICATE ALIASES: coop_av_us_suppress and coop_av_us_suppress
[2026-08-22 20:47:08 UTC-6.000] DUPLICATE ALIASES: coop_av_us_suppress and coop_av_us_suppress
[2026-08-22 20:47:08 UTC-6.000] DUPLICATE ALIASES: coop_av_us_suppress and coop_av_us_suppress
[2026-08-22 20:47:08 UTC-6.000] DUPLICATE ALIASES: coop_av_us_suppress and coop_av_us_suppress
[2026-08-22 20:47:08 UTC-6.000] DUPLICATE ALIASES: coop_av_us_suppress and coop_av_us_suppress
[2026-08-22 20:47:08 UTC-6.000] DUPLICATE ALIASES: coop_av_us_suppress and coop_av_us_suppress
[2026-08-22 20:47:08 UTC-6.000] DUPLICATE ALIASES: coop_av_us_suppress and coop_av_us_suppress
[2026-08-22 20:47:08 UTC-6.000] DUPLICATE ALIASES: coop_av_us_suppress and coop_av_us_suppress
[2026-08-22 20:47:08 UTC-6.000] DUPLICATE ALIASES: coop_av_us_suppress and coop_av_us_suppress
[2026-08-22 20:47:08 UTC-6.000] DUPLICATE ALIASES: coop_av_us_suppress and coop_av_us_suppress
[2026-08-22 20:47:08 UTC-6.000] DUPLICATE ALIASES: coop_av_us_suppress and coop_av_us_suppress
[2026-08-22 20:47:08 UTC-6.000] DUPLICATE ALIASES: coop_av_us_suppress and coop_av_us_suppress
[2026-08-22 20:47:08 UTC-6.000] DUPLICATE ALIASES: coop_av_us_suppress and coop_av_us_suppress
[2026-08-22 20:47:08 UTC-6.000] DUPLICATE ALIASES: coop_av_us_suppress and coop_av_us_suppress
[2026-08-22 20:47:08 UTC-6.000] DUPLICATE ALIASES: coop_av_us_suppress and coop_av_us_suppress
[2026-08-22 20:47:08 UTC-6.000] Parse/Load time: 0.336000 seconds.
[2026-08-22 20:47:08 UTC-6.000] -------------PARSING 'ubersound/coop_chatter.scr' DONE (SERVER)---------------

[2026-08-22 20:47:08 UTC-6.000] 

-----------PARSING 'ubersound/coop_deathvox.scr' (SERVER)------------
[2026-08-22 20:47:08 UTC-6.000] Any SetCurrentTiki errors means that tiki wasn't prefetched and tiki-specific sounds for it won't work. To fix prefetch the tiki. Ignore if you don't use that tiki on this level.
[2026-08-22 20:47:08 UTC-6.000] G_Command_ProcessFile: ubersound/coop_deathvox.scr
[2026-08-22 20:47:08 UTC-6.000] Parse/Load time: 0.004000 seconds.
[2026-08-22 20:47:08 UTC-6.000] -------------PARSING 'ubersound/coop_deathvox.scr' DONE (SERVER)---------------

[2026-08-22 20:47:08 UTC-6.000] 

-----------PARSING 'ubersound/coop_explosions.scr' (SERVER)------------
[2026-08-22 20:47:08 UTC-6.000] Any SetCurrentTiki errors means that tiki wasn't prefetched and tiki-specific sounds for it won't work. To fix prefetch the tiki. Ignore if you don't use that tiki on this level.
[2026-08-22 20:47:08 UTC-6.000] G_Command_ProcessFile: ubersound/coop_explosions.scr
[2026-08-22 20:47:08 UTC-6.000] Parse/Load time: 0.002000 seconds.
[2026-08-22 20:47:08 UTC-6.000] -------------PARSING 'ubersound/coop_explosions.scr' DONE (SERVER)---------------

[2026-08-22 20:47:08 UTC-6.000] 

-----------PARSING 'ubersound/coop_flvo.scr' (SERVER)------------
[2026-08-22 20:47:08 UTC-6.000] Any SetCurrentTiki errors means that tiki wasn't prefetched and tiki-specific sounds for it won't work. To fix prefetch the tiki. Ignore if you don't use that tiki on this level.
[2026-08-22 20:47:08 UTC-6.000] G_Command_ProcessFile: ubersound/coop_flvo.scr
[2026-08-22 20:47:08 UTC-6.000] Parse/Load time: 0.002000 seconds.
[2026-08-22 20:47:08 UTC-6.000] -------------PARSING 'ubersound/coop_flvo.scr' DONE (SERVER)---------------

[2026-08-22 20:47:08 UTC-6.000] 

-----------PARSING 'ubersound/coop_gunfoley.scr' (SERVER)------------
[2026-08-22 20:47:08 UTC-6.000] Any SetCurrentTiki errors means that tiki wasn't prefetched and tiki-specific sounds for it won't work. To fix prefetch the tiki. Ignore if you don't use that tiki on this level.
[2026-08-22 20:47:08 UTC-6.000] G_Command_ProcessFile: ubersound/coop_gunfoley.scr
[2026-08-22 20:47:08 UTC-6.000] Parse/Load time: 0.002000 seconds.
[2026-08-22 20:47:08 UTC-6.000] -------------PARSING 'ubersound/coop_gunfoley.scr' DONE (SERVER)---------------

[2026-08-22 20:47:08 UTC-6.000] 

-----------PARSING 'ubersound/coop_gurgle.scr' (SERVER)------------
[2026-08-22 20:47:08 UTC-6.000] Any SetCurrentTiki errors means that tiki wasn't prefetched and tiki-specific sounds for it won't work. To fix prefetch the tiki. Ignore if you don't use that tiki on this level.
[2026-08-22 20:47:08 UTC-6.000] G_Command_ProcessFile: ubersound/coop_gurgle.scr
[2026-08-22 20:47:08 UTC-6.000] Parse/Load time: 0.001000 seconds.
[2026-08-22 20:47:08 UTC-6.000] -------------PARSING 'ubersound/coop_gurgle.scr' DONE (SERVER)---------------

[2026-08-22 20:47:08 UTC-6.000] 

-----------PARSING 'ubersound/coop_headshot.scr' (SERVER)------------
[2026-08-22 20:47:08 UTC-6.000] Any SetCurrentTiki errors means that tiki wasn't prefetched and tiki-specific sounds for it won't work. To fix prefetch the tiki. Ignore if you don't use that tiki on this level.
[2026-08-22 20:47:08 UTC-6.000] G_Command_ProcessFile: ubersound/coop_headshot.scr
[2026-08-22 20:47:08 UTC-6.000] Parse/Load time: 0.001000 seconds.
[2026-08-22 20:47:08 UTC-6.000] -------------PARSING 'ubersound/coop_headshot.scr' DONE (SERVER)---------------

[2026-08-22 20:47:08 UTC-6.000] 

-----------PARSING 'ubersound/coop_morocco_ubersound.scr' (SERVER)------------
[2026-08-22 20:47:08 UTC-6.000] Any SetCurrentTiki errors means that tiki wasn't prefetched and tiki-specific sounds for it won't work. To fix prefetch the tiki. Ignore if you don't use that tiki on this level.
[2026-08-22 20:47:08 UTC-6.000] G_Command_ProcessFile: ubersound/coop_morocco_ubersound.scr
[2026-08-22 20:47:08 UTC-6.000] Parse/Load time: 0.000000 seconds.
[2026-08-22 20:47:08 UTC-6.000] -------------PARSING 'ubersound/coop_morocco_ubersound.scr' DONE (SERVER)---------------

[2026-08-22 20:47:08 UTC-6.000] 

-----------PARSING 'ubersound/coop_pain.scr' (SERVER)------------
[2026-08-22 20:47:08 UTC-6.000] Any SetCurrentTiki errors means that tiki wasn't prefetched and tiki-specific sounds for it won't work. To fix prefetch the tiki. Ignore if you don't use that tiki on this level.
[2026-08-22 20:47:08 UTC-6.000] G_Command_ProcessFile: ubersound/coop_pain.scr
[2026-08-22 20:47:08 UTC-6.000] Parse/Load time: 0.001000 seconds.
[2026-08-22 20:47:08 UTC-6.000] -------------PARSING 'ubersound/coop_pain.scr' DONE (SERVER)---------------

[2026-08-22 20:47:08 UTC-6.000] 

-----------PARSING 'ubersound/coop_paintiers.scr' (SERVER)------------
[2026-08-22 20:47:08 UTC-6.000] Any SetCurrentTiki errors means that tiki wasn't prefetched and tiki-specific sounds for it won't work. To fix prefetch the tiki. Ignore if you don't use that tiki on this level.
[2026-08-22 20:47:08 UTC-6.000] G_Command_ProcessFile: ubersound/coop_paintiers.scr
[2026-08-22 20:47:08 UTC-6.000] Parse/Load time: 0.001000 seconds.
[2026-08-22 20:47:08 UTC-6.000] -------------PARSING 'ubersound/coop_paintiers.scr' DONE (SERVER)---------------

[2026-08-22 20:47:08 UTC-6.000] 

-----------PARSING 'ubersound/coop_taunt.scr' (SERVER)------------
[2026-08-22 20:47:08 UTC-6.000] Any SetCurrentTiki errors means that tiki wasn't prefetched and tiki-specific sounds for it won't work. To fix prefetch the tiki. Ignore if you don't use that tiki on this level.
[2026-08-22 20:47:08 UTC-6.000] G_Command_ProcessFile: ubersound/coop_taunt.scr
[2026-08-22 20:47:08 UTC-6.000] Parse/Load time: 0.000000 seconds.
[2026-08-22 20:47:08 UTC-6.000] -------------PARSING 'ubersound/coop_taunt.scr' DONE (SERVER)---------------

[2026-08-22 20:47:08 UTC-6.000] 

-----------PARSING 'ubersound/coop_wounded.scr' (SERVER)------------
[2026-08-22 20:47:08 UTC-6.000] Any SetCurrentTiki errors means that tiki wasn't prefetched and tiki-specific sounds for it won't work. To fix prefetch the tiki. Ignore if you don't use that tiki on this level.
[2026-08-22 20:47:08 UTC-6.000] G_Command_ProcessFile: ubersound/coop_wounded.scr
[2026-08-22 20:47:08 UTC-6.000] Parse/Load time: 0.000000 seconds.
[2026-08-22 20:47:08 UTC-6.000] -------------PARSING 'ubersound/coop_wounded.scr' DONE (SERVER)---------------

[2026-08-22 20:47:08 UTC-6.000] 

-----------PARSING 'ubersound/uberdialog.scr' (SERVER)------------
[2026-08-22 20:47:08 UTC-6.000] Any SetCurrentTiki errors means that tiki wasn't prefetched and tiki-specific sounds for it won't work. To fix prefetch the tiki. Ignore if you don't use that tiki on this level.
[2026-08-22 20:47:08 UTC-6.000] G_Command_ProcessFile: ubersound/uberdialog.scr
[2026-08-22 20:47:08 UTC-6.000] Unknown parameter for den_m2l2_258b alias
[2026-08-22 20:47:08 UTC-6.000] Unknown parameter for den_m2l2_258b alias
[2026-08-22 20:47:08 UTC-6.000] Unknown parameter for den_m2l2_258b alias
[2026-08-22 20:47:08 UTC-6.000] Unknown parameter for den_m2l2_258b alias
[2026-08-22 20:47:08 UTC-6.000] Unknown parameter for den_m2l2_258b alias
[2026-08-22 20:47:08 UTC-6.000] Unknown parameter for den_m2l2_258b alias
[2026-08-22 20:47:08 UTC-6.000] Unknown parameter for den_m2l2_258b alias
[2026-08-22 20:47:08 UTC-6.000] Unknown parameter for den_m2l2_258b alias
[2026-08-22 20:47:08 UTC-6.000] Unknown parameter for den_m2l2_258b alias
[2026-08-22 20:47:08 UTC-6.000] Unknown parameter for den_m2l2_258b alias
[2026-08-22 20:47:08 UTC-6.000] Unknown parameter for den_m2l2_258b alias
[2026-08-22 20:47:08 UTC-6.000] Unknown parameter for den_m2l2_258b alias
[2026-08-22 20:47:08 UTC-6.000] Unknown parameter for den_m2l2_258b alias
[2026-08-22 20:47:08 UTC-6.000] Unknown parameter for den_m2l2_258b alias
[2026-08-22 20:47:08 UTC-6.000] Unknown parameter for den_m2l2_258b alias
[2026-08-22 20:47:08 UTC-6.000] Unknown parameter for den_m2l2_258b alias
[2026-08-22 20:47:08 UTC-6.000] Unknown parameter for den_m2l2_258b alias
[2026-08-22 20:47:08 UTC-6.000] Unknown parameter for den_m2l2_258b alias
[2026-08-22 20:47:08 UTC-6.000] Unknown parameter for den_m2l2_258b alias
[2026-08-22 20:47:08 UTC-6.000] Unknown parameter for den_m2l2_258b alias
[2026-08-22 20:47:08 UTC-6.000] Unknown parameter for den_m2l2_258b alias
[2026-08-22 20:47:08 UTC-6.000] Unknown parameter for den_m2l2_258b alias
[2026-08-22 20:47:08 UTC-6.000] Unknown parameter for den_m2l2_258b alias
[2026-08-22 20:47:08 UTC-6.000] Unknown parameter for den_m2l2_258b alias
[2026-08-22 20:47:08 UTC-6.000] Unknown parameter for den_m2l2_258b alias
[2026-08-22 20:47:08 UTC-6.000] Unknown parameter for den_m2l2_258b alias
[2026-08-22 20:47:08 UTC-6.000] Unknown parameter for den_m2l2_258b alias
[2026-08-22 20:47:08 UTC-6.000] Unknown parameter for den_m2l2_258b alias
[2026-08-22 20:47:08 UTC-6.000] Unknown parameter for den_m2l2_258b alias
[2026-08-22 20:47:08 UTC-6.000] Unknown parameter for den_m2l2_258b alias
[2026-08-22 20:47:08 UTC-6.000] Unknown parameter for den_m2l2_258b alias
[2026-08-22 20:47:08 UTC-6.000] Unknown parameter for den_m2l2_258b alias
[2026-08-22 20:47:08 UTC-6.000] Unknown parameter for den_m2l2_258b alias
[2026-08-22 20:47:08 UTC-6.000] Unknown parameter for den_m2l2_258b alias
[2026-08-22 20:47:08 UTC-6.000] Unknown parameter for den_m2l2_258b alias
[2026-08-22 20:47:08 UTC-6.000] Unknown parameter for den_m2l2_258b alias
[2026-08-22 20:47:08 UTC-6.000] Unknown parameter for den_m2l2_258b alias
[2026-08-22 20:47:08 UTC-6.000] Unknown parameter for den_m2l2_258b alias
[2026-08-22 20:47:08 UTC-6.000] Unknown parameter for den_m2l2_258b alias
[2026-08-22 20:47:08 UTC-6.000] Unknown parameter for den_m2l2_258b alias
[2026-08-22 20:47:08 UTC-6.000] DUPLICATE ALIASES: player_death01 and player_death01
[2026-08-22 20:47:08 UTC-6.000] DUPLICATE ALIASES: player_death02 and player_death02
[2026-08-22 20:47:08 UTC-6.000] DUPLICATE ALIASES: player_death03 and player_death03
[2026-08-22 20:47:08 UTC-6.000] DUPLICATE ALIASES: player_death04 and player_death04
[2026-08-22 20:47:08 UTC-6.000] DUPLICATE ALIASES: player_death05 and player_death05
[2026-08-22 20:47:08 UTC-6.000] DUPLICATE ALIASES: player_death06 and player_death06
[2026-08-22 20:47:08 UTC-6.000] DUPLICATE ALIASES: player_death07 and player_death07
[2026-08-22 20:47:08 UTC-6.000] DUPLICATE ALIASES: player_death08 and player_death08
[2026-08-22 20:47:08 UTC-6.000] DUPLICATE ALIASES: player_pain01 and player_pain01
[2026-08-22 20:47:08 UTC-6.000] DUPLICATE ALIASES: player_pain02 and player_pain02
[2026-08-22 20:47:08 UTC-6.000] DUPLICATE ALIASES: player_pain03 and player_pain03
[2026-08-22 20:47:08 UTC-6.000] DUPLICATE ALIASES: player_pain04 and player_pain04
[2026-08-22 20:47:08 UTC-6.000] DUPLICATE ALIASES: player_pain05 and player_pain05
[2026-08-22 20:47:08 UTC-6.000] DUPLICATE ALIASES: player_pain06 and player_pain06
[2026-08-22 20:47:08 UTC-6.000] DUPLICATE ALIASES: player_pain07 and player_pain07
[2026-08-22 20:47:08 UTC-6.000] DUPLICATE ALIASES: player_pain08 and player_pain08
[2026-08-22 20:47:08 UTC-6.000] DUPLICATE ALIASES: player_pain09 and player_pain09
[2026-08-22 20:47:08 UTC-6.000] DUPLICATE ALIASES: player_pain10 and player_pain10
[2026-08-22 20:47:08 UTC-6.000] DUPLICATE ALIASES: player_pain11 and player_pain11
[2026-08-22 20:47:08 UTC-6.000] Parse/Load time: 0.101000 seconds.
[2026-08-22 20:47:08 UTC-6.000] -------------PARSING 'ubersound/uberdialog.scr' DONE (SERVER)---------------

[2026-08-22 20:47:08 UTC-6.000] 

-----------PARSING 'ubersound/ubersound.scr' (SERVER)------------
[2026-08-22 20:47:08 UTC-6.000] Any SetCurrentTiki errors means that tiki wasn't prefetched and tiki-specific sounds for it won't work. To fix prefetch the tiki. Ignore if you don't use that tiki on this level.
[2026-08-22 20:47:08 UTC-6.000] G_Command_ProcessFile: ubersound/ubersound.scr
[2026-08-22 20:47:08 UTC-6.000] DUPLICATE ALIASES: dog_bark and dog_bark
[2026-08-22 20:47:08 UTC-6.000] DUPLICATE ALIASES: dog_bark and dog_bark
[2026-08-22 20:47:08 UTC-6.000] DUPLICATE ALIASES: dog_pain and dog_pain
[2026-08-22 20:47:08 UTC-6.000] DUPLICATE ALIASES: dog_pain and dog_pain
[2026-08-22 20:47:08 UTC-6.000] DUPLICATE ALIASES: dog_pain and dog_pain
[2026-08-22 20:47:08 UTC-6.000] DUPLICATE ALIASES: dog_pain and dog_pain
[2026-08-22 20:47:08 UTC-6.000] DUPLICATE ALIASES: dog_death and dog_death
[2026-08-22 20:47:08 UTC-6.000] DUPLICATE ALIASES: dog_death and dog_death
[2026-08-22 20:47:08 UTC-6.000] DUPLICATE ALIASES: dog_death and dog_death
[2026-08-22 20:47:08 UTC-6.000] DUPLICATE ALIASES: dog_death and dog_death
[2026-08-22 20:47:08 UTC-6.000] DUPLICATE ALIASES: dog_bite and dog_bite
[2026-08-22 20:47:08 UTC-6.000] DUPLICATE ALIASES: dog_bite and dog_bite
[2026-08-22 20:47:08 UTC-6.000] DUPLICATE ALIASES: dog_bite and dog_bite
[2026-08-22 20:47:08 UTC-6.000] DUPLICATE ALIASES: dog_collar and dog_collar
[2026-08-22 20:47:08 UTC-6.000] DUPLICATE ALIASES: dog_collar and dog_collar
[2026-08-22 20:47:08 UTC-6.000] DUPLICATE ALIASES: dog_fs and dog_fs
[2026-08-22 20:47:08 UTC-6.000] DUPLICATE ALIASES: dog_fs and dog_fs
[2026-08-22 20:47:08 UTC-6.000] DUPLICATE ALIASES: dog_fs and dog_fs
[2026-08-22 20:47:08 UTC-6.000] DUPLICATE ALIASES: dog_fs and dog_fs
[2026-08-22 20:47:08 UTC-6.000] DUPLICATE ALIASES: dog_fs and dog_fs
[2026-08-22 20:47:08 UTC-6.000] DUPLICATE ALIASES: dog_fs and dog_fs
[2026-08-22 20:47:08 UTC-6.000] DUPLICATE ALIASES: dog_fs and dog_fs
[2026-08-22 20:47:08 UTC-6.000] DUPLICATE ALIASES: dog_growl and dog_growl
[2026-08-22 20:47:08 UTC-6.000] DUPLICATE ALIASES: dog_growl and dog_growl
[2026-08-22 20:47:08 UTC-6.000] DUPLICATE ALIASES: dog_growl and dog_growl
[2026-08-22 20:47:08 UTC-6.000] DUPLICATE ALIASES: dog_growl and dog_growl
[2026-08-22 20:47:08 UTC-6.000] DUPLICATE ALIASES: dog_pant and dog_pant
[2026-08-22 20:47:08 UTC-6.000] DUPLICATE ALIASES: dog_pant and dog_pant
[2026-08-22 20:47:08 UTC-6.000] DUPLICATE ALIASES: dog_pant and dog_pant
[2026-08-22 20:47:08 UTC-6.000] DUPLICATE ALIASES: dog_pant and dog_pant
[2026-08-22 20:47:08 UTC-6.000] DUPLICATE ALIASES: dog_pant and dog_pant
[2026-08-22 20:47:08 UTC-6.000] DUPLICATE ALIASES: dog_pant and dog_pant
[2026-08-22 20:47:08 UTC-6.000] DUPLICATE ALIASES: snd_pickup and snd_pickup
[2026-08-22 20:47:08 UTC-6.000] DUPLICATE ALIASES: snd_bh_wood1 and snd_bh_wood1
[2026-08-22 20:47:08 UTC-6.000] DUPLICATE ALIASES: snd_bh_wood2 and snd_bh_wood2
[2026-08-22 20:47:08 UTC-6.000] DUPLICATE ALIASES: snd_bh_wood3 and snd_bh_wood3
[2026-08-22 20:47:08 UTC-6.000] DUPLICATE ALIASES: snd_bh_flesh1 and snd_bh_flesh1
[2026-08-22 20:47:08 UTC-6.000] DUPLICATE ALIASES: coop_radio_on and coop_radio_on
[2026-08-22 20:47:08 UTC-6.000] DUPLICATE ALIASES: coop_radio_off and coop_radio_off
[2026-08-22 20:47:08 UTC-6.000] DUPLICATE ALIASES: snd_pickup and snd_pickup
[2026-08-22 20:47:08 UTC-6.000] DUPLICATE ALIASES: coop_para_land and coop_para_land
[2026-08-22 20:47:08 UTC-6.000] DUPLICATE ALIASES: coop_para_land and coop_para_land
[2026-08-22 20:47:08 UTC-6.000] DUPLICATE ALIASES: coop_para_land and coop_para_land
[2026-08-22 20:47:08 UTC-6.000] DUPLICATE ALIASES: coop_para_land and coop_para_land
[2026-08-22 20:47:08 UTC-6.000] DUPLICATE ALIASES: coop_para_land and coop_para_land
[2026-08-22 20:47:08 UTC-6.000] DUPLICATE ALIASES: coop_para_combat and coop_para_combat
[2026-08-22 20:47:08 UTC-6.000] DUPLICATE ALIASES: coop_para_combat and coop_para_combat
[2026-08-22 20:47:08 UTC-6.000] DUPLICATE ALIASES: coop_para_combat and coop_para_combat
[2026-08-22 20:47:08 UTC-6.000] DUPLICATE ALIASES: coop_para_combat and coop_para_combat
[2026-08-22 20:47:08 UTC-6.000] DUPLICATE ALIASES: coop_para_combat and coop_para_combat
[2026-08-22 20:47:08 UTC-6.000] DUPLICATE ALIASES: coop_para_combat and coop_para_combat
[2026-08-22 20:47:08 UTC-6.000] DUPLICATE ALIASES: coop_para_combat and coop_para_combat
[2026-08-22 20:47:08 UTC-6.000] DUPLICATE ALIASES: coop_para_combat and coop_para_combat
[2026-08-22 20:47:08 UTC-6.000] DUPLICATE ALIASES: coop_para_help and coop_para_help
[2026-08-22 20:47:08 UTC-6.000] DUPLICATE ALIASES: coop_para_heal and coop_para_heal
[2026-08-22 20:47:08 UTC-6.000] DUPLICATE ALIASES: drink and drink
[2026-08-22 20:47:08 UTC-6.000] DUPLICATE ALIASES: snd_bodyfall_dirt1 and snd_bodyfall_dirt1
[2026-08-22 20:47:08 UTC-6.000] DUPLICATE ALIASES: snd_bodyfall_dirt2 and snd_bodyfall_dirt2
[2026-08-22 20:47:08 UTC-6.000] DUPLICATE ALIASES: snd_bodyfall_dirt4 and snd_bodyfall_dirt4
[2026-08-22 20:47:08 UTC-6.000] DUPLICATE ALIASES: snd_bodyfall_dirt5 and snd_bodyfall_dirt5
[2026-08-22 20:47:08 UTC-6.000] DUPLICATE ALIASES: snd_bh_grill10 and snd_bh_grill10
[2026-08-22 20:47:08 UTC-6.000] DUPLICATE ALIASES: snd_bh_grill11 and snd_bh_grill11
[2026-08-22 20:47:08 UTC-6.000] DUPLICATE ALIASES: snd_bh_puddle1 and snd_bh_puddle1
[2026-08-22 20:47:08 UTC-6.000] DUPLICATE ALIASES: snd_bh_puddle2 and snd_bh_puddle2
[2026-08-22 20:47:08 UTC-6.000] DUPLICATE ALIASES: snd_bh_puddle3 and snd_bh_puddle3
[2026-08-22 20:47:08 UTC-6.000] DUPLICATE ALIASES: snd_bh_puddle4 and snd_bh_puddle4
[2026-08-22 20:47:08 UTC-6.000] DUPLICATE ALIASES: snd_bh_puddle5 and snd_bh_puddle5
[2026-08-22 20:47:08 UTC-6.000] DUPLICATE ALIASES: snd_bh_puddle6 and snd_bh_puddle6
[2026-08-22 20:47:08 UTC-6.000] DUPLICATE ALIASES: snd_bh_puddle7 and snd_bh_puddle7
[2026-08-22 20:47:08 UTC-6.000] DUPLICATE ALIASES: snd_bh_puddle8 and snd_bh_puddle8
[2026-08-22 20:47:08 UTC-6.000] DUPLICATE ALIASES: snd_bh_puddle9 and snd_bh_puddle9
[2026-08-22 20:47:08 UTC-6.000] DUPLICATE ALIASES: snd_bh_paper and snd_bh_paper
[2026-08-22 20:47:08 UTC-6.000] DUPLICATE ALIASES: jeep_snd_idle and jeep_snd_idle
[2026-08-22 20:47:08 UTC-6.000] DUPLICATE ALIASES: jeep_snd_on and jeep_snd_on
[2026-08-22 20:47:08 UTC-6.000] DUPLICATE ALIASES: jeep_snd_start and jeep_snd_start
[2026-08-22 20:47:08 UTC-6.000] DUPLICATE ALIASES: jeep_snd_doorclose and jeep_snd_doorclose
[2026-08-22 20:47:08 UTC-6.000] DUPLICATE ALIASES: explode_gastank1 and explode_gastank1
[2026-08-22 20:47:08 UTC-6.000] DUPLICATE ALIASES: explode_gastank2 and explode_gastank2
[2026-08-22 20:47:08 UTC-6.000] DUPLICATE ALIASES: big_explosion1 and big_explosion1
[2026-08-22 20:47:08 UTC-6.000] DUPLICATE ALIASES: big_explosion2 and big_explosion2
[2026-08-22 20:47:08 UTC-6.000] DUPLICATE ALIASES: big_explosion3 and big_explosion3
[2026-08-22 20:47:08 UTC-6.000] DUPLICATE ALIASES: gas_explode1 and gas_explode1
[2026-08-22 20:47:08 UTC-6.000] DUPLICATE ALIASES: gas_explode2 and gas_explode2
[2026-08-22 20:47:08 UTC-6.000] DUPLICATE ALIASES: snd_crate_wood1 and snd_crate_wood1
[2026-08-22 20:47:08 UTC-6.000] DUPLICATE ALIASES: snd_crate_wood2 and snd_crate_wood2
[2026-08-22 20:47:08 UTC-6.000] DUPLICATE ALIASES: snd_crate_wood3 and snd_crate_wood3
[2026-08-22 20:47:08 UTC-6.000] DUPLICATE ALIASES: snd_crate_woodsm1 and snd_crate_woodsm1
[2026-08-22 20:47:08 UTC-6.000] DUPLICATE ALIASES: snd_crate_woodsm2 and snd_crate_woodsm2
[2026-08-22 20:47:08 UTC-6.000] DUPLICATE ALIASES: snd_crate_woodsm3 and snd_crate_woodsm3
[2026-08-22 20:47:08 UTC-6.000] DUPLICATE ALIASES: colt45_snd_fire and colt45_snd_fire
[2026-08-22 20:47:08 UTC-6.000] DUPLICATE ALIASES: colt45_snd_pickup and colt45_snd_pickup
[2026-08-22 20:47:08 UTC-6.000] DUPLICATE ALIASES: colt45_snd_pickup_ammo and colt45_snd_pickup_ammo
[2026-08-22 20:47:08 UTC-6.000] DUPLICATE ALIASES: colt45_snd_noammo and colt45_snd_noammo
[2026-08-22 20:47:08 UTC-6.000] DUPLICATE ALIASES: colt45_snd_reload and colt45_snd_reload
[2026-08-22 20:47:08 UTC-6.000] DUPLICATE ALIASES: colt_reload_npc and colt_reload_npc
[2026-08-22 20:47:08 UTC-6.000] DUPLICATE ALIASES: snd_pickup and snd_pickup
[2026-08-22 20:47:08 UTC-6.000] DUPLICATE ALIASES: p38_snd_fire1 and p38_snd_fire1
[2026-08-22 20:47:08 UTC-6.000] DUPLICATE ALIASES: p38_snd_pickup and p38_snd_pickup
[2026-08-22 20:47:08 UTC-6.000] DUPLICATE ALIASES: p38_snd_pickup_ammo and p38_snd_pickup_ammo
[2026-08-22 20:47:08 UTC-6.000] DUPLICATE ALIASES: p38_snd_noammo and p38_snd_noammo
[2026-08-22 20:47:08 UTC-6.000] DUPLICATE ALIASES: p38_snd_reload and p38_snd_reload
[2026-08-22 20:47:08 UTC-6.000] DUPLICATE ALIASES: p38_reload_npc and p38_reload_npc
[2026-08-22 20:47:08 UTC-6.000] DUPLICATE ALIASES: silencer_snd_pickup and silencer_snd_pickup
[2026-08-22 20:47:08 UTC-6.000] DUPLICATE ALIASES: silencer_snd_pickup_ammo and silencer_snd_pickup_ammo
[2026-08-22 20:47:08 UTC-6.000] DUPLICATE ALIASES: pistol_whip1 and pistol_whip1
[2026-08-22 20:47:08 UTC-6.000] DUPLICATE ALIASES: pistol_hit1 and pistol_hit1
[2026-08-22 20:47:08 UTC-6.000] DUPLICATE ALIASES: snd_pistol_pullout and snd_pistol_pullout
[2026-08-22 20:47:08 UTC-6.000] DUPLICATE ALIASES: snd_pistol_putaway1 and snd_pistol_putaway1
[2026-08-22 20:47:08 UTC-6.000] DUPLICATE ALIASES: pistol_drop1 and pistol_drop1
[2026-08-22 20:47:08 UTC-6.000] DUPLICATE ALIASES: snd_pistol_shell1 and snd_pistol_shell1
[2026-08-22 20:47:08 UTC-6.000] DUPLICATE ALIASES: snd_pistol_shell3 and snd_pistol_shell3
[2026-08-22 20:47:08 UTC-6.000] DUPLICATE ALIASES: m1_snd_fire1 and m1_snd_fire1
[2026-08-22 20:47:08 UTC-6.000] DUPLICATE ALIASES: m1_snd_fire2 and m1_snd_fire2
[2026-08-22 20:47:08 UTC-6.000] DUPLICATE ALIASES: m1_snd_pickup and m1_snd_pickup
[2026-08-22 20:47:08 UTC-6.000] DUPLICATE ALIASES: m1_snd_pickup_ammo and m1_snd_pickup_ammo
[2026-08-22 20:47:08 UTC-6.000] DUPLICATE ALIASES: m1_snd_noammo and m1_snd_noammo
[2026-08-22 20:47:08 UTC-6.000] DUPLICATE ALIASES: m1_snd_reload and m1_snd_reload
[2026-08-22 20:47:08 UTC-6.000] DUPLICATE ALIASES: snd_ping and snd_ping
[2026-08-22 20:47:08 UTC-6.000] DUPLICATE ALIASES: m1_reload_npc and m1_reload_npc
[2026-08-22 20:47:08 UTC-6.000] DUPLICATE ALIASES: kar98_snd_fire1 and kar98_snd_fire1
[2026-08-22 20:47:08 UTC-6.000] DUPLICATE ALIASES: kar98_snd_pickup and kar98_snd_pickup
[2026-08-22 20:47:08 UTC-6.000] DUPLICATE ALIASES: kar98_snd_pickup_ammo and kar98_snd_pickup_ammo
[2026-08-22 20:47:08 UTC-6.000] DUPLICATE ALIASES: kar98_snd_noammo and kar98_snd_noammo
[2026-08-22 20:47:08 UTC-6.000] DUPLICATE ALIASES: kar98_snd_reload and kar98_snd_reload
[2026-08-22 20:47:08 UTC-6.000] DUPLICATE ALIASES: kar98_snd_bolt and kar98_snd_bolt
[2026-08-22 20:47:08 UTC-6.000] DUPLICATE ALIASES: kar98_reload_npc and kar98_reload_npc
[2026-08-22 20:47:08 UTC-6.000] DUPLICATE ALIASES: kar98_bolt_npc and kar98_bolt_npc
[2026-08-22 20:47:08 UTC-6.000] DUPLICATE ALIASES: kar98sniper_snd_fire1 and kar98sniper_snd_fire1
[2026-08-22 20:47:08 UTC-6.000] DUPLICATE ALIASES: kar98sniper_snd_pickup and kar98sniper_snd_pickup
[2026-08-22 20:47:08 UTC-6.000] DUPLICATE ALIASES: kar98sniper_snd_pickup_ammo and kar98sniper_snd_pickup_ammo
[2026-08-22 20:47:08 UTC-6.000] DUPLICATE ALIASES: kar98sniper_snd_noammo and kar98sniper_snd_noammo
[2026-08-22 20:47:08 UTC-6.000] DUPLICATE ALIASES: kar98sniper_snd_reload_start and kar98sniper_snd_reload_start
[2026-08-22 20:47:08 UTC-6.000] DUPLICATE ALIASES: kar98sniper_snd_reload_single2 and kar98sniper_snd_reload_single2
[2026-08-22 20:47:08 UTC-6.000] DUPLICATE ALIASES: kar98sniper_snd_reload_end and kar98sniper_snd_reload_end
[2026-08-22 20:47:08 UTC-6.000] DUPLICATE ALIASES: kar98sniper_snd_bolt and kar98sniper_snd_bolt
[2026-08-22 20:47:08 UTC-6.000] DUPLICATE ALIASES: kar98sniper_reload_npc and kar98sniper_reload_npc
[2026-08-22 20:47:08 UTC-6.000] DUPLICATE ALIASES: kar98sniper_bolt_npc and kar98sniper_bolt_npc
[2026-08-22 20:47:08 UTC-6.000] DUPLICATE ALIASES: springfield_snd_pickup and springfield_snd_pickup
[2026-08-22 20:47:08 UTC-6.000] DUPLICATE ALIASES: springfield_snd_pickup_ammo and springfield_snd_pickup_ammo
[2026-08-22 20:47:08 UTC-6.000] DUPLICATE ALIASES: rifle_whip1 and rifle_whip1
[2026-08-22 20:47:08 UTC-6.000] DUPLICATE ALIASES: rifle_hit1 and rifle_hit1
[2026-08-22 20:47:08 UTC-6.000] DUPLICATE ALIASES: snd_rifle_pullout1 and snd_rifle_pullout1
[2026-08-22 20:47:08 UTC-6.000] DUPLICATE ALIASES: snd_rifle_putaway1 and snd_rifle_putaway1
[2026-08-22 20:47:08 UTC-6.000] DUPLICATE ALIASES: rifle_drop1 and rifle_drop1
[2026-08-22 20:47:08 UTC-6.000] DUPLICATE ALIASES: thompson_snd_fire and thompson_snd_fire
[2026-08-22 20:47:08 UTC-6.000] DUPLICATE ALIASES: thompson_snd_pickup and thompson_snd_pickup
[2026-08-22 20:47:08 UTC-6.000] DUPLICATE ALIASES: thompson_snd_pickup_ammo and thompson_snd_pickup_ammo
[2026-08-22 20:47:08 UTC-6.000] DUPLICATE ALIASES: thompson_snd_noammo and thompson_snd_noammo
[2026-08-22 20:47:08 UTC-6.000] DUPLICATE ALIASES: thompson_snd_reload and thompson_snd_reload
[2026-08-22 20:47:08 UTC-6.000] DUPLICATE ALIASES: thompson_reload_npc and thompson_reload_npc
[2026-08-22 20:47:08 UTC-6.000] DUPLICATE ALIASES: mp40_snd_fire1 and mp40_snd_fire1
[2026-08-22 20:47:08 UTC-6.000] DUPLICATE ALIASES: mp40_snd_fire2 and mp40_snd_fire2
[2026-08-22 20:47:08 UTC-6.000] DUPLICATE ALIASES: mp40_snd_pickup and mp40_snd_pickup
[2026-08-22 20:47:08 UTC-6.000] DUPLICATE ALIASES: mp40_snd_pickup_ammo and mp40_snd_pickup_ammo
[2026-08-22 20:47:08 UTC-6.000] DUPLICATE ALIASES: mp40_snd_noammo and mp40_snd_noammo
[2026-08-22 20:47:08 UTC-6.000] DUPLICATE ALIASES: mp40_snd_reload and mp40_snd_reload
[2026-08-22 20:47:08 UTC-6.000] DUPLICATE ALIASES: smg_drop1 and smg_drop1
[2026-08-22 20:47:08 UTC-6.000] DUPLICATE ALIASES: mp44_snd_fire1 and mp44_snd_fire1
[2026-08-22 20:47:08 UTC-6.000] DUPLICATE ALIASES: mp44_snd_pickup and mp44_snd_pickup
[2026-08-22 20:47:08 UTC-6.000] DUPLICATE ALIASES: mp44_snd_pickup_ammo and mp44_snd_pickup_ammo
[2026-08-22 20:47:08 UTC-6.000] DUPLICATE ALIASES: mp44_snd_putaway1 and mp44_snd_putaway1
[2026-08-22 20:47:08 UTC-6.000] DUPLICATE ALIASES: mp44_snd_putaway2 and mp44_snd_putaway2
[2026-08-22 20:47:08 UTC-6.000] DUPLICATE ALIASES: mg_drop1 and mg_drop1
[2026-08-22 20:47:08 UTC-6.000] DUPLICATE ALIASES: m2frag_snd_grenade_pull and m2frag_snd_grenade_pull
[2026-08-22 20:47:08 UTC-6.000] DUPLICATE ALIASES: m2frag_snd_grenade_throw and m2frag_snd_grenade_throw
[2026-08-22 20:47:08 UTC-6.000] DUPLICATE ALIASES: m2frag_snd_pickup and m2frag_snd_pickup
[2026-08-22 20:47:08 UTC-6.000] DUPLICATE ALIASES: m2frag_snd_pickup_ammo and m2frag_snd_pickup_ammo
[2026-08-22 20:47:08 UTC-6.000] DUPLICATE ALIASES: m2frag_snd_reload and m2frag_snd_reload
[2026-08-22 20:47:08 UTC-6.000] DUPLICATE ALIASES: m2frag_snd_noammo and m2frag_snd_noammo
[2026-08-22 20:47:08 UTC-6.000] DUPLICATE ALIASES: steilhandgranate_snd_grenade_throw and steilhandgranate_snd_grenade_throw
[2026-08-22 20:47:08 UTC-6.000] DUPLICATE ALIASES: steilhandgranate_snd_pickup_ammo and steilhandgranate_snd_pickup_ammo
[2026-08-22 20:47:08 UTC-6.000] DUPLICATE ALIASES: steilhandgranate_snd_reload and steilhandgranate_snd_reload
[2026-08-22 20:47:08 UTC-6.000] DUPLICATE ALIASES: grenade_pull_npc and grenade_pull_npc
[2026-08-22 20:47:08 UTC-6.000] DUPLICATE ALIASES: grenade_throw_npc and grenade_throw_npc
[2026-08-22 20:47:08 UTC-6.000] DUPLICATE ALIASES: grenade_bounce_metal1 and grenade_bounce_metal1
[2026-08-22 20:47:08 UTC-6.000] DUPLICATE ALIASES: grenade_bounce_hard1 and grenade_bounce_hard1
[2026-08-22 20:47:08 UTC-6.000] DUPLICATE ALIASES: grenade_bounce_soft1 and grenade_bounce_soft1
[2026-08-22 20:47:08 UTC-6.000] DUPLICATE ALIASES: grenade_bounce_water1 and grenade_bounce_water1
[2026-08-22 20:47:08 UTC-6.000] DUPLICATE ALIASES: snd_grenade_putaway1 and snd_grenade_putaway1
[2026-08-22 20:47:08 UTC-6.000] DUPLICATE ALIASES: snd_grenade_pullout and snd_grenade_pullout
[2026-08-22 20:47:08 UTC-6.000] DUPLICATE ALIASES: grenade_drop1 and grenade_drop1
[2026-08-22 20:47:08 UTC-6.000] DUPLICATE ALIASES: snd_bazooka_pullout and snd_bazooka_pullout
[2026-08-22 20:47:08 UTC-6.000] DUPLICATE ALIASES: snd_bazooka_putaway1 and snd_bazooka_putaway1
[2026-08-22 20:47:08 UTC-6.000] DUPLICATE ALIASES: snd_bazooka_putaway2 and snd_bazooka_putaway2
[2026-08-22 20:47:08 UTC-6.000] DUPLICATE ALIASES: panzerschreck_snd_fire and panzerschreck_snd_fire
[2026-08-22 20:47:08 UTC-6.000] DUPLICATE ALIASES: panzerschreck_snd_pickup and panzerschreck_snd_pickup
[2026-08-22 20:47:08 UTC-6.000] DUPLICATE ALIASES: panzerschreck_snd_pickup_ammo and panzerschreck_snd_pickup_ammo
[2026-08-22 20:47:08 UTC-6.000] DUPLICATE ALIASES: panzerschreck_snd_noammo and panzerschreck_snd_noammo
[2026-08-22 20:47:08 UTC-6.000] DUPLICATE ALIASES: panzerschreck_snd_reload and panzerschreck_snd_reload
[2026-08-22 20:47:08 UTC-6.000] DUPLICATE ALIASES: panzerschreck_reload_npc and panzerschreck_reload_npc
[2026-08-22 20:47:08 UTC-6.000] DUPLICATE ALIASES: snd_shotgun_shell1 and snd_shotgun_shell1
[2026-08-22 20:47:08 UTC-6.000] DUPLICATE ALIASES: snd_mg_pullout1 and snd_mg_pullout1
[2026-08-22 20:47:08 UTC-6.000] DUPLICATE ALIASES: snd_mg_putaway2 and snd_mg_putaway2
[2026-08-22 20:47:08 UTC-6.000] DUPLICATE ALIASES: tank_snd_move and tank_snd_move
[2026-08-22 20:47:08 UTC-6.000] DUPLICATE ALIASES: player_death and player_death
[2026-08-22 20:47:08 UTC-6.000] DUPLICATE ALIASES: player_pain and player_pain
[2026-08-22 20:47:08 UTC-6.000] DUPLICATE ALIASES: radiobomb and radiobomb
[2026-08-22 20:47:08 UTC-6.000] DUPLICATE ALIASES: explo_close and explo_close
[2026-08-22 20:47:08 UTC-6.000] DUPLICATE ALIASES: explo_close and explo_close
[2026-08-22 20:47:08 UTC-6.000] DUPLICATE ALIASES: explo_medium and explo_medium
[2026-08-22 20:47:08 UTC-6.000] DUPLICATE ALIASES: explo_medium and explo_medium
[2026-08-22 20:47:08 UTC-6.000] DUPLICATE ALIASES: coop_radio_blast and coop_radio_blast
[2026-08-22 20:47:08 UTC-6.000] DUPLICATE ALIASES: explo_large and explo_large
[2026-08-22 20:47:08 UTC-6.000] DUPLICATE ALIASES: explo_large and explo_large
[2026-08-22 20:47:08 UTC-6.000] DUPLICATE ALIASES: coop_radio_airstrike and coop_radio_airstrike
[2026-08-22 20:47:08 UTC-6.000] DUPLICATE ALIASES: coop_radio_airstrike and coop_radio_airstrike
[2026-08-22 20:47:08 UTC-6.000] DUPLICATE ALIASES: coop_radio_airstrike and coop_radio_airstrike
[2026-08-22 20:47:08 UTC-6.000] DUPLICATE ALIASES: coop_radio_paradrop and coop_radio_paradrop
[2026-08-22 20:47:08 UTC-6.000] DUPLICATE ALIASES: coop_radio_paradrop and coop_radio_paradrop
[2026-08-22 20:47:08 UTC-6.000] DUPLICATE ALIASES: coop_radio_paradrop and coop_radio_paradrop
[2026-08-22 20:47:08 UTC-6.000] DUPLICATE ALIASES: coop_radio_airstrike and coop_radio_airstrike
[2026-08-22 20:47:08 UTC-6.000] DUPLICATE ALIASES: coop_radio_airstrike and coop_radio_airstrike
[2026-08-22 20:47:08 UTC-6.000] DUPLICATE ALIASES: coop_radio_airstrike and coop_radio_airstrike
[2026-08-22 20:47:08 UTC-6.000] DUPLICATE ALIASES: coop_radio_airstrike and coop_radio_airstrike
[2026-08-22 20:47:08 UTC-6.000] DUPLICATE ALIASES: coop_radio_airstrike and coop_radio_airstrike
[2026-08-22 20:47:08 UTC-6.000] DUPLICATE ALIASES: coop_radio_airstrike and coop_radio_airstrike
[2026-08-22 20:47:08 UTC-6.000] DUPLICATE ALIASES: coop_radio_airstrike and coop_radio_airstrike
[2026-08-22 20:47:08 UTC-6.000] DUPLICATE ALIASES: coop_radio_airstrike and coop_radio_airstrike
[2026-08-22 20:47:08 UTC-6.000] DUPLICATE ALIASES: coop_radio_airstrike and coop_radio_airstrike
[2026-08-22 20:47:08 UTC-6.000] DUPLICATE ALIASES: coop_radio_airstrike and coop_radio_airstrike
[2026-08-22 20:47:08 UTC-6.000] DUPLICATE ALIASES: coop_radio_airstrike and coop_radio_airstrike
[2026-08-22 20:47:08 UTC-6.000] DUPLICATE ALIASES: coop_radio_paradrop and coop_radio_paradrop
[2026-08-22 20:47:08 UTC-6.000] DUPLICATE ALIASES: coop_radio_paradrop and coop_radio_paradrop
[2026-08-22 20:47:08 UTC-6.000] DUPLICATE ALIASES: coop_radio_paradrop and coop_radio_paradrop
[2026-08-22 20:47:08 UTC-6.000] DUPLICATE ALIASES: coop_radio_paradrop and coop_radio_paradrop
[2026-08-22 20:47:08 UTC-6.000] DUPLICATE ALIASES: coop_radio_paradrop and coop_radio_paradrop
[2026-08-22 20:47:08 UTC-6.000] DUPLICATE ALIASES: coop_radio_paradrop and coop_radio_paradrop
[2026-08-22 20:47:08 UTC-6.000] DUPLICATE ALIASES: coop_radio_paradrop and coop_radio_paradrop
[2026-08-22 20:47:08 UTC-6.000] DUPLICATE ALIASES: coop_radio_paradrop and coop_radio_paradrop
[2026-08-22 20:47:08 UTC-6.000] DUPLICATE ALIASES: coop_radio_paradrop and coop_radio_paradrop
[2026-08-22 20:47:08 UTC-6.000] DUPLICATE ALIASES: coop_radio_paradrop and coop_radio_paradrop
[2026-08-22 20:47:08 UTC-6.000] DUPLICATE ALIASES: coop_radio_paradrop and coop_radio_paradrop
[2026-08-22 20:47:08 UTC-6.000] DUPLICATE ALIASES: coop_radio_standby and coop_radio_standby
[2026-08-22 20:47:08 UTC-6.000] DUPLICATE ALIASES: coop_radio_standby and coop_radio_standby
[2026-08-22 20:47:08 UTC-6.000] DUPLICATE ALIASES: coop_radio_airstrike_resp and coop_radio_airstrike_resp
[2026-08-22 20:47:08 UTC-6.000] DUPLICATE ALIASES: coop_radio_airstrike_resp and coop_radio_airstrike_resp
[2026-08-22 20:47:08 UTC-6.000] DUPLICATE ALIASES: coop_german_bark and coop_german_bark
[2026-08-22 20:47:08 UTC-6.000] DUPLICATE ALIASES: coop_german_bark and coop_german_bark
[2026-08-22 20:47:08 UTC-6.000] DUPLICATE ALIASES: coop_german_bark and coop_german_bark
[2026-08-22 20:47:08 UTC-6.000] DUPLICATE ALIASES: coop_german_bark and coop_german_bark
[2026-08-22 20:47:08 UTC-6.000] DUPLICATE ALIASES: coop_german_bark and coop_german_bark
[2026-08-22 20:47:08 UTC-6.000] DUPLICATE ALIASES: coop_german_bark and coop_german_bark
[2026-08-22 20:47:08 UTC-6.000] DUPLICATE ALIASES: snd_pickup and snd_pickup
[2026-08-22 20:47:08 UTC-6.000] DUPLICATE ALIASES: snd_step_grass and snd_step_grass
[2026-08-22 20:47:08 UTC-6.000] DUPLICATE ALIASES: snd_step_grass and snd_step_grass
[2026-08-22 20:47:08 UTC-6.000] DUPLICATE ALIASES: snd_step_grass and snd_step_grass
[2026-08-22 20:47:08 UTC-6.000] DUPLICATE ALIASES: snd_step_stone and snd_step_stone
[2026-08-22 20:47:08 UTC-6.000] DUPLICATE ALIASES: snd_step_stone and snd_step_stone
[2026-08-22 20:47:08 UTC-6.000] DUPLICATE ALIASES: snd_step_stone and snd_step_stone
[2026-08-22 20:47:08 UTC-6.000] DUPLICATE ALIASES: snd_step_stone and snd_step_stone
[2026-08-22 20:47:08 UTC-6.000] DUPLICATE ALIASES: snd_step_stone and snd_step_stone
[2026-08-22 20:47:08 UTC-6.000] DUPLICATE ALIASES: snd_step_wood and snd_step_wood
[2026-08-22 20:47:08 UTC-6.000] DUPLICATE ALIASES: snd_step_wood and snd_step_wood
[2026-08-22 20:47:08 UTC-6.000] DUPLICATE ALIASES: snd_step_wood and snd_step_wood
[2026-08-22 20:47:08 UTC-6.000] DUPLICATE ALIASES: snd_step_wood and snd_step_wood
[2026-08-22 20:47:08 UTC-6.000] DUPLICATE ALIASES: snd_step_snow and snd_step_snow
[2026-08-22 20:47:08 UTC-6.000] DUPLICATE ALIASES: snd_step_snow and snd_step_snow
[2026-08-22 20:47:08 UTC-6.000] DUPLICATE ALIASES: snd_step_snow and snd_step_snow
[2026-08-22 20:47:08 UTC-6.000] DUPLICATE ALIASES: snd_step_snow and snd_step_snow
[2026-08-22 20:47:08 UTC-6.000] DUPLICATE ALIASES: snd_step_dirt and snd_step_dirt
[2026-08-22 20:47:08 UTC-6.000] DUPLICATE ALIASES: snd_step_dirt and snd_step_dirt
[2026-08-22 20:47:08 UTC-6.000] DUPLICATE ALIASES: snd_step_dirt and snd_step_dirt
[2026-08-22 20:47:08 UTC-6.000] DUPLICATE ALIASES: snd_step_equipment and snd_step_equipment
[2026-08-22 20:47:08 UTC-6.000] DUPLICATE ALIASES: snd_step_equipment and snd_step_equipment
[2026-08-22 20:47:08 UTC-6.000] DUPLICATE ALIASES: snd_step_equipment and snd_step_equipment
[2026-08-22 20:47:08 UTC-6.000] DUPLICATE ALIASES: snd_step_equipment and snd_step_equipment
[2026-08-22 20:47:08 UTC-6.000] DUPLICATE ALIASES: snd_step_metal and snd_step_metal
[2026-08-22 20:47:08 UTC-6.000] DUPLICATE ALIASES: snd_step_metal and snd_step_metal
[2026-08-22 20:47:08 UTC-6.000] DUPLICATE ALIASES: snd_step_metal and snd_step_metal
[2026-08-22 20:47:08 UTC-6.000] DUPLICATE ALIASES: snd_bh_stone and snd_bh_stone
[2026-08-22 20:47:08 UTC-6.000] DUPLICATE ALIASES: snd_bh_stone and snd_bh_stone
[2026-08-22 20:47:08 UTC-6.000] DUPLICATE ALIASES: snd_bh_stone and snd_bh_stone
[2026-08-22 20:47:08 UTC-6.000] DUPLICATE ALIASES: snd_bh_stone and snd_bh_stone
[2026-08-22 20:47:08 UTC-6.000] DUPLICATE ALIASES: snd_bh_stone and snd_bh_stone
[2026-08-22 20:47:08 UTC-6.000] DUPLICATE ALIASES: snd_bh_flesh and snd_bh_flesh
[2026-08-22 20:47:08 UTC-6.000] DUPLICATE ALIASES: snd_bh_flesh and snd_bh_flesh
[2026-08-22 20:47:08 UTC-6.000] DUPLICATE ALIASES: snd_bh_flesh and snd_bh_flesh
[2026-08-22 20:47:08 UTC-6.000] DUPLICATE ALIASES: snd_bh_flesh and snd_bh_flesh
[2026-08-22 20:47:08 UTC-6.000] DUPLICATE ALIASES: snd_bh_flesh and snd_bh_flesh
[2026-08-22 20:47:08 UTC-6.000] DUPLICATE ALIASES: snd_bh_wood and snd_bh_wood
[2026-08-22 20:47:08 UTC-6.000] DUPLICATE ALIASES: snd_bh_wood and snd_bh_wood
[2026-08-22 20:47:08 UTC-6.000] DUPLICATE ALIASES: snd_bh_wood and snd_bh_wood
[2026-08-22 20:47:08 UTC-6.000] DUPLICATE ALIASES: snd_bh_wood and snd_bh_wood
[2026-08-22 20:47:08 UTC-6.000] DUPLICATE ALIASES: snd_bh_foliage and snd_bh_foliage
[2026-08-22 20:47:08 UTC-6.000] DUPLICATE ALIASES: snd_bh_foliage and snd_bh_foliage
[2026-08-22 20:47:08 UTC-6.000] DUPLICATE ALIASES: snd_bh_foliage and snd_bh_foliage
[2026-08-22 20:47:08 UTC-6.000] DUPLICATE ALIASES: snd_bh_foliage and snd_bh_foliage
[2026-08-22 20:47:08 UTC-6.000] DUPLICATE ALIASES: snd_bh_puddle and snd_bh_puddle
[2026-08-22 20:47:08 UTC-6.000] DUPLICATE ALIASES: snd_bh_puddle and snd_bh_puddle
[2026-08-22 20:47:08 UTC-6.000] DUPLICATE ALIASES: snd_bh_snow and snd_bh_snow
[2026-08-22 20:47:08 UTC-6.000] DUPLICATE ALIASES: snd_bh_snow and snd_bh_snow
[2026-08-22 20:47:08 UTC-6.000] DUPLICATE ALIASES: snd_bh_metal and snd_bh_metal
[2026-08-22 20:47:08 UTC-6.000] DUPLICATE ALIASES: snd_bh_metal and snd_bh_metal
[2026-08-22 20:47:08 UTC-6.000] DUPLICATE ALIASES: snd_bh_metal and snd_bh_metal
[2026-08-22 20:47:08 UTC-6.000] DUPLICATE ALIASES: snd_bh_glass and snd_bh_glass
[2026-08-22 20:47:08 UTC-6.000] DUPLICATE ALIASES: snd_bh_glass and snd_bh_glass
[2026-08-22 20:47:08 UTC-6.000] DUPLICATE ALIASES: snd_bh_glass and snd_bh_glass
[2026-08-22 20:47:08 UTC-6.000] DUPLICATE ALIASES: snd_bh_dirt and snd_bh_dirt
[2026-08-22 20:47:08 UTC-6.000] DUPLICATE ALIASES: snd_bh_dirt and snd_bh_dirt
[2026-08-22 20:47:08 UTC-6.000] DUPLICATE ALIASES: snd_bh_dirt and snd_bh_dirt
[2026-08-22 20:47:08 UTC-6.000] DUPLICATE ALIASES: snd_b_zing and snd_b_zing
[2026-08-22 20:47:08 UTC-6.000] DUPLICATE ALIASES: snd_b_zing and snd_b_zing
[2026-08-22 20:47:08 UTC-6.000] DUPLICATE ALIASES: snd_b_zing and snd_b_zing
[2026-08-22 20:47:08 UTC-6.000] DUPLICATE ALIASES: snd_b_zing and snd_b_zing
[2026-08-22 20:47:08 UTC-6.000] DUPLICATE ALIASES: snd_b_zing and snd_b_zing
[2026-08-22 20:47:08 UTC-6.000] DUPLICATE ALIASES: snd_b_zing and snd_b_zing
[2026-08-22 20:47:08 UTC-6.000] DUPLICATE ALIASES: snd_b_zing and snd_b_zing
[2026-08-22 20:47:08 UTC-6.000] DUPLICATE ALIASES: snd_bodyfall_grass and snd_bodyfall_grass
[2026-08-22 20:47:08 UTC-6.000] DUPLICATE ALIASES: snd_bodyfall_grass and snd_bodyfall_grass
[2026-08-22 20:47:08 UTC-6.000] DUPLICATE ALIASES: snd_bodyfall_grass and snd_bodyfall_grass
[2026-08-22 20:47:08 UTC-6.000] DUPLICATE ALIASES: snd_bodyfall_grass and snd_bodyfall_grass
[2026-08-22 20:47:08 UTC-6.000] DUPLICATE ALIASES: snd_bodyfall_grass and snd_bodyfall_grass
[2026-08-22 20:47:08 UTC-6.000] DUPLICATE ALIASES: snd_bodyfall_stone and snd_bodyfall_stone
[2026-08-22 20:47:08 UTC-6.000] DUPLICATE ALIASES: snd_bodyfall_stone and snd_bodyfall_stone
[2026-08-22 20:47:08 UTC-6.000] DUPLICATE ALIASES: snd_bodyfall_stone and snd_bodyfall_stone
[2026-08-22 20:47:08 UTC-6.000] DUPLICATE ALIASES: snd_bodyfall_wood and snd_bodyfall_wood
[2026-08-22 20:47:08 UTC-6.000] DUPLICATE ALIASES: snd_bodyfall_wood and snd_bodyfall_wood
[2026-08-22 20:47:08 UTC-6.000] DUPLICATE ALIASES: snd_bodyfall_snow and snd_bodyfall_snow
[2026-08-22 20:47:08 UTC-6.000] DUPLICATE ALIASES: snd_bodyfall_snow and snd_bodyfall_snow
[2026-08-22 20:47:08 UTC-6.000] DUPLICATE ALIASES: snd_rifle_shell and snd_rifle_shell
[2026-08-22 20:47:08 UTC-6.000] DUPLICATE ALIASES: door_wood_open_move and door_wood_open_move
[2026-08-22 20:47:08 UTC-6.000] DUPLICATE ALIASES: door_wood_open_move and door_wood_open_move
[2026-08-22 20:47:08 UTC-6.000] DUPLICATE ALIASES: door_wood_close_move and door_wood_close_move
[2026-08-22 20:47:08 UTC-6.000] DUPLICATE ALIASES: door_wood_close_stop and door_wood_close_stop
[2026-08-22 20:47:08 UTC-6.000] DUPLICATE ALIASES: stonecrash02 and stonecrash02
[2026-08-22 20:47:08 UTC-6.000] DUPLICATE ALIASES: stonesmall01 and stonesmall01
[2026-08-22 20:47:08 UTC-6.000] DUPLICATE ALIASES: stonesmall02 and stonesmall02
[2026-08-22 20:47:08 UTC-6.000] DUPLICATE ALIASES: stonesmall03 and stonesmall03
[2026-08-22 20:47:08 UTC-6.000] DUPLICATE ALIASES: stonesmall04 and stonesmall04
[2026-08-22 20:47:08 UTC-6.000] DUPLICATE ALIASES: stonesmall05 and stonesmall05
[2026-08-22 20:47:08 UTC-6.000] DUPLICATE ALIASES: pickup_explosives and pickup_explosives
[2026-08-22 20:47:08 UTC-6.000] DUPLICATE ALIASES: item_drop and item_drop
[2026-08-22 20:47:08 UTC-6.000] DUPLICATE ALIASES: grenade_explode and grenade_explode
[2026-08-22 20:47:08 UTC-6.000] DUPLICATE ALIASES: grenade_explode and grenade_explode
[2026-08-22 20:47:08 UTC-6.000] DUPLICATE ALIASES: grenade_explode and grenade_explode
[2026-08-22 20:47:08 UTC-6.000] DUPLICATE ALIASES: bazooka_exp and bazooka_exp
[2026-08-22 20:47:08 UTC-6.000] DUPLICATE ALIASES: bazooka_exp and bazooka_exp
[2026-08-22 20:47:08 UTC-6.000] DUPLICATE ALIASES: explode_truck and explode_truck
[2026-08-22 20:47:08 UTC-6.000] DUPLICATE ALIASES: explode_truck and explode_truck
[2026-08-22 20:47:08 UTC-6.000] DUPLICATE ALIASES: flak_snd_move_start and flak_snd_move_start
[2026-08-22 20:47:08 UTC-6.000] DUPLICATE ALIASES: flak_snd_move and flak_snd_move
[2026-08-22 20:47:08 UTC-6.000] DUPLICATE ALIASES: aagun_snd_move_start and aagun_snd_move_start
[2026-08-22 20:47:08 UTC-6.000] DUPLICATE ALIASES: aagun_snd_move_stop and aagun_snd_move_stop
[2026-08-22 20:47:08 UTC-6.000] DUPLICATE ALIASES: tank_snd_move_start and tank_snd_move_start
[2026-08-22 20:47:08 UTC-6.000] DUPLICATE ALIASES: tank_snd_move_stop and tank_snd_move_stop
[2026-08-22 20:47:08 UTC-6.000] DUPLICATE ALIASES: row_boat_slow and row_boat_slow
[2026-08-22 20:47:08 UTC-6.000] DUPLICATE ALIASES: row_boat_slow and row_boat_slow
[2026-08-22 20:47:08 UTC-6.000] DUPLICATE ALIASES: row_boat_slow and row_boat_slow
[2026-08-22 20:47:08 UTC-6.000] DUPLICATE ALIASES: row_boat_fast and row_boat_fast
[2026-08-22 20:47:08 UTC-6.000] DUPLICATE ALIASES: explode_mine and explode_mine
[2026-08-22 20:47:08 UTC-6.000] DUPLICATE ALIASES: explode_mine and explode_mine
[2026-08-22 20:47:08 UTC-6.000] DUPLICATE ALIASES: explode_flak88 and explode_flak88
[2026-08-22 20:47:08 UTC-6.000] DUPLICATE ALIASES: explode_flak88 and explode_flak88
[2026-08-22 20:47:08 UTC-6.000] DUPLICATE ALIASES: den_attack_001c and den_attack_001c
[2026-08-22 20:47:08 UTC-6.000] DUPLICATE ALIASES: den_attack_001c and den_attack_001c
[2026-08-22 20:47:08 UTC-6.000] DUPLICATE ALIASES: den_attack_001c and den_attack_001c
[2026-08-22 20:47:08 UTC-6.000] DUPLICATE ALIASES: den_attack_001c and den_attack_001c
[2026-08-22 20:47:08 UTC-6.000] DUPLICATE ALIASES: den_attack_001c and den_attack_001c
[2026-08-22 20:47:08 UTC-6.000] DUPLICATE ALIASES: den_attack_001c and den_attack_001c
[2026-08-22 20:47:08 UTC-6.000] DUPLICATE ALIASES: den_attack_001c and den_attack_001c
[2026-08-22 20:47:08 UTC-6.000] DUPLICATE ALIASES: den_attack_001c and den_attack_001c
[2026-08-22 20:47:08 UTC-6.000] DUPLICATE ALIASES: den_attack_001c and den_attack_001c
[2026-08-22 20:47:08 UTC-6.000] DUPLICATE ALIASES: den_attack_001c and den_attack_001c
[2026-08-22 20:47:08 UTC-6.000] DUPLICATE ALIASES: den_attack_001c and den_attack_001c
[2026-08-22 20:47:08 UTC-6.000] DUPLICATE ALIASES: den_attack_001c and den_attack_001c
[2026-08-22 20:47:08 UTC-6.000] DUPLICATE ALIASES: den_attack_001c and den_attack_001c
[2026-08-22 20:47:08 UTC-6.000] DUPLICATE ALIASES: den_attack_001c and den_attack_001c
[2026-08-22 20:47:08 UTC-6.000] DUPLICATE ALIASES: den_attack_001c and den_attack_001c
[2026-08-22 20:47:08 UTC-6.000] DUPLICATE ALIASES: den_attack_002c and den_attack_002c
[2026-08-22 20:47:08 UTC-6.000] DUPLICATE ALIASES: den_attack_002c and den_attack_002c
[2026-08-22 20:47:08 UTC-6.000] DUPLICATE ALIASES: den_attack_002c and den_attack_002c
[2026-08-22 20:47:08 UTC-6.000] DUPLICATE ALIASES: den_attack_002c and den_attack_002c
[2026-08-22 20:47:08 UTC-6.000] DUPLICATE ALIASES: den_attack_002c and den_attack_002c
[2026-08-22 20:47:08 UTC-6.000] DUPLICATE ALIASES: den_attack_002c and den_attack_002c
[2026-08-22 20:47:08 UTC-6.000] DUPLICATE ALIASES: den_attack_002c and den_attack_002c
[2026-08-22 20:47:08 UTC-6.000] DUPLICATE ALIASES: den_attack_002c and den_attack_002c
[2026-08-22 20:47:08 UTC-6.000] DUPLICATE ALIASES: den_attack_002c and den_attack_002c
[2026-08-22 20:47:08 UTC-6.000] DUPLICATE ALIASES: den_attack_002c and den_attack_002c
[2026-08-22 20:47:08 UTC-6.000] DUPLICATE ALIASES: den_attack_002c and den_attack_002c
[2026-08-22 20:47:08 UTC-6.000] DUPLICATE ALIASES: den_attack_002c and den_attack_002c
[2026-08-22 20:47:08 UTC-6.000] DUPLICATE ALIASES: den_attack_002c and den_attack_002c
[2026-08-22 20:47:08 UTC-6.000] DUPLICATE ALIASES: den_attack_002c and den_attack_002c
[2026-08-22 20:47:08 UTC-6.000] DUPLICATE ALIASES: den_attack_002c and den_attack_002c
[2026-08-22 20:47:08 UTC-6.000] DUPLICATE ALIASES: den_attack_003d and den_attack_003d
[2026-08-22 20:47:08 UTC-6.000] DUPLICATE ALIASES: den_attack_003d and den_attack_003d
[2026-08-22 20:47:08 UTC-6.000] DUPLICATE ALIASES: den_attack_003d and den_attack_003d
[2026-08-22 20:47:08 UTC-6.000] DUPLICATE ALIASES: den_attack_003d and den_attack_003d
[2026-08-22 20:47:08 UTC-6.000] DUPLICATE ALIASES: den_attack_003d and den_attack_003d
[2026-08-22 20:47:08 UTC-6.000] DUPLICATE ALIASES: den_attack_003d and den_attack_003d
[2026-08-22 20:47:08 UTC-6.000] DUPLICATE ALIASES: den_attack_003d and den_attack_003d
[2026-08-22 20:47:08 UTC-6.000] DUPLICATE ALIASES: den_attack_003d and den_attack_003d
[2026-08-22 20:47:08 UTC-6.000] DUPLICATE ALIASES: den_attack_003d and den_attack_003d
[2026-08-22 20:47:08 UTC-6.000] DUPLICATE ALIASES: den_attack_003d and den_attack_003d
[2026-08-22 20:47:08 UTC-6.000] DUPLICATE ALIASES: den_attack_003d and den_attack_003d
[2026-08-22 20:47:08 UTC-6.000] DUPLICATE ALIASES: den_attack_003d and den_attack_003d
[2026-08-22 20:47:08 UTC-6.000] DUPLICATE ALIASES: den_attack_003d and den_attack_003d
[2026-08-22 20:47:08 UTC-6.000] DUPLICATE ALIASES: den_attack_003d and den_attack_003d
[2026-08-22 20:47:08 UTC-6.000] DUPLICATE ALIASES: den_attack_003d and den_attack_003d
[2026-08-22 20:47:08 UTC-6.000] DUPLICATE ALIASES: den_attack_041d and den_attack_041d
[2026-08-22 20:47:08 UTC-6.000] DUPLICATE ALIASES: den_attack_041d and den_attack_041d
[2026-08-22 20:47:08 UTC-6.000] DUPLICATE ALIASES: den_attack_041d and den_attack_041d
[2026-08-22 20:47:08 UTC-6.000] DUPLICATE ALIASES: den_attack_041d and den_attack_041d
[2026-08-22 20:47:08 UTC-6.000] DUPLICATE ALIASES: den_attack_041d and den_attack_041d
[2026-08-22 20:47:08 UTC-6.000] DUPLICATE ALIASES: den_attack_041d and den_attack_041d
[2026-08-22 20:47:08 UTC-6.000] DUPLICATE ALIASES: den_attack_041d and den_attack_041d
[2026-08-22 20:47:08 UTC-6.000] DUPLICATE ALIASES: den_attack_041d and den_attack_041d
[2026-08-22 20:47:08 UTC-6.000] DUPLICATE ALIASES: den_attack_041d and den_attack_041d
[2026-08-22 20:47:08 UTC-6.000] DUPLICATE ALIASES: den_attack_041d and den_attack_041d
[2026-08-22 20:47:08 UTC-6.000] DUPLICATE ALIASES: den_attack_041d and den_attack_041d
[2026-08-22 20:47:08 UTC-6.000] DUPLICATE ALIASES: den_attack_041d and den_attack_041d
[2026-08-22 20:47:08 UTC-6.000] DUPLICATE ALIASES: den_attack_041d and den_attack_041d
[2026-08-22 20:47:08 UTC-6.000] DUPLICATE ALIASES: den_attack_041d and den_attack_041d
[2026-08-22 20:47:08 UTC-6.000] DUPLICATE ALIASES: den_attack_041d and den_attack_041d
[2026-08-22 20:47:08 UTC-6.000] DUPLICATE ALIASES: den_attack_040b and den_attack_040b
[2026-08-22 20:47:08 UTC-6.000] DUPLICATE ALIASES: den_attack_040b and den_attack_040b
[2026-08-22 20:47:08 UTC-6.000] DUPLICATE ALIASES: den_attack_040b and den_attack_040b
[2026-08-22 20:47:08 UTC-6.000] DUPLICATE ALIASES: den_attack_040b and den_attack_040b
[2026-08-22 20:47:08 UTC-6.000] DUPLICATE ALIASES: den_attack_040b and den_attack_040b
[2026-08-22 20:47:08 UTC-6.000] DUPLICATE ALIASES: den_attack_040b and den_attack_040b
[2026-08-22 20:47:08 UTC-6.000] DUPLICATE ALIASES: den_attack_040b and den_attack_040b
[2026-08-22 20:47:08 UTC-6.000] DUPLICATE ALIASES: den_attack_040b and den_attack_040b
[2026-08-22 20:47:08 UTC-6.000] DUPLICATE ALIASES: den_attack_040b and den_attack_040b
[2026-08-22 20:47:08 UTC-6.000] DUPLICATE ALIASES: den_attack_040b and den_attack_040b
[2026-08-22 20:47:08 UTC-6.000] DUPLICATE ALIASES: den_attack_040b and den_attack_040b
[2026-08-22 20:47:08 UTC-6.000] DUPLICATE ALIASES: den_attack_040b and den_attack_040b
[2026-08-22 20:47:08 UTC-6.000] DUPLICATE ALIASES: den_attack_040b and den_attack_040b
[2026-08-22 20:47:08 UTC-6.000] DUPLICATE ALIASES: den_attack_040b and den_attack_040b
[2026-08-22 20:47:08 UTC-6.000] DUPLICATE ALIASES: den_attack_040b and den_attack_040b
[2026-08-22 20:47:08 UTC-6.000] DUPLICATE ALIASES: den_attack_040b and den_attack_040b
[2026-08-22 20:47:08 UTC-6.000] DUPLICATE ALIASES: den_attack_040b and den_attack_040b
[2026-08-22 20:47:08 UTC-6.000] DUPLICATE ALIASES: den_attack_040b and den_attack_040b
[2026-08-22 20:47:08 UTC-6.000] DUPLICATE ALIASES: den_attack_040b and den_attack_040b
[2026-08-22 20:47:08 UTC-6.000] DUPLICATE ALIASES: den_attack_060b and den_attack_060b
[2026-08-22 20:47:08 UTC-6.000] DUPLICATE ALIASES: den_attack_060b and den_attack_060b
[2026-08-22 20:47:08 UTC-6.000] DUPLICATE ALIASES: den_attack_060b and den_attack_060b
[2026-08-22 20:47:08 UTC-6.000] DUPLICATE ALIASES: den_attack_060b and den_attack_060b
[2026-08-22 20:47:08 UTC-6.000] DUPLICATE ALIASES: den_attack_060b and den_attack_060b
[2026-08-22 20:47:08 UTC-6.000] DUPLICATE ALIASES: den_attack_060b and den_attack_060b
[2026-08-22 20:47:08 UTC-6.000] DUPLICATE ALIASES: den_attack_060b and den_attack_060b
[2026-08-22 20:47:08 UTC-6.000] DUPLICATE ALIASES: den_attack_060b and den_attack_060b
[2026-08-22 20:47:08 UTC-6.000] DUPLICATE ALIASES: den_attack_060b and den_attack_060b
[2026-08-22 20:47:08 UTC-6.000] DUPLICATE ALIASES: den_attack_060b and den_attack_060b
[2026-08-22 20:47:08 UTC-6.000] DUPLICATE ALIASES: den_attack_060b and den_attack_060b
[2026-08-22 20:47:08 UTC-6.000] DUPLICATE ALIASES: den_attack_060b and den_attack_060b
[2026-08-22 20:47:08 UTC-6.000] DUPLICATE ALIASES: den_attack_060b and den_attack_060b
[2026-08-22 20:47:08 UTC-6.000] DUPLICATE ALIASES: den_attack_060b and den_attack_060b
[2026-08-22 20:47:08 UTC-6.000] DUPLICATE ALIASES: den_attack_060b and den_attack_060b
[2026-08-22 20:47:08 UTC-6.000] DUPLICATE ALIASES: den_attack_060b and den_attack_060b
[2026-08-22 20:47:08 UTC-6.000] DUPLICATE ALIASES: den_attack_060b and den_attack_060b
[2026-08-22 20:47:08 UTC-6.000] DUPLICATE ALIASES: den_attack_032b and den_attack_032b
[2026-08-22 20:47:08 UTC-6.000] DUPLICATE ALIASES: den_attack_032b and den_attack_032b
[2026-08-22 20:47:08 UTC-6.000] DUPLICATE ALIASES: den_attack_032b and den_attack_032b
[2026-08-22 20:47:08 UTC-6.000] DUPLICATE ALIASES: den_attack_032b and den_attack_032b
[2026-08-22 20:47:08 UTC-6.000] DUPLICATE ALIASES: den_attack_032b and den_attack_032b
[2026-08-22 20:47:08 UTC-6.000] DUPLICATE ALIASES: den_attack_032b and den_attack_032b
[2026-08-22 20:47:08 UTC-6.000] DUPLICATE ALIASES: den_attack_032b and den_attack_032b
[2026-08-22 20:47:08 UTC-6.000] DUPLICATE ALIASES: den_attack_032b and den_attack_032b
[2026-08-22 20:47:08 UTC-6.000] DUPLICATE ALIASES: den_alarm_12a and den_alarm_12a
[2026-08-22 20:47:08 UTC-6.000] DUPLICATE ALIASES: den_alarm_12a and den_alarm_12a
[2026-08-22 20:47:08 UTC-6.000] DUPLICATE ALIASES: den_alarm_12a and den_alarm_12a
[2026-08-22 20:47:08 UTC-6.000] DUPLICATE ALIASES: den_alarm_12a and den_alarm_12a
[2026-08-22 20:47:08 UTC-6.000] DUPLICATE ALIASES: den_alarm_12a and den_alarm_12a
[2026-08-22 20:47:08 UTC-6.000] DUPLICATE ALIASES: den_alarm_12a and den_alarm_12a
[2026-08-22 20:47:08 UTC-6.000] DUPLICATE ALIASES: den_alarm_12a and den_alarm_12a
[2026-08-22 20:47:08 UTC-6.000] DUPLICATE ALIASES: den_alarm_12a and den_alarm_12a
[2026-08-22 20:47:08 UTC-6.000] DUPLICATE ALIASES: den_alarm_12a and den_alarm_12a
[2026-08-22 20:47:08 UTC-6.000] DUPLICATE ALIASES: den_alarm_12a and den_alarm_12a
[2026-08-22 20:47:08 UTC-6.000] DUPLICATE ALIASES: den_alarm_01c and den_alarm_01c
[2026-08-22 20:47:08 UTC-6.000] DUPLICATE ALIASES: den_alarm_01c and den_alarm_01c
[2026-08-22 20:47:08 UTC-6.000] DUPLICATE ALIASES: den_alarm_01c and den_alarm_01c
[2026-08-22 20:47:08 UTC-6.000] DUPLICATE ALIASES: den_alarm_01c and den_alarm_01c
[2026-08-22 20:47:08 UTC-6.000] DUPLICATE ALIASES: den_alarm_01c and den_alarm_01c
[2026-08-22 20:47:08 UTC-6.000] DUPLICATE ALIASES: den_alarm_01c and den_alarm_01c
[2026-08-22 20:47:08 UTC-6.000] DUPLICATE ALIASES: den_alarm_01c and den_alarm_01c
[2026-08-22 20:47:08 UTC-6.000] DUPLICATE ALIASES: den_alarm_01c and den_alarm_01c
[2026-08-22 20:47:08 UTC-6.000] DUPLICATE ALIASES: den_alarm_01c and den_alarm_01c
[2026-08-22 20:47:08 UTC-6.000] DUPLICATE ALIASES: den_alarm_01c and den_alarm_01c
[2026-08-22 20:47:08 UTC-6.000] DUPLICATE ALIASES: den_alarm_01c and den_alarm_01c
[2026-08-22 20:47:08 UTC-6.000] DUPLICATE ALIASES: den_alarm_01c and den_alarm_01c
[2026-08-22 20:47:08 UTC-6.000] DUPLICATE ALIASES: den_alarm_01c and den_alarm_01c
[2026-08-22 20:47:08 UTC-6.000] DUPLICATE ALIASES: den_alarm_01c and den_alarm_01c
[2026-08-22 20:47:08 UTC-6.000] DUPLICATE ALIASES: den_alarm_01c and den_alarm_01c
[2026-08-22 20:47:08 UTC-6.000] DUPLICATE ALIASES: den_alarm_04c and den_alarm_04c
[2026-08-22 20:47:08 UTC-6.000] DUPLICATE ALIASES: den_alarm_09a and den_alarm_09a
[2026-08-22 20:47:08 UTC-6.000] DUPLICATE ALIASES: den_alarm_09a and den_alarm_09a
[2026-08-22 20:47:08 UTC-6.000] DUPLICATE ALIASES: den_alarm_09a and den_alarm_09a
[2026-08-22 20:47:08 UTC-6.000] DUPLICATE ALIASES: den_alarm_09a and den_alarm_09a
[2026-08-22 20:47:08 UTC-6.000] DUPLICATE ALIASES: den_alarm_09a and den_alarm_09a
[2026-08-22 20:47:08 UTC-6.000] DUPLICATE ALIASES: den_alarm_09a and den_alarm_09a
[2026-08-22 20:47:08 UTC-6.000] DUPLICATE ALIASES: den_alarm_09a and den_alarm_09a
[2026-08-22 20:47:08 UTC-6.000] DUPLICATE ALIASES: den_alarm_09a and den_alarm_09a
[2026-08-22 20:47:08 UTC-6.000] DUPLICATE ALIASES: den_alarm_09a and den_alarm_09a
[2026-08-22 20:47:08 UTC-6.000] DUPLICATE ALIASES: den_alarm_09a and den_alarm_09a
[2026-08-22 20:47:08 UTC-6.000] DUPLICATE ALIASES: den_alarm_01d and den_alarm_01d
[2026-08-22 20:47:08 UTC-6.000] DUPLICATE ALIASES: den_alarm_01d and den_alarm_01d
[2026-08-22 20:47:08 UTC-6.000] DUPLICATE ALIASES: den_alarm_01d and den_alarm_01d
[2026-08-22 20:47:08 UTC-6.000] DUPLICATE ALIASES: den_alarm_01d and den_alarm_01d
[2026-08-22 20:47:08 UTC-6.000] DUPLICATE ALIASES: den_alarm_01d and den_alarm_01d
[2026-08-22 20:47:08 UTC-6.000] DUPLICATE ALIASES: den_alarm_01d and den_alarm_01d
[2026-08-22 20:47:08 UTC-6.000] DUPLICATE ALIASES: den_alarm_01d and den_alarm_01d
[2026-08-22 20:47:08 UTC-6.000] DUPLICATE ALIASES: den_alarm_01d and den_alarm_01d
[2026-08-22 20:47:08 UTC-6.000] DUPLICATE ALIASES: den_alarm_01d and den_alarm_01d
[2026-08-22 20:47:08 UTC-6.000] DUPLICATE ALIASES: den_alarm_04d and den_alarm_04d
[2026-08-22 20:47:08 UTC-6.000] DUPLICATE ALIASES: den_alarm_04d and den_alarm_04d
[2026-08-22 20:47:08 UTC-6.000] DUPLICATE ALIASES: den_alarm_04d and den_alarm_04d
[2026-08-22 20:47:08 UTC-6.000] DUPLICATE ALIASES: den_alarm_04d and den_alarm_04d
[2026-08-22 20:47:08 UTC-6.000] DUPLICATE ALIASES: den_alarm_04d and den_alarm_04d
[2026-08-22 20:47:08 UTC-6.000] DUPLICATE ALIASES: den_alarm_04d and den_alarm_04d
[2026-08-22 20:47:08 UTC-6.000] DUPLICATE ALIASES: den_alarm_04d and den_alarm_04d
[2026-08-22 20:47:08 UTC-6.000] DUPLICATE ALIASES: den_alarm_04d and den_alarm_04d
[2026-08-22 20:47:08 UTC-6.000] DUPLICATE ALIASES: den_alarm_04d and den_alarm_04d
[2026-08-22 20:47:08 UTC-6.000] DUPLICATE ALIASES: den_alarm_04d and den_alarm_04d
[2026-08-22 20:47:08 UTC-6.000] DUPLICATE ALIASES: den_alarm_04d and den_alarm_04d
[2026-08-22 20:47:08 UTC-6.000] DUPLICATE ALIASES: den_alarm_04d and den_alarm_04d
[2026-08-22 20:47:08 UTC-6.000] DUPLICATE ALIASES: den_alarm_04d and den_alarm_04d
[2026-08-22 20:47:08 UTC-6.000] DUPLICATE ALIASES: den_fear_08e and den_fear_08e
[2026-08-22 20:47:08 UTC-6.000] DUPLICATE ALIASES: den_fear_08e and den_fear_08e
[2026-08-22 20:47:08 UTC-6.000] DUPLICATE ALIASES: den_fear_08e and den_fear_08e
[2026-08-22 20:47:08 UTC-6.000] DUPLICATE ALIASES: den_fear_08e and den_fear_08e
[2026-08-22 20:47:08 UTC-6.000] DUPLICATE ALIASES: den_fear_08e and den_fear_08e
[2026-08-22 20:47:08 UTC-6.000] DUPLICATE ALIASES: den_fear_08e and den_fear_08e
[2026-08-22 20:47:08 UTC-6.000] DUPLICATE ALIASES: den_fear_08e and den_fear_08e
[2026-08-22 20:47:08 UTC-6.000] DUPLICATE ALIASES: den_suicide_03c and den_suicide_03c
[2026-08-22 20:47:08 UTC-6.000] DUPLICATE ALIASES: den_suicide_03c and den_suicide_03c
[2026-08-22 20:47:08 UTC-6.000] DUPLICATE ALIASES: den_suicide_03c and den_suicide_03c
[2026-08-22 20:47:08 UTC-6.000] DUPLICATE ALIASES: den_suicide_03c and den_suicide_03c
[2026-08-22 20:47:08 UTC-6.000] DUPLICATE ALIASES: den_suicide_03c and den_suicide_03c
[2026-08-22 20:47:08 UTC-6.000] DUPLICATE ALIASES: den_suicide_03c and den_suicide_03c
[2026-08-22 20:47:08 UTC-6.000] DUPLICATE ALIASES: den_fear_30b and den_fear_30b
[2026-08-22 20:47:08 UTC-6.000] DUPLICATE ALIASES: den_fear_30b and den_fear_30b
[2026-08-22 20:47:08 UTC-6.000] DUPLICATE ALIASES: den_fear_30b and den_fear_30b
[2026-08-22 20:47:08 UTC-6.000] DUPLICATE ALIASES: den_fear_30d and den_fear_30d
[2026-08-22 20:47:08 UTC-6.000] DUPLICATE ALIASES: den_fear_30d and den_fear_30d
[2026-08-22 20:47:08 UTC-6.000] DUPLICATE ALIASES: den_fear_30d and den_fear_30d
[2026-08-22 20:47:08 UTC-6.000] DUPLICATE ALIASES: den_fear_11c and den_fear_11c
[2026-08-22 20:47:08 UTC-6.000] DUPLICATE ALIASES: den_fear_11c and den_fear_11c
[2026-08-22 20:47:08 UTC-6.000] DUPLICATE ALIASES: den_fear_11c and den_fear_11c
[2026-08-22 20:47:08 UTC-6.000] DUPLICATE ALIASES: den_fear_03e and den_fear_03e
[2026-08-22 20:47:08 UTC-6.000] DUPLICATE ALIASES: den_fear_03e and den_fear_03e
[2026-08-22 20:47:08 UTC-6.000] DUPLICATE ALIASES: den_fear_03e and den_fear_03e
[2026-08-22 20:47:08 UTC-6.000] DUPLICATE ALIASES: dfr_sighted_05a_1 and dfr_sighted_05a_1
[2026-08-22 20:47:08 UTC-6.000] DUPLICATE ALIASES: dfr_sighted_05a_1 and dfr_sighted_05a_1
[2026-08-22 20:47:08 UTC-6.000] DUPLICATE ALIASES: dfr_sighted_05a_1 and dfr_sighted_05a_1
[2026-08-22 20:47:08 UTC-6.000] DUPLICATE ALIASES: dfr_sighted_12h_1 and dfr_sighted_12h_1
[2026-08-22 20:47:08 UTC-6.000] DUPLICATE ALIASES: dfr_sighted_12h_1 and dfr_sighted_12h_1
[2026-08-22 20:47:08 UTC-6.000] DUPLICATE ALIASES: dfr_sighted_12h_1 and dfr_sighted_12h_1
[2026-08-22 20:47:08 UTC-6.000] DUPLICATE ALIASES: dfr_attack_04h_1 and dfr_attack_04h_1
[2026-08-22 20:47:08 UTC-6.000] DUPLICATE ALIASES: dfr_attack_04h_1 and dfr_attack_04h_1
[2026-08-22 20:47:08 UTC-6.000] DUPLICATE ALIASES: dfr_attack_04h_1 and dfr_attack_04h_1
[2026-08-22 20:47:08 UTC-6.000] DUPLICATE ALIASES: dfr_attack_04h_1 and dfr_attack_04h_1
[2026-08-22 20:47:08 UTC-6.000] DUPLICATE ALIASES: dfr_attack_04h_1 and dfr_attack_04h_1
[2026-08-22 20:47:08 UTC-6.000] DUPLICATE ALIASES: dfr_attack_04h_1 and dfr_attack_04h_1
[2026-08-22 20:47:08 UTC-6.000] DUPLICATE ALIASES: dfr_attack_13c_1 and dfr_attack_13c_1
[2026-08-22 20:47:08 UTC-6.000] DUPLICATE ALIASES: dfr_attack_13c_1 and dfr_attack_13c_1
[2026-08-22 20:47:08 UTC-6.000] DUPLICATE ALIASES: dfr_attack_13c_1 and dfr_attack_13c_1
[2026-08-22 20:47:08 UTC-6.000] DUPLICATE ALIASES: dfr_attack_13c_1 and dfr_attack_13c_1
[2026-08-22 20:47:08 UTC-6.000] DUPLICATE ALIASES: dfr_attack_13c_1 and dfr_attack_13c_1
[2026-08-22 20:47:08 UTC-6.000] DUPLICATE ALIASES: dfr_attack_13c_1 and dfr_attack_13c_1
[2026-08-22 20:47:08 UTC-6.000] DUPLICATE ALIASES: dfr_attack_13c_1 and dfr_attack_13c_1
[2026-08-22 20:47:08 UTC-6.000] Parse/Load time: 0.227000 seconds.
[2026-08-22 20:47:08 UTC-6.000] -------------PARSING 'ubersound/ubersound.scr' DONE (SERVER)---------------

[2026-08-22 20:47:08 UTC-6.000] ------ Server Initialization Complete ------  6.27 seconds
[2026-08-22 20:47:08 UTC-6.000] ^~^~^ Add the following line to the *_precache.scr map script:
[2026-08-22 20:47:08 UTC-6.000] cache models/static/stackedshelves.tik
[2026-08-22 20:47:08 UTC-6.000] ^~^~^ Add the following line to the *_precache.scr map script:
[2026-08-22 20:47:08 UTC-6.000] cache models/furniture/bunkerchair.tik
[2026-08-22 20:47:08 UTC-6.000] ^~^~^ Add the following line to the *_precache.scr map script:
[2026-08-22 20:47:08 UTC-6.000] cache models/static/cot.tik
[2026-08-22 20:47:08 UTC-6.000] ^~^~^ Add the following line to the *_precache.scr map script:
[2026-08-22 20:47:08 UTC-6.000] cache models/static/static_clock3.tik
[2026-08-22 20:47:08 UTC-6.000] ^~^~^ Add the following line to the *_precache.scr map script:
[2026-08-22 20:47:08 UTC-6.000] cache models/static/static_radiostation3.tik
[2026-08-22 20:47:08 UTC-6.000] ^~^~^ Add the following line to the *_precache.scr map script:
[2026-08-22 20:47:08 UTC-6.000] cache models/static/flowerpainting.tik
[2026-08-22 20:47:08 UTC-6.000] ^~^~^ Add the following line to the *_precache.scr map script:
[2026-08-22 20:47:08 UTC-6.000] cache models/static/shovel.tik
[2026-08-22 20:47:08 UTC-6.000] ^~^~^ Add the following line to the *_precache.scr map script:
[2026-08-22 20:47:08 UTC-6.000] cache models/static/nazi_crate.tik
[2026-08-22 20:47:08 UTC-6.000] ^~^~^ Add the following line to the *_precache.scr map script:
[2026-08-22 20:47:08 UTC-6.000] cache models/static/toolbox_closed.tik
[2026-08-22 20:47:08 UTC-6.000] WARNING- DOWNGRADING TO OLD ANIMATION FORMAT FOR FILE: models/static/south_africa_ceramic_pot_6/south_africa_ceramic_pot_6.skc
[2026-08-22 20:47:08 UTC-6.000] ^~^~^ Add the following line to the *_precache.scr map script:
[2026-08-22 20:47:08 UTC-6.000] cache models/static/south_africa_ceramic_pot_6.tik
[2026-08-22 20:47:08 UTC-6.000] WARNING- DOWNGRADING TO OLD ANIMATION FORMAT FOR FILE: models/static/wicker_basket_2/wicker_basket_2.skc
[2026-08-22 20:47:08 UTC-6.000] ^~^~^ Add the following line to the *_precache.scr map script:
[2026-08-22 20:47:08 UTC-6.000] cache models/static/wicker_basket_2.tik
[2026-08-22 20:47:08 UTC-6.000] ---- Recast Navigation ----
[2026-08-22 20:47:08 UTC-6.000] No bots, skipping navigation
[2026-08-22 20:47:08 UTC-6.000] Hitch warning: 5669 msec frame time
[2026-08-22 20:47:08 UTC-6.000] ^~^~^ AMBIENCE coop bed=coop_flamb_port
[2026-08-22 20:47:08 UTC-6.000] ^~^~^ WXSEED raw rain_density=
[2026-08-22 20:47:08 UTC-6.000] 0
[2026-08-22 20:47:08 UTC-6.000] ^~^~^ WXSEED pattern=
[2026-08-22 20:47:08 UTC-6.000] 0
[2026-08-22 20:47:08 UTC-6.000] ^~^~^ WXSEED raindensity(native src)=
[2026-08-22 20:47:08 UTC-6.000] ^~^~^ WXSEED post-exec pattern=
[2026-08-22 20:47:08 UTC-6.000] 0
[2026-08-22 20:47:08 UTC-6.000] ^~^~^ WXSEED post-exec rain_density=
[2026-08-22 20:47:08 UTC-6.000] 0
[2026-08-22 20:47:08 UTC-6.000] ^~^~^ WEATHER coop=sand (native SP, fluid random)
[2026-08-22 20:47:08 UTC-6.000] ^~^~^ SQUAD clusters=7 engaged=0 alerts=0 search=0 bound=0
[2026-08-22 20:47:08 UTC-6.000] ^~^~^ MANEUVER attackState=0 candidates=0 runtoIssued=0 coverThink=0
[2026-08-22 20:47:08 UTC-6.000] ^~^~^ SQUAD clusters=7 engaged=0 alerts=0 search=0 bound=0
[2026-08-22 20:47:08 UTC-6.000] ^~^~^ MANEUVER attackState=0 candidates=0 runtoIssued=0 coverThink=0
[2026-08-22 20:47:08 UTC-6.000] ^~^~^ AIBEHAV alive=18 engaging=0 moving=0 staticCombat=0 flanked=0 | aggr=0 cover=0 flank=0 prone=0 none=18
[2026-08-22 20:47:08 UTC-6.000] ^~^~^ PERSSKIP actor=intro_papers2
[2026-08-22 20:47:08 UTC-6.000] ^~^~^ PERSSKIP actor=walkerLB
[2026-08-22 20:47:08 UTC-6.000] ^~^~^ PERSSKIP actor=walkerLF
[2026-08-22 20:47:08 UTC-6.000] ^~^~^ PERSSKIP actor=walkerRF
[2026-08-22 20:47:08 UTC-6.000] ^~^~^ PERSSKIP actor=walkerRB
[2026-08-22 20:47:08 UTC-6.000] ^~^~^ PERS actor= type=turret hasAlarm=0
[2026-08-22 20:47:08 UTC-6.000] ^~^~^ PERS actor= type=turret hasAlarm=0
[2026-08-22 20:47:08 UTC-6.000] ^~^~^ PERS actor= type=cover hasAlarm=0
[2026-08-22 20:47:08 UTC-6.000] ^~^~^ PERS actor= type=turret hasAlarm=0
[2026-08-22 20:47:08 UTC-6.000] ^~^~^ PERSSKIP actor=walkerM
[2026-08-22 20:47:08 UTC-6.000] ^~^~^ PERSSKIP actor=intro_papers
[2026-08-22 20:47:08 UTC-6.000] ^~^~^ PERSSKIP actor=intro_bazooka
[2026-08-22 20:47:08 UTC-6.000] ^~^~^ BPMGR psize=0 count=1 map=m1l1
[2026-08-22 20:47:08 UTC-6.000] ^~^~^ PRONEDBG wg=rifle tries=0
[2026-08-22 20:47:08 UTC-6.000] ^~^~^ PRONEDBG wg=rifle tries=0
[2026-08-22 20:47:08 UTC-6.000] ^~^~^ PRONEDBG wg=rifle tries=0
[2026-08-22 20:47:08 UTC-6.000] ^~^~^ PRONEPOSE actor= wg=rifle
[2026-08-22 20:47:08 UTC-6.000] ^~^~^ PRONEPOSE actor= wg=rifle
[2026-08-22 20:47:08 UTC-6.000] ^~^~^ PRONEPOSE actor= wg=rifle
[2026-08-22 20:47:08 UTC-6.000] ^~^~^ PRB prone.target t=4 ent=112 tn=- verdict=none foeTbias=NIL
[2026-08-22 20:47:08 UTC-6.000] ^~^~^ PRB prone.target t=4 ent=64 tn=- verdict=none foeTbias=NIL
[2026-08-22 20:47:08 UTC-6.000] ^~^~^ PRB prone.target t=4 ent=31 tn=- verdict=none foeTbias=NIL
[2026-08-22 20:47:08 UTC-6.000] Next map is: m1l2a
[2026-08-22 20:47:08 UTC-6.000] Previous map is: briefing/briefing1
[2026-08-22 20:47:08 UTC-6.000] ^~^~^ SQUAD clusters=7 engaged=0 alerts=0 search=0 bound=0
[2026-08-22 20:47:08 UTC-6.000] ^~^~^ SVFRAME worst=5000ms mean=1687ms over=2/3 budget=25ms
[2026-08-22 20:47:08 UTC-6.000] ^~^~^ FLMUSIC filler off (map not on quiet-map list)
[2026-08-22 20:47:09 UTC-6.000] ^~^~^ MANEUVER attackState=0 candidates=0 runtoIssued=0 coverThink=0
[2026-08-22 20:47:09 UTC-6.000] ^~^~^ SVFRAME worst=26ms mean=24ms over=3/40 budget=25ms
[2026-08-22 20:47:09 UTC-6.000] ^~^~^ SQUAD clusters=7 engaged=0 alerts=0 search=0 bound=0
[2026-08-22 20:47:10 UTC-6.000] ^~^~^ SVFRAME worst=26ms mean=25ms over=3/40 budget=25ms
[2026-08-22 20:47:11 UTC-6.000] ^~^~^ MANEUVER attackState=0 candidates=0 runtoIssued=0 coverThink=0
[2026-08-22 20:47:11 UTC-6.000] ^~^~^ AIBEHAV alive=18 engaging=0 moving=0 staticCombat=0 flanked=0 | aggr=1 cover=0 flank=0 prone=3 none=14
[2026-08-22 20:47:11 UTC-6.000] ^~^~^ AIBEHAV2 window=8s engagedMoved=0 repositioned=0 totalDist=0 avgDist=0
[2026-08-22 20:47:11 UTC-6.000] ^~^~^ BPMGR psize=0 count=1 map=m1l1
[2026-08-22 20:47:11 UTC-6.000] ^~^~^ SVFRAME worst=26ms mean=25ms over=2/40 budget=25ms
[2026-08-22 20:47:11 UTC-6.000] ^~^~^ SQUAD clusters=7 engaged=0 alerts=0 search=0 bound=0
[2026-08-22 20:47:12 UTC-6.000] ^~^~^ SVFRAME worst=26ms mean=25ms over=1/40 budget=25ms
[2026-08-22 20:47:13 UTC-6.000] ^~^~^ MANEUVER attackState=0 candidates=0 runtoIssued=0 coverThink=0
[2026-08-22 20:47:13 UTC-6.000] ^~^~^ PRB actor.snap t=10 n=55 ent=9 tn=barrel_guy tm=german hp=1000  aiDis=0 noIdle=0 tbias=-6969 scene=0 surr=0 conv=0 role=- persSet=0 hpReal=80 stopPain=0 noLongPain=0 hpMax=1000 wp=mauser kar 98k wg=rifle pos=stand atk=turret hasEnemy=0 foeEnt=- foeCls=- foeTm=- org=-3788,-454,373 dist=-1 see=0 tdis=salute tidl=anim alrm=0 supp=0
[2026-08-22 20:47:13 UTC-6.000] ^~^~^ PRB actor.snap t=10 n=56 ent=27 tn=intro_bazooka tm=german hp=1000  aiDis=1 noIdle=0 tbias=0 scene=0 surr=0 conv=0 role=- persSet=0 hpReal=30 stopPain=0 noLongPain=0 hpMax=1000 wp=panzerschreck wg=bazooka pos=stand atk=turret hasEnemy=0 foeEnt=- foeCls=- foeTm=- org=-2008,-2906,256 dist=-1 see=0 tdis=salute tidl=idle alrm=0 supp=0
[2026-08-22 20:47:13 UTC-6.000] ^~^~^ PRB actor.snap t=10 n=57 ent=28 tn=intro_papers tm=german hp=1000  aiDis=1 noIdle=0 tbias=0 scene=0 surr=0 conv=0 role=- persSet=0 hpReal=100 stopPain=0 noLongPain=0 hpMax=1000 wp=- wg=unarmed pos=stand atk=turret hasEnemy=0 foeEnt=- foeCls=- foeTm=- org=-1998,-3656,34 dist=-1 see=0 tdis=salute tidl=idle alrm=0 supp=0
[2026-08-22 20:47:13 UTC-6.000] ^~^~^ PRB actor.snap t=10 n=58 ent=29 tn=walkerM tm=german hp=1000  aiDis=1 noIdle=0 tbias=0 scene=0 surr=0 conv=0 role=- persSet=0 hpReal=100 stopPain=0 noLongPain=0 hpMax=1000 wp=walther p38 wg=pistol pos=stand atk=turret hasEnemy=0 foeEnt=- foeCls=- foeTm=- org=2894,108,927 dist=-1 see=0 tdis=salute tidl=runner alrm=0 supp=0
[2026-08-22 20:47:13 UTC-6.000] ^~^~^ PRB actor.snap t=10 n=59 ent=31 tn=- tm=german hp=1000  aiDis=0 noIdle=0 tbias=0 scene=0 surr=0 conv=0 role=prone persSet=1 hpReal=80 stopPain=0 noLongPain=0 hpMax=1000 wp=mauser kar 98k wg=rifle pos=stand atk=turret hasEnemy=0 foeEnt=- foeCls=- foeTm=- org=-3874,-2298,159 dist=-1 see=0 tdis=salute tidl=anim alrm=0 supp=0
[2026-08-22 20:47:13 UTC-6.000] ^~^~^ PRB actor.snap t=10 n=60 ent=36 tn=mg42guy tm=german hp=1000  aiDis=1 noIdle=0 tbias=-6969 scene=0 surr=0 conv=0 role=- persSet=0 hpReal=40 stopPain=0 noLongPain=0 hpMax=1000 wp=- wg=unarmed pos=stand atk=machinegunner hasEnemy=0 foeEnt=- foeCls=- foeTm=- org=-6272,2177,640 dist=-1 see=0 tdis=machinegunner tidl=machinegunner alrm=0 supp=0
[2026-08-22 20:47:13 UTC-6.000] ^~^~^ PRB actor.snap t=10 n=61 ent=39 tn=friendly tm=american hp=100  aiDis=1 noIdle=0 tbias=0 scene=0 surr=0 conv=0 role=- persSet=0 hpReal=-1 stopPain=1 noLongPain=1 hpMax=100 wp=thompson wg=thompson pos=stand atk=turret hasEnemy=0 foeEnt=- foeCls=- foeTm=- org=2296,3784,1408 dist=-1 see=0 tdis=salute tidl=idle alrm=0 supp=0
[2026-08-22 20:47:13 UTC-6.000] ^~^~^ PRB actor.snap t=10 n=62 ent=40 tn=friendly tm=american hp=100  aiDis=1 noIdle=0 tbias=0 scene=0 surr=0 conv=0 role=- persSet=0 hpReal=-1 stopPain=1 noLongPain=1 hpMax=100 wp=m1 garand wg=rifle pos=stand atk=turret hasEnemy=0 foeEnt=- foeCls=- foeTm=- org=2232,3848,1408 dist=-1 see=0 tdis=salute tidl=idle alrm=0 supp=0
[2026-08-22 20:47:13 UTC-6.000] ^~^~^ PRB actor.snap t=10 n=63 ent=64 tn=- tm=german hp=1000  aiDis=0 noIdle=0 tbias=0 scene=0 surr=0 conv=0 role=prone persSet=1 hpReal=100 stopPain=0 noLongPain=0 hpMax=1000 wp=mauser kar 98k wg=rifle pos=stand atk=cover hasEnemy=0 foeEnt=- foeCls=- foeTm=- org=-6334,1496,428 dist=-1 see=0 tdis=salute tidl=anim alrm=0 supp=0
[2026-08-22 20:47:13 UTC-6.000] ^~^~^ PRB actor.snap t=10 n=64 ent=103 tn=friendly tm=american hp=100  aiDis=1 noIdle=0 tbias=0 scene=0 surr=0 conv=0 role=- persSet=0 hpReal=-1 stopPain=1 noLongPain=1 hpMax=100 wp=m1 garand wg=rifle pos=stand atk=turret hasEnemy=0 foeEnt=- foeCls=- foeTm=- org=2296,3848,1408 dist=-1 see=0 tdis=salute tidl=idle alrm=0 supp=0
[2026-08-22 20:47:13 UTC-6.000] ^~^~^ PRB actor.snap t=10 n=65 ent=104 tn=friendly tm=american hp=100  aiDis=1 noIdle=0 tbias=0 scene=0 surr=0 conv=0 role=- persSet=0 hpReal=-1 stopPain=1 noLongPain=1 hpMax=100 wp=m1 garand wg=rifle pos=stand atk=turret hasEnemy=0 foeEnt=- foeCls=- foeTm=- org=2232,3784,1408 dist=-1 see=0 tdis=salute tidl=idle alrm=0 supp=0
[2026-08-22 20:47:13 UTC-6.000] ^~^~^ PRB actor.snap t=10 n=66 ent=110 tn=barrel_guy tm=german hp=1000  aiDis=0 noIdle=0 tbias=-6969 scene=0 surr=0 conv=0 role=- persSet=0 hpReal=80 stopPain=0 noLongPain=0 hpMax=1000 wp=mauser kar 98k wg=rifle pos=stand atk=turret hasEnemy=0 foeEnt=- foeCls=- foeTm=- org=-3860,-532,370 dist=-1 see=0 tdis=salute tidl=anim alrm=0 supp=0
[2026-08-22 20:47:13 UTC-6.000] ^~^~^ PRB actor.snap t=10 n=67 ent=112 tn=- tm=german hp=1000  aiDis=0 noIdle=0 tbias=0 scene=0 surr=0 conv=0 role=prone persSet=1 hpReal=80 stopPain=0 noLongPain=0 hpMax=1000 wp=mauser kar 98k wg=rifle pos=stand atk=turret hasEnemy=0 foeEnt=- foeCls=- foeTm=- org=-4336,-1040,402 dist=-1 see=0 tdis=salute tidl=anim alrm=0 supp=0
[2026-08-22 20:47:13 UTC-6.000] ^~^~^ PRB actor.snap t=10 n=68 ent=113 tn=- tm=german hp=1000  aiDis=0 noIdle=0 tbias=0 scene=0 surr=0 conv=0 role=aggr persSet=1 hpReal=80 stopPain=0 noLongPain=0 hpMax=1000 wp=mauser kar 98k wg=rifle pos=stand atk=turret hasEnemy=0 foeEnt=- foeCls=- foeTm=- org=-3576,-1456,317 dist=-1 see=0 tdis=salute tidl=idle alrm=0 supp=0
[2026-08-22 20:47:13 UTC-6.000] ^~^~^ PRB actor.snap t=10 n=69 ent=114 tn=bazooka_wall tm=german hp=1000  aiDis=0 noIdle=0 tbias=-6969 scene=0 surr=0 conv=0 role=- persSet=0 hpReal=160 stopPain=0 noLongPain=0 hpMax=1000 wp=panzerschreck wg=bazooka pos=stand atk=balcony_attack hasEnemy=0 foeEnt=- foeCls=- foeTm=- org=-3408,-280,608 dist=-1 see=0 tdis=salute tidl=idle alrm=0 supp=0
[2026-08-22 20:47:13 UTC-6.000] ^~^~^ PRB actor.snap t=10 n=70 ent=116 tn=coop_mgnest1_gunner tm=german hp=1000  aiDis=0 noIdle=0 tbias=0 scene=0 surr=0 conv=0 role=- persSet=0 hpReal=5 stopPain=0 noLongPain=0 hpMax=1000 wp=- wg=unarmed pos=stand atk=machinegunner hasEnemy=0 foeEnt=- foeCls=- foeTm=- org=-4201,583,435 dist=-1 see=0 tdis=machinegunner tidl=machinegunner alrm=0 supp=0
[2026-08-22 20:47:13 UTC-6.000] ^~^~^ PRB actor.snap t=10 n=71 ent=119 tn=walkerRB tm=german hp=1000  aiDis=1 noIdle=0 tbias=0 scene=0 surr=0 conv=0 role=- persSet=0 hpReal=100 stopPain=0 noLongPain=0 hpMax=1000 wp=mauser kar 98k wg=rifle pos=stand atk=turret hasEnemy=0 foeEnt=- foeCls=- foeTm=- org=2837,-3,915 dist=-1 see=0 tdis=salute tidl=runner alrm=0 supp=0
[2026-08-22 20:47:13 UTC-6.000] ^~^~^ PRB actor.snap t=10 n=72 ent=120 tn=walkerRF tm=german hp=1000  aiDis=1 noIdle=0 tbias=0 scene=0 surr=0 conv=0 role=- persSet=0 hpReal=100 stopPain=0 noLongPain=0 hpMax=1000 wp=mauser kar 98k wg=rifle pos=stand atk=turret hasEnemy=0 foeEnt=- foeCls=- foeTm=- org=2876,43,922 dist=-1 see=0 tdis=salute tidl=runner alrm=0 supp=0
[2026-08-22 20:47:13 UTC-6.000] ^~^~^ PRB actor.snap t=10 n=73 ent=121 tn=walkerLF tm=german hp=1000  aiDis=1 noIdle=0 tbias=0 scene=0 surr=0 conv=0 role=- persSet=0 hpReal=100 stopPain=0 noLongPain=0 hpMax=1000 wp=mauser kar 98k wg=rifle pos=stand atk=turret hasEnemy=0 foeEnt=- foeCls=- foeTm=- org=2835,85,922 dist=-1 see=0 tdis=salute tidl=runner alrm=0 supp=0
[2026-08-22 20:47:13 UTC-6.000] ^~^~^ PRB actor.snap t=10 n=74 ent=122 tn=walkerLB tm=german hp=1000  aiDis=1 noIdle=0 tbias=0 scene=0 surr=0 conv=0 role=- persSet=0 hpReal=100 stopPain=0 noLongPain=0 hpMax=1000 wp=mauser kar 98k wg=rifle pos=stand atk=turret hasEnemy=0 foeEnt=- foeCls=- foeTm=- org=2798,42,-127 dist=-1 see=0 tdis=salute tidl=runner alrm=0 supp=0
[2026-08-22 20:47:13 UTC-6.000] ^~^~^ PRB actor.snap t=10 n=75 ent=134 tn=intro_papers2 tm=german hp=1000  aiDis=1 noIdle=0 tbias=0 scene=0 surr=0 conv=0 role=- persSet=0 hpReal=100 stopPain=0 noLongPain=0 hpMax=1000 wp=- wg=unarmed pos=stand atk=turret hasEnemy=0 foeEnt=- foeCls=- foeTm=- org=-2386,-3102,53 dist=-1 see=0 tdis=salute tidl=idle alrm=0 supp=0
[2026-08-22 20:47:13 UTC-6.000] ^~^~^ PRB actor.snap t=10 n=76 ent=170 tn=bazooka_wall tm=german hp=1000  aiDis=0 noIdle=0 tbias=-6969 scene=0 surr=0 conv=0 role=- persSet=0 hpReal=160 stopPain=0 noLongPain=0 hpMax=1000 wp=panzerschreck wg=bazooka pos=stand atk=balcony_attack hasEnemy=0 foeEnt=- foeCls=- foeTm=- org=-4656,-328,616 dist=-1 see=0 tdis=salute tidl=idle alrm=0 supp=0
[2026-08-22 20:47:13 UTC-6.000] ^~^~^ PRB actor.snap t=10 n=77 ent=192 tn=- tm=american hp=100  aiDis=1 noIdle=1 tbias=0 scene=1 surr=0 conv=0 role=- persSet=0 hpReal=-1 stopPain=1 noLongPain=1 hpMax=100 wp=mauser kar 98k wg=rifle pos=stand atk=turret hasEnemy=0 foeEnt=- foeCls=- foeTm=- org=0,0,0 dist=-1 see=0 tdis=salute tidl=anim alrm=0 supp=0
[2026-08-22 20:47:13 UTC-6.000] ^~^~^ PRB actor.snap t=10 n=78 ent=193 tn=- tm=american hp=100  aiDis=1 noIdle=1 tbias=0 scene=1 surr=0 conv=0 role=- persSet=0 hpReal=-1 stopPain=1 noLongPain=1 hpMax=100 wp=colt 45 wg=pistol pos=stand atk=turret hasEnemy=0 foeEnt=- foeCls=- foeTm=- org=0,0,0 dist=-1 see=0 tdis=salute tidl=anim alrm=0 supp=0
[2026-08-22 20:47:13 UTC-6.000] ^~^~^ PRB census.total t=10 actors=24 surrendered=0 aiDisabled=15 engaging=0 canSeePlayer=0
[2026-08-22 20:47:13 UTC-6.000] ^~^~^ SQUAD clusters=7 engaged=0 alerts=0 search=0 bound=0
[2026-08-22 20:47:13 UTC-6.000] ^~^~^ SVFRAME worst=26ms mean=25ms over=3/40 budget=25ms
[2026-08-22 20:47:14 UTC-6.000] ^~^~^ PERS actor= type=turret hasAlarm=0
[2026-08-22 20:47:14 UTC-6.000] ^~^~^ PERS actor= type=cover hasAlarm=0
[2026-08-22 20:47:14 UTC-6.000] ^~^~^ PERS actor= type=turret hasAlarm=0
[2026-08-22 20:47:14 UTC-6.000] ^~^~^ PRONEDBG wg=rifle tries=0
[2026-08-22 20:47:14 UTC-6.000] ^~^~^ PRONEDBG wg=rifle tries=0
[2026-08-22 20:47:14 UTC-6.000] ^~^~^ PRONEPOSE actor= wg=rifle
[2026-08-22 20:47:14 UTC-6.000] ^~^~^ PRONEPOSE actor= wg=rifle
[2026-08-22 20:47:14 UTC-6.000] SV packet 127.0.0.1 : getchallenge
[2026-08-22 20:47:15 UTC-6.000] ^~^~^ SQUAD clusters=7 engaged=0 alerts=0 search=0 bound=0
[2026-08-22 20:47:15 UTC-6.000] SV packet 127.0.0.1 : connect
[2026-08-22 20:47:15 UTC-6.000] SVC_DirectConnect ()
>>>\clientType\Breakthrough\version\2.41+0.82.1\challenge\512777751\qport\43708\protocol\17\rate\25000\snaps\40\name\Player1\coop_objKey\o\com_gamename\mohaab\fov\80\dm_playergermanmodel\german_wehrmacht_soldier\dm_playermodel\german_waffenss_officer\coop_pin1\1\shortversion\0.82.1\cl_guid\D6B7BCD046A8B845C52F9093ABFB46A5<<<
[2026-08-22 20:47:15 UTC-6.000] Client 0 connecting with 175 challenge ping
[2026-08-22 20:47:15 UTC-6.000] {#0 | 127.0.0.1:12400} Player1 is preparing for deployment
[2026-08-22 20:47:15 UTC-6.000] Client 0 (IP: 127.0.0.1) is connecting
[2026-08-22 20:47:15 UTC-6.000] Going from CS_FREE to CS_CONNECTED for Player1
[2026-08-22 20:47:15 UTC-6.000] Player1 : dropped gamestate, resending
[2026-08-22 20:47:15 UTC-6.000] SV_SendClientGameState() for Player1
[2026-08-22 20:47:15 UTC-6.000] Going from CS_CONNECTED to CS_PRIMED for Player1
[2026-08-22 20:47:15 UTC-6.000] ^~^~^ MANEUVER attackState=0 candidates=0 runtoIssued=0 coverThink=0
[2026-08-22 20:47:15 UTC-6.000] ^~^~^ AIBEHAV alive=18 engaging=0 moving=0 staticCombat=0 flanked=0 | aggr=1 cover=1 flank=0 prone=2 none=14
[2026-08-22 20:47:15 UTC-6.000] ^~^~^ BPMGR psize=0 count=1 map=m1l1
[2026-08-22 20:47:16 UTC-6.000] ^~^~^ SQUAD clusters=7 engaged=0 alerts=0 search=0 bound=0
[2026-08-22 20:47:17 UTC-6.000] ^~^~^ MANEUVER attackState=0 candidates=0 runtoIssued=0 coverThink=0
[2026-08-22 20:47:18 UTC-6.000] ^~^~^ SQUAD clusters=7 engaged=0 alerts=0 search=0 bound=0
[2026-08-22 20:47:19 UTC-6.000] ^~^~^ MANEUVER attackState=0 candidates=0 runtoIssued=0 coverThink=0
[2026-08-22 20:47:19 UTC-6.000] ^~^~^ AIBEHAV alive=18 engaging=0 moving=0 staticCombat=0 flanked=0 | aggr=1 cover=1 flank=0 prone=2 none=14
[2026-08-22 20:47:19 UTC-6.000] ^~^~^ AIBEHAV2 window=8s engagedMoved=0 repositioned=0 totalDist=0 avgDist=0
[2026-08-22 20:47:19 UTC-6.000] ^~^~^ BPMGR psize=0 count=1 map=m1l1
[2026-08-22 20:47:20 UTC-6.000] ^~^~^ SQUAD clusters=7 engaged=0 alerts=0 search=0 bound=0
[2026-08-22 20:47:20 UTC-6.000] SV packet 127.0.0.1 : getchallenge
[2026-08-22 20:47:21 UTC-6.000] SV packet 127.0.0.1 : connect
[2026-08-22 20:47:21 UTC-6.000] SVC_DirectConnect ()
>>>\clientType\Breakthrough\version\2.41+0.82.1\challenge\343692945\qport\41289\protocol\17\rate\25000\snaps\40\name\Player2\coop_objKey\o\com_gamename\mohaab\fov\80\dm_playergermanmodel\german_wehrmacht_soldier\dm_playermodel\american_army_29id_radioman\coop_pin1\0\coop_pin2\34\coop_pin3\90\shortversion\0.82.1\cl_guid\89AA62A71BEF42BA7FA4B2DE9E15F03A<<<
[2026-08-22 20:47:21 UTC-6.000] Client 1 connecting with 250 challenge ping
[2026-08-22 20:47:21 UTC-6.000] {#1 | 127.0.0.1:12500} Player2 is preparing for deployment
[2026-08-22 20:47:21 UTC-6.000] Client 1 (IP: 127.0.0.1) is connecting
[2026-08-22 20:47:21 UTC-6.000] Going from CS_FREE to CS_CONNECTED for Player2
[2026-08-22 20:47:21 UTC-6.000] Player2 : dropped gamestate, resending
[2026-08-22 20:47:21 UTC-6.000] SV_SendClientGameState() for Player2
[2026-08-22 20:47:21 UTC-6.000] Going from CS_CONNECTED to CS_PRIMED for Player2
[2026-08-22 20:47:21 UTC-6.000] ^~^~^ MANEUVER attackState=0 candidates=0 runtoIssued=0 coverThink=0
[2026-08-22 20:47:21 UTC-6.000] ^~^~^ PERS actor= type=turret hasAlarm=0
[2026-08-22 20:47:21 UTC-6.000] ^~^~^ PERS actor= type=cover hasAlarm=0
[2026-08-22 20:47:21 UTC-6.000] ^~^~^ SQUAD clusters=7 engaged=0 alerts=0 search=0 bound=0
[2026-08-22 20:47:22 UTC-6.000] ^~^~^ PRONEDBG wg=rifle tries=0
[2026-08-22 20:47:22 UTC-6.000] ^~^~^ PRONEPOSE actor= wg=rifle
[2026-08-22 20:47:23 UTC-6.000] ^~^~^ MANEUVER attackState=0 candidates=0 runtoIssued=0 coverThink=0
[2026-08-22 20:47:23 UTC-6.000] ^~^~^ AIBEHAV alive=18 engaging=0 moving=0 staticCombat=0 flanked=0 | aggr=2 cover=1 flank=0 prone=1 none=14
[2026-08-22 20:47:23 UTC-6.000] ^~^~^ PRB actor.snap t=20 n=79 ent=9 tn=barrel_guy tm=german hp=1000  aiDis=0 noIdle=0 tbias=-6969 scene=0 surr=0 conv=0 role=- persSet=0 hpReal=80 stopPain=0 noLongPain=0 hpMax=1000 wp=mauser kar 98k wg=rifle pos=stand atk=turret hasEnemy=0 foeEnt=- foeCls=- foeTm=- org=-3788,-454,373 dist=-1 see=0 tdis=salute tidl=anim alrm=0 supp=0
[2026-08-22 20:47:23 UTC-6.000] ^~^~^ PRB actor.snap t=20 n=80 ent=27 tn=intro_bazooka tm=german hp=1000  aiDis=1 noIdle=0 tbias=0 scene=0 surr=0 conv=0 role=- persSet=0 hpReal=30 stopPain=0 noLongPain=0 hpMax=1000 wp=panzerschreck wg=bazooka pos=stand atk=turret hasEnemy=0 foeEnt=- foeCls=- foeTm=- org=-2008,-2906,256 dist=-1 see=0 tdis=salute tidl=idle alrm=0 supp=0
[2026-08-22 20:47:23 UTC-6.000] ^~^~^ PRB actor.snap t=20 n=81 ent=28 tn=intro_papers tm=german hp=1000  aiDis=1 noIdle=0 tbias=0 scene=0 surr=0 conv=0 role=- persSet=0 hpReal=100 stopPain=0 noLongPain=0 hpMax=1000 wp=- wg=unarmed pos=stand atk=turret hasEnemy=0 foeEnt=- foeCls=- foeTm=- org=-1998,-3656,34 dist=-1 see=0 tdis=salute tidl=idle alrm=0 supp=0
[2026-08-22 20:47:23 UTC-6.000] ^~^~^ PRB actor.snap t=20 n=82 ent=29 tn=walkerM tm=german hp=1000  aiDis=1 noIdle=0 tbias=0 scene=0 surr=0 conv=0 role=- persSet=0 hpReal=100 stopPain=0 noLongPain=0 hpMax=1000 wp=walther p38 wg=pistol pos=stand atk=turret hasEnemy=0 foeEnt=- foeCls=- foeTm=- org=2894,108,927 dist=-1 see=0 tdis=salute tidl=runner alrm=0 supp=0
[2026-08-22 20:47:23 UTC-6.000] ^~^~^ PRB actor.snap t=20 n=83 ent=31 tn=- tm=german hp=1000  aiDis=0 noIdle=0 tbias=0 scene=0 surr=0 conv=0 role=cover persSet=1 hpReal=80 stopPain=0 noLongPain=0 hpMax=1000 wp=mauser kar 98k wg=rifle pos=crouch atk=cover hasEnemy=0 foeEnt=- foeCls=- foeTm=- org=-3873,-2298,157 dist=-1 see=0 tdis=salute tidl=idle alrm=0 supp=0
[2026-08-22 20:47:23 UTC-6.000] ^~^~^ PRB actor.snap t=20 n=84 ent=36 tn=mg42guy tm=german hp=1000  aiDis=1 noIdle=0 tbias=-6969 scene=0 surr=0 conv=0 role=- persSet=0 hpReal=40 stopPain=0 noLongPain=0 hpMax=1000 wp=- wg=unarmed pos=stand atk=machinegunner hasEnemy=0 foeEnt=- foeCls=- foeTm=- org=-6272,2177,640 dist=-1 see=0 tdis=machinegunner tidl=machinegunner alrm=0 supp=0
[2026-08-22 20:47:23 UTC-6.000] ^~^~^ PRB actor.snap t=20 n=85 ent=39 tn=friendly tm=american hp=100  aiDis=1 noIdle=0 tbias=0 scene=0 surr=0 conv=0 role=- persSet=0 hpReal=-1 stopPain=1 noLongPain=1 hpMax=100 wp=thompson wg=thompson pos=stand atk=turret hasEnemy=0 foeEnt=- foeCls=- foeTm=- org=2296,3784,1408 dist=-1 see=0 tdis=salute tidl=idle alrm=0 supp=0
[2026-08-22 20:47:23 UTC-6.000] ^~^~^ PRB actor.snap t=20 n=86 ent=40 tn=friendly tm=american hp=100  aiDis=1 noIdle=0 tbias=0 scene=0 surr=0 conv=0 role=- persSet=0 hpReal=-1 stopPain=1 noLongPain=1 hpMax=100 wp=m1 garand wg=rifle pos=stand atk=turret hasEnemy=0 foeEnt=- foeCls=- foeTm=- org=2232,3848,1408 dist=-1 see=0 tdis=salute tidl=idle alrm=0 supp=0
[2026-08-22 20:47:23 UTC-6.000] ^~^~^ PRB actor.snap t=20 n=87 ent=64 tn=- tm=german hp=1000  aiDis=0 noIdle=0 tbias=0 scene=0 surr=0 conv=0 role=aggr persSet=1 hpReal=100 stopPain=0 noLongPain=0 hpMax=1000 wp=mauser kar 98k wg=rifle pos=crouch atk=cover hasEnemy=0 foeEnt=- foeCls=- foeTm=- org=-6334,1496,428 dist=-1 see=0 tdis=salute tidl=anim alrm=0 supp=0
[2026-08-22 20:47:23 UTC-6.000] ^~^~^ PRB actor.snap t=20 n=88 ent=103 tn=friendly tm=american hp=100  aiDis=1 noIdle=0 tbias=0 scene=0 surr=0 conv=0 role=- persSet=0 hpReal=-1 stopPain=1 noLongPain=1 hpMax=100 wp=m1 garand wg=rifle pos=stand atk=turret hasEnemy=0 foeEnt=- foeCls=- foeTm=- org=2296,3848,1408 dist=-1 see=0 tdis=salute tidl=idle alrm=0 supp=0
[2026-08-22 20:47:23 UTC-6.000] ^~^~^ PRB actor.snap t=20 n=89 ent=104 tn=friendly tm=american hp=100  aiDis=1 noIdle=0 tbias=0 scene=0 surr=0 conv=0 role=- persSet=0 hpReal=-1 stopPain=1 noLongPain=1 hpMax=100 wp=m1 garand wg=rifle pos=stand atk=turret hasEnemy=0 foeEnt=- foeCls=- foeTm=- org=2232,3784,1408 dist=-1 see=0 tdis=salute tidl=idle alrm=0 supp=0
[2026-08-22 20:47:23 UTC-6.000] ^~^~^ PRB actor.snap t=20 n=90 ent=110 tn=barrel_guy tm=german hp=1000  aiDis=0 noIdle=0 tbias=-6969 scene=0 surr=0 conv=0 role=- persSet=0 hpReal=80 stopPain=0 noLongPain=0 hpMax=1000 wp=mauser kar 98k wg=rifle pos=stand atk=turret hasEnemy=0 foeEnt=- foeCls=- foeTm=- org=-3860,-532,370 dist=-1 see=0 tdis=salute tidl=anim alrm=0 supp=0
[2026-08-22 20:47:23 UTC-6.000] ^~^~^ PRB actor.snap t=20 n=91 ent=112 tn=- tm=german hp=1000  aiDis=0 noIdle=0 tbias=0 scene=0 surr=0 conv=0 role=prone persSet=1 hpReal=80 stopPain=0 noLongPain=0 hpMax=1000 wp=mauser kar 98k wg=rifle pos=crouch atk=turret hasEnemy=0 foeEnt=- foeCls=- foeTm=- org=-4336,-1039,401 dist=-1 see=0 tdis=salute tidl=idle alrm=0 supp=0
[2026-08-22 20:47:23 UTC-6.000] ^~^~^ PRB actor.snap t=20 n=92 ent=113 tn=- tm=german hp=1000  aiDis=0 noIdle=0 tbias=0 scene=0 surr=0 conv=0 role=aggr persSet=1 hpReal=80 stopPain=0 noLongPain=0 hpMax=1000 wp=mauser kar 98k wg=rifle pos=stand atk=turret hasEnemy=0 foeEnt=- foeCls=- foeTm=- org=-3576,-1456,317 dist=-1 see=0 tdis=salute tidl=idle alrm=0 supp=0
[2026-08-22 20:47:23 UTC-6.000] ^~^~^ PRB actor.snap t=20 n=93 ent=114 tn=bazooka_wall tm=german hp=1000  aiDis=0 noIdle=0 tbias=-6969 scene=0 surr=0 conv=0 role=- persSet=0 hpReal=160 stopPain=0 noLongPain=0 hpMax=1000 wp=panzerschreck wg=bazooka pos=stand atk=balcony_attack hasEnemy=0 foeEnt=- foeCls=- foeTm=- org=-3408,-280,608 dist=-1 see=0 tdis=salute tidl=idle alrm=0 supp=0
[2026-08-22 20:47:23 UTC-6.000] ^~^~^ PRB actor.snap t=20 n=94 ent=116 tn=coop_mgnest1_gunner tm=german hp=1000  aiDis=0 noIdle=0 tbias=0 scene=0 surr=0 conv=0 role=- persSet=0 hpReal=5 stopPain=0 noLongPain=0 hpMax=1000 wp=- wg=unarmed pos=stand atk=machinegunner hasEnemy=0 foeEnt=- foeCls=- foeTm=- org=-4201,583,435 dist=-1 see=0 tdis=machinegunner tidl=machinegunner alrm=0 supp=0
[2026-08-22 20:47:23 UTC-6.000] ^~^~^ PRB actor.snap t=20 n=95 ent=119 tn=walkerRB tm=german hp=1000  aiDis=1 noIdle=0 tbias=0 scene=0 surr=0 conv=0 role=- persSet=0 hpReal=100 stopPain=0 noLongPain=0 hpMax=1000 wp=mauser kar 98k wg=rifle pos=stand atk=turret hasEnemy=0 foeEnt=- foeCls=- foeTm=- org=2837,-3,915 dist=-1 see=0 tdis=salute tidl=runner alrm=0 supp=0
[2026-08-22 20:47:23 UTC-6.000] ^~^~^ PRB actor.snap t=20 n=96 ent=120 tn=walkerRF tm=german hp=1000  aiDis=1 noIdle=0 tbias=0 scene=0 surr=0 conv=0 role=- persSet=0 hpReal=100 stopPain=0 noLongPain=0 hpMax=1000 wp=mauser kar 98k wg=rifle pos=stand atk=turret hasEnemy=0 foeEnt=- foeCls=- foeTm=- org=2876,43,922 dist=-1 see=0 tdis=salute tidl=runner alrm=0 supp=0
[2026-08-22 20:47:23 UTC-6.000] ^~^~^ PRB actor.snap t=20 n=97 ent=121 tn=walkerLF tm=german hp=1000  aiDis=1 noIdle=0 tbias=0 scene=0 surr=0 conv=0 role=- persSet=0 hpReal=100 stopPain=0 noLongPain=0 hpMax=1000 wp=mauser kar 98k wg=rifle pos=stand atk=turret hasEnemy=0 foeEnt=- foeCls=- foeTm=- org=2835,85,922 dist=-1 see=0 tdis=salute tidl=runner alrm=0 supp=0
[2026-08-22 20:47:23 UTC-6.000] ^~^~^ PRB actor.snap t=20 n=98 ent=122 tn=walkerLB tm=german hp=1000  aiDis=1 noIdle=0 tbias=0 scene=0 surr=0 conv=0 role=- persSet=0 hpReal=100 stopPain=0 noLongPain=0 hpMax=1000 wp=mauser kar 98k wg=rifle pos=stand atk=turret hasEnemy=0 foeEnt=- foeCls=- foeTm=- org=2798,42,-127 dist=-1 see=0 tdis=salute tidl=runner alrm=0 supp=0
[2026-08-22 20:47:23 UTC-6.000] ^~^~^ PRB actor.snap t=20 n=99 ent=134 tn=intro_papers2 tm=german hp=1000  aiDis=1 noIdle=0 tbias=0 scene=0 surr=0 conv=0 role=- persSet=0 hpReal=100 stopPain=0 noLongPain=0 hpMax=1000 wp=- wg=unarmed pos=stand atk=turret hasEnemy=0 foeEnt=- foeCls=- foeTm=- org=-2386,-3102,53 dist=-1 see=0 tdis=salute tidl=idle alrm=0 supp=0
[2026-08-22 20:47:23 UTC-6.000] ^~^~^ PRB actor.snap t=20 n=100 ent=170 tn=bazooka_wall tm=german hp=1000  aiDis=0 noIdle=0 tbias=-6969 scene=0 surr=0 conv=0 role=- persSet=0 hpReal=160 stopPain=0 noLongPain=0 hpMax=1000 wp=panzerschreck wg=bazooka pos=stand atk=balcony_attack hasEnemy=0 foeEnt=- foeCls=- foeTm=- org=-4656,-328,616 dist=-1 see=0 tdis=salute tidl=idle alrm=0 supp=0
[2026-08-22 20:47:23 UTC-6.000] ^~^~^ PRB actor.snap t=20 n=101 ent=192 tn=- tm=american hp=100  aiDis=1 noIdle=1 tbias=0 scene=1 surr=0 conv=0 role=- persSet=0 hpReal=-1 stopPain=1 noLongPain=1 hpMax=100 wp=mauser kar 98k wg=rifle pos=stand atk=turret hasEnemy=0 foeEnt=- foeCls=- foeTm=- org=0,0,0 dist=-1 see=0 tdis=salute tidl=anim alrm=0 supp=0
[2026-08-22 20:47:23 UTC-6.000] ^~^~^ PRB actor.snap t=20 n=102 ent=193 tn=- tm=american hp=100  aiDis=1 noIdle=1 tbias=0 scene=1 surr=0 conv=0 role=- persSet=0 hpReal=-1 stopPain=1 noLongPain=1 hpMax=100 wp=colt 45 wg=pistol pos=stand atk=turret hasEnemy=0 foeEnt=- foeCls=- foeTm=- org=0,0,0 dist=-1 see=0 tdis=salute tidl=anim alrm=0 supp=0
[2026-08-22 20:47:23 UTC-6.000] ^~^~^ PRB census.total t=20 actors=24 surrendered=0 aiDisabled=15 engaging=0 canSeePlayer=0
[2026-08-22 20:47:23 UTC-6.000] ^~^~^ BPMGR psize=0 count=1 map=m1l1
[2026-08-22 20:47:23 UTC-6.000] ^~^~^ SQUAD clusters=7 engaged=0 alerts=0 search=0 bound=0
[2026-08-22 20:47:25 UTC-6.000] ^~^~^ MANEUVER attackState=0 candidates=0 runtoIssued=0 coverThink=0
[2026-08-22 20:47:25 UTC-6.000] ^~^~^ SQUAD clusters=7 engaged=0 alerts=0 search=0 bound=0
[2026-08-22 20:47:26 UTC-6.000] ^~^~^ SQUAD clusters=7 engaged=0 alerts=0 search=0 bound=0
[2026-08-22 20:47:27 UTC-6.000] ^~^~^ MANEUVER attackState=0 candidates=0 runtoIssued=0 coverThink=0
[2026-08-22 20:47:27 UTC-6.000] ^~^~^ AIBEHAV alive=18 engaging=0 moving=0 staticCombat=0 flanked=0 | aggr=2 cover=1 flank=0 prone=1 none=14
[2026-08-22 20:47:27 UTC-6.000] ^~^~^ AIBEHAV2 window=8s engagedMoved=0 repositioned=0 totalDist=0 avgDist=0
[2026-08-22 20:47:27 UTC-6.000] ^~^~^ BPMGR psize=0 count=1 map=m1l1
[2026-08-22 20:47:28 UTC-6.000] ^~^~^ SQUAD clusters=7 engaged=0 alerts=0 search=0 bound=0
[2026-08-22 20:47:28 UTC-6.000] ^~^~^ PERS actor= type=turret hasAlarm=0
[2026-08-22 20:47:29 UTC-6.000] ^~^~^ MANEUVER attackState=0 candidates=0 runtoIssued=0 coverThink=0
[2026-08-22 20:47:30 UTC-6.000] ^~^~^ SQUAD clusters=7 engaged=0 alerts=0 search=0 bound=0
[2026-08-22 20:47:31 UTC-6.000] ^~^~^ MANEUVER attackState=0 candidates=0 runtoIssued=0 coverThink=0
[2026-08-22 20:47:31 UTC-6.000] ^~^~^ AIBEHAV alive=18 engaging=0 moving=0 staticCombat=0 flanked=0 | aggr=2 cover=2 flank=0 prone=0 none=14
[2026-08-22 20:47:31 UTC-6.000] ^~^~^ BPMGR psize=0 count=1 map=m1l1
[2026-08-22 20:47:32 UTC-6.000] ^~^~^ SQUAD clusters=7 engaged=0 alerts=0 search=0 bound=0
[2026-08-22 20:47:33 UTC-6.000] ^~^~^ MANEUVER attackState=0 candidates=0 runtoIssued=0 coverThink=0
[2026-08-22 20:47:33 UTC-6.000] ^~^~^ PRB actor.snap t=30 n=103 ent=9 tn=barrel_guy tm=german hp=1000  aiDis=0 noIdle=0 tbias=-6969 scene=0 surr=0 conv=0 role=- persSet=0 hpReal=80 stopPain=0 noLongPain=0 hpMax=1000 wp=mauser kar 98k wg=rifle pos=stand atk=turret hasEnemy=0 foeEnt=- foeCls=- foeTm=- org=-3788,-454,373 dist=-1 see=0 tdis=salute tidl=anim alrm=0 supp=0
[2026-08-22 20:47:33 UTC-6.000] ^~^~^ PRB actor.snap t=30 n=104 ent=27 tn=intro_bazooka tm=german hp=1000  aiDis=1 noIdle=0 tbias=0 scene=0 surr=0 conv=0 role=- persSet=0 hpReal=30 stopPain=0 noLongPain=0 hpMax=1000 wp=panzerschreck wg=bazooka pos=stand atk=turret hasEnemy=0 foeEnt=- foeCls=- foeTm=- org=-2008,-2906,256 dist=-1 see=0 tdis=salute tidl=idle alrm=0 supp=0
[2026-08-22 20:47:33 UTC-6.000] ^~^~^ PRB actor.snap t=30 n=105 ent=28 tn=intro_papers tm=german hp=1000  aiDis=1 noIdle=0 tbias=0 scene=0 surr=0 conv=0 role=- persSet=0 hpReal=100 stopPain=0 noLongPain=0 hpMax=1000 wp=- wg=unarmed pos=stand atk=turret hasEnemy=0 foeEnt=- foeCls=- foeTm=- org=-1998,-3656,34 dist=-1 see=0 tdis=salute tidl=idle alrm=0 supp=0
[2026-08-22 20:47:33 UTC-6.000] ^~^~^ PRB actor.snap t=30 n=106 ent=29 tn=walkerM tm=german hp=1000  aiDis=1 noIdle=0 tbias=0 scene=0 surr=0 conv=0 role=- persSet=0 hpReal=100 stopPain=0 noLongPain=0 hpMax=1000 wp=walther p38 wg=pistol pos=stand atk=turret hasEnemy=0 foeEnt=- foeCls=- foeTm=- org=2894,108,927 dist=-1 see=0 tdis=salute tidl=runner alrm=0 supp=0
[2026-08-22 20:47:33 UTC-6.000] ^~^~^ PRB actor.snap t=30 n=107 ent=31 tn=- tm=german hp=1000  aiDis=0 noIdle=0 tbias=0 scene=0 surr=0 conv=0 role=cover persSet=1 hpReal=80 stopPain=0 noLongPain=0 hpMax=1000 wp=mauser kar 98k wg=rifle pos=crouch atk=cover hasEnemy=0 foeEnt=- foeCls=- foeTm=- org=-3873,-2298,157 dist=-1 see=0 tdis=salute tidl=idle alrm=0 supp=0
[2026-08-22 20:47:33 UTC-6.000] ^~^~^ PRB actor.snap t=30 n=108 ent=36 tn=mg42guy tm=german hp=1000  aiDis=1 noIdle=0 tbias=-6969 scene=0 surr=0 conv=0 role=- persSet=0 hpReal=40 stopPain=0 noLongPain=0 hpMax=1000 wp=- wg=unarmed pos=stand atk=machinegunner hasEnemy=0 foeEnt=- foeCls=- foeTm=- org=-6272,2177,640 dist=-1 see=0 tdis=machinegunner tidl=machinegunner alrm=0 supp=0
[2026-08-22 20:47:33 UTC-6.000] ^~^~^ PRB actor.snap t=30 n=109 ent=39 tn=friendly tm=american hp=100  aiDis=1 noIdle=0 tbias=0 scene=0 surr=0 conv=0 role=- persSet=0 hpReal=-1 stopPain=1 noLongPain=1 hpMax=100 wp=thompson wg=thompson pos=stand atk=turret hasEnemy=0 foeEnt=- foeCls=- foeTm=- org=2296,3784,1408 dist=-1 see=0 tdis=salute tidl=idle alrm=0 supp=0
[2026-08-22 20:47:33 UTC-6.000] ^~^~^ PRB actor.snap t=30 n=110 ent=40 tn=friendly tm=american hp=100  aiDis=1 noIdle=0 tbias=0 scene=0 surr=0 conv=0 role=- persSet=0 hpReal=-1 stopPain=1 noLongPain=1 hpMax=100 wp=m1 garand wg=rifle pos=stand atk=turret hasEnemy=0 foeEnt=- foeCls=- foeTm=- org=2232,3848,1408 dist=-1 see=0 tdis=salute tidl=idle alrm=0 supp=0
[2026-08-22 20:47:33 UTC-6.000] ^~^~^ PRB actor.snap t=30 n=111 ent=64 tn=- tm=german hp=1000  aiDis=0 noIdle=0 tbias=0 scene=0 surr=0 conv=0 role=aggr persSet=1 hpReal=100 stopPain=0 noLongPain=0 hpMax=1000 wp=mauser kar 98k wg=rifle pos=crouch atk=cover hasEnemy=0 foeEnt=- foeCls=- foeTm=- org=-6333,1496,432 dist=-1 see=0 tdis=salute tidl=idle alrm=0 supp=0
[2026-08-22 20:47:33 UTC-6.000] ^~^~^ PRB actor.snap t=30 n=112 ent=103 tn=friendly tm=american hp=100  aiDis=1 noIdle=0 tbias=0 scene=0 surr=0 conv=0 role=- persSet=0 hpReal=-1 stopPain=1 noLongPain=1 hpMax=100 wp=m1 garand wg=rifle pos=stand atk=turret hasEnemy=0 foeEnt=- foeCls=- foeTm=- org=2296,3848,1408 dist=-1 see=0 tdis=salute tidl=idle alrm=0 supp=0
[2026-08-22 20:47:33 UTC-6.000] ^~^~^ PRB actor.snap t=30 n=113 ent=104 tn=friendly tm=american hp=100  aiDis=1 noIdle=0 tbias=0 scene=0 surr=0 conv=0 role=- persSet=0 hpReal=-1 stopPain=1 noLongPain=1 hpMax=100 wp=m1 garand wg=rifle pos=stand atk=turret hasEnemy=0 foeEnt=- foeCls=- foeTm=- org=2232,3784,1408 dist=-1 see=0 tdis=salute tidl=idle alrm=0 supp=0
[2026-08-22 20:47:33 UTC-6.000] ^~^~^ PRB actor.snap t=30 n=114 ent=110 tn=barrel_guy tm=german hp=1000  aiDis=0 noIdle=0 tbias=-6969 scene=0 surr=0 conv=0 role=- persSet=0 hpReal=80 stopPain=0 noLongPain=0 hpMax=1000 wp=mauser kar 98k wg=rifle pos=stand atk=turret hasEnemy=0 foeEnt=- foeCls=- foeTm=- org=-3860,-532,370 dist=-1 see=0 tdis=salute tidl=anim alrm=0 supp=0
[2026-08-22 20:47:33 UTC-6.000] ^~^~^ PRB actor.snap t=30 n=115 ent=112 tn=- tm=german hp=1000  aiDis=0 noIdle=0 tbias=0 scene=0 surr=0 conv=0 role=cover persSet=1 hpReal=80 stopPain=0 noLongPain=0 hpMax=1000 wp=mauser kar 98k wg=rifle pos=crouch atk=cover hasEnemy=0 foeEnt=- foeCls=- foeTm=- org=-4333,-1040,401 dist=-1 see=0 tdis=salute tidl=anim alrm=0 supp=0
[2026-08-22 20:47:33 UTC-6.000] ^~^~^ PRB actor.snap t=30 n=116 ent=113 tn=- tm=german hp=1000  aiDis=0 noIdle=0 tbias=0 scene=0 surr=0 conv=0 role=aggr persSet=1 hpReal=80 stopPain=0 noLongPain=0 hpMax=1000 wp=mauser kar 98k wg=rifle pos=stand atk=turret hasEnemy=0 foeEnt=- foeCls=- foeTm=- org=-3576,-1456,317 dist=-1 see=0 tdis=salute tidl=idle alrm=0 supp=0
[2026-08-22 20:47:33 UTC-6.000] ^~^~^ PRB actor.snap t=30 n=117 ent=114 tn=bazooka_wall tm=german hp=1000  aiDis=0 noIdle=0 tbias=-6969 scene=0 surr=0 conv=0 role=- persSet=0 hpReal=160 stopPain=0 noLongPain=0 hpMax=1000 wp=panzerschreck wg=bazooka pos=stand atk=balcony_attack hasEnemy=0 foeEnt=- foeCls=- foeTm=- org=-3408,-280,608 dist=-1 see=0 tdis=salute tidl=idle alrm=0 supp=0
[2026-08-22 20:47:33 UTC-6.000] ^~^~^ PRB actor.snap t=30 n=118 ent=116 tn=coop_mgnest1_gunner tm=german hp=1000  aiDis=0 noIdle=0 tbias=0 scene=0 surr=0 conv=0 role=- persSet=0 hpReal=5 stopPain=0 noLongPain=0 hpMax=1000 wp=- wg=unarmed pos=stand atk=machinegunner hasEnemy=0 foeEnt=- foeCls=- foeTm=- org=-4201,583,435 dist=-1 see=0 tdis=machinegunner tidl=machinegunner alrm=0 supp=0
[2026-08-22 20:47:33 UTC-6.000] ^~^~^ PRB actor.snap t=30 n=119 ent=119 tn=walkerRB tm=german hp=1000  aiDis=1 noIdle=0 tbias=0 scene=0 surr=0 conv=0 role=- persSet=0 hpReal=100 stopPain=0 noLongPain=0 hpMax=1000 wp=mauser kar 98k wg=rifle pos=stand atk=turret hasEnemy=0 foeEnt=- foeCls=- foeTm=- org=2837,-3,915 dist=-1 see=0 tdis=salute tidl=runner alrm=0 supp=0
[2026-08-22 20:47:33 UTC-6.000] ^~^~^ PRB actor.snap t=30 n=120 ent=120 tn=walkerRF tm=german hp=1000  aiDis=1 noIdle=0 tbias=0 scene=0 surr=0 conv=0 role=- persSet=0 hpReal=100 stopPain=0 noLongPain=0 hpMax=1000 wp=mauser kar 98k wg=rifle pos=stand atk=turret hasEnemy=0 foeEnt=- foeCls=- foeTm=- org=2876,43,922 dist=-1 see=0 tdis=salute tidl=runner alrm=0 supp=0
[2026-08-22 20:47:33 UTC-6.000] ^~^~^ PRB actor.snap t=30 n=121 ent=121 tn=walkerLF tm=german hp=1000  aiDis=1 noIdle=0 tbias=0 scene=0 surr=0 conv=0 role=- persSet=0 hpReal=100 stopPain=0 noLongPain=0 hpMax=1000 wp=mauser kar 98k wg=rifle pos=stand atk=turret hasEnemy=0 foeEnt=- foeCls=- foeTm=- org=2835,85,922 dist=-1 see=0 tdis=salute tidl=runner alrm=0 supp=0
[2026-08-22 20:47:33 UTC-6.000] ^~^~^ PRB actor.snap t=30 n=122 ent=122 tn=walkerLB tm=german hp=1000  aiDis=1 noIdle=0 tbias=0 scene=0 surr=0 conv=0 role=- persSet=0 hpReal=100 stopPain=0 noLongPain=0 hpMax=1000 wp=mauser kar 98k wg=rifle pos=stand atk=turret hasEnemy=0 foeEnt=- foeCls=- foeTm=- org=2798,42,-127 dist=-1 see=0 tdis=salute tidl=runner alrm=0 supp=0
[2026-08-22 20:47:33 UTC-6.000] ^~^~^ PRB actor.snap t=30 n=123 ent=134 tn=intro_papers2 tm=german hp=1000  aiDis=1 noIdle=0 tbias=0 scene=0 surr=0 conv=0 role=- persSet=0 hpReal=100 stopPain=0 noLongPain=0 hpMax=1000 wp=- wg=unarmed pos=stand atk=turret hasEnemy=0 foeEnt=- foeCls=- foeTm=- org=-2386,-3102,53 dist=-1 see=0 tdis=salute tidl=idle alrm=0 supp=0
[2026-08-22 20:47:33 UTC-6.000] ^~^~^ PRB actor.snap t=30 n=124 ent=170 tn=bazooka_wall tm=german hp=1000  aiDis=0 noIdle=0 tbias=-6969 scene=0 surr=0 conv=0 role=- persSet=0 hpReal=160 stopPain=0 noLongPain=0 hpMax=1000 wp=panzerschreck wg=bazooka pos=stand atk=balcony_attack hasEnemy=0 foeEnt=- foeCls=- foeTm=- org=-4656,-328,616 dist=-1 see=0 tdis=salute tidl=idle alrm=0 supp=0
[2026-08-22 20:47:33 UTC-6.000] ^~^~^ PRB actor.snap t=30 n=125 ent=192 tn=- tm=american hp=100  aiDis=1 noIdle=1 tbias=0 scene=1 surr=0 conv=0 role=- persSet=0 hpReal=-1 stopPain=1 noLongPain=1 hpMax=100 wp=mauser kar 98k wg=rifle pos=stand atk=turret hasEnemy=0 foeEnt=- foeCls=- foeTm=- org=0,0,0 dist=-1 see=0 tdis=salute tidl=anim alrm=0 supp=0
[2026-08-22 20:47:33 UTC-6.000] ^~^~^ PRB actor.snap t=30 n=126 ent=193 tn=- tm=american hp=100  aiDis=1 noIdle=1 tbias=0 scene=1 surr=0 conv=0 role=- persSet=0 hpReal=-1 stopPain=1 noLongPain=1 hpMax=100 wp=colt 45 wg=pistol pos=stand atk=turret hasEnemy=0 foeEnt=- foeCls=- foeTm=- org=0,0,0 dist=-1 see=0 tdis=salute tidl=anim alrm=0 supp=0
[2026-08-22 20:47:33 UTC-6.000] ^~^~^ PRB census.total t=30 actors=24 surrendered=0 aiDisabled=15 engaging=0 canSeePlayer=0
[2026-08-22 20:47:33 UTC-6.000] ^~^~^ AIBEHAV3 prone=0 crouch=0 crate=0 crateblind=0 runfire=0 hitreact=0 dropgun=0 crawldeath=0 corner=0 cornernade=0 cornerdeath=0 fear=0 surrender=0 martyr=0 variant=3 g43=0 convert=0
[2026-08-22 20:47:33 UTC-6.000] ^~^~^ SQUAD clusters=7 engaged=0 alerts=0 search=0 bound=0
[2026-08-22 20:47:35 UTC-6.000] ^~^~^ MANEUVER attackState=0 candidates=0 runtoIssued=0 coverThink=0
[2026-08-22 20:47:35 UTC-6.000] ^~^~^ AIBEHAV alive=18 engaging=0 moving=0 staticCombat=0 flanked=0 | aggr=2 cover=2 flank=0 prone=0 none=14
[2026-08-22 20:47:35 UTC-6.000] ^~^~^ AIBEHAV2 window=8s engagedMoved=0 repositioned=0 totalDist=0 avgDist=0
[2026-08-22 20:47:35 UTC-6.000] ^~^~^ BPMGR psize=0 count=1 map=m1l1
[2026-08-22 20:47:35 UTC-6.000] ^~^~^ SQUAD clusters=7 engaged=0 alerts=0 search=0 bound=0
[2026-08-22 20:47:37 UTC-6.000] ^~^~^ MANEUVER attackState=0 candidates=0 runtoIssued=0 coverThink=0
[2026-08-22 20:47:37 UTC-6.000] ^~^~^ SQUAD clusters=7 engaged=0 alerts=0 search=0 bound=0
[2026-08-22 20:47:37 UTC-6.000] Going from CS_PRIMED to CS_ACTIVE for Player1
[2026-08-22 20:47:37 UTC-6.000] {#0 | 127.0.0.1:12400} Player1 has entered the battle
[2026-08-22 20:47:37 UTC-6.000] HaZardModding Coop Mod is waiting for you to spawn.
[2026-08-22 20:47:37 UTC-6.000] {#0 | 127.0.0.1:12400} Player1 ,0203 has changed name (old name was 'Player1')
[2026-08-22 20:47:37 UTC-6.000] ^~^~^ NAMECMD: dispatch index 0 data '203'
[2026-08-22 20:47:37 UTC-6.000] {#0 | 127.0.0.1:12400} Player1 has changed name (old name was 'Player1 ,0203')
[2026-08-22 20:47:38 UTC-6.000] Detected Coop for Player1 within :6 frames
[2026-08-22 20:47:38 UTC-6.000] -
[2026-08-22 20:47:38 UTC-6.000] ==-----m1l1
[2026-08-22 20:47:38 UTC-6.000] ==-----------------PLAYERS
[2026-08-22 20:47:38 UTC-6.000] Player1 E:0 H:100 T:spectator O:-2504 -4096 185
[2026-08-22 20:47:38 UTC-6.000] ==-----------------OBJECTIVES
[2026-08-22 20:47:38 UTC-6.000] -
[2026-08-22 20:47:38 UTC-6.000] ==---------end of MISSION Status
[2026-08-22 20:47:38 UTC-6.000] ^~^~^ SVFRAME worst=38ms mean=25ms over=1/40 budget=25ms
[2026-08-22 20:47:38 UTC-6.000] ^~^~^ SQUAD clusters=7 engaged=0 alerts=0 search=0 bound=0
[2026-08-22 20:47:39 UTC-6.000] ^~^~^ MANEUVER attackState=0 candidates=0 runtoIssued=0 coverThink=0
[2026-08-22 20:47:39 UTC-6.000] ^~^~^ AIBEHAV alive=18 engaging=0 moving=0 staticCombat=0 flanked=0 | aggr=2 cover=2 flank=0 prone=0 none=14
[2026-08-22 20:47:39 UTC-6.000] ^~^~^ BPMGR psize=1 count=1 map=m1l1 [e0 act=-1 found1=0 slot1=0]
[2026-08-22 20:47:40 UTC-6.000] ^~^~^ SQUAD clusters=7 engaged=0 alerts=0 search=0 bound=0
[2026-08-22 20:47:41 UTC-6.000] ^~^~^ MANEUVER attackState=0 candidates=0 runtoIssued=0 coverThink=0
[2026-08-22 20:47:41 UTC-6.000] No valid weapons -- re-allowing the rifle
[2026-08-22 20:47:41 UTC-6.000] {#0 | 127.0.0.1:12400} Player1 has joined the Allies
[2026-08-22 20:47:41 UTC-6.000] No active weapon in slot #: "0"
[2026-08-22 20:47:41 UTC-6.000] ^~^~^ KITSPAWN player=Player1 ents=4
[2026-08-22 20:47:41 UTC-6.000] ^~^~^ REISSUE called player=Player1 n=-1
[2026-08-22 20:47:41 UTC-6.000] ^~^~^ PROFCHAN enter e0 cvar=0
[2026-08-22 20:47:41 UTC-6.000] ^~^~^ SPAWNDISG Player1 eng_has=0 eng_is=0 modHas=(NIL) modPapers=(NIL) itemPapers=(NIL) enableDisg=(NIL) uniOnSpawn=(NIL) noWeapon=0 gun=(none)
[2026-08-22 20:47:41 UTC-6.000] ^~^~^ LOADOUT seeded defaults for e0 (garand slot1 + colt45 slot3, via commit path)
[2026-08-22 20:47:41 UTC-6.000] No active weapon in slot #: "0"
[2026-08-22 20:47:41 UTC-6.000] ^~^~^ KITGIVE player=Player1 ents=4
[2026-08-22 20:47:41 UTC-6.000] coop_mod/replace.scr::waitForPlayer DONE
[2026-08-22 20:47:41 UTC-6.000] Player::SurfaceCommand : group us_helmet not found.
[2026-08-22 20:47:41 UTC-6.000] Player::SurfaceCommand : group us_helmet_inside not found.
[2026-08-22 20:47:41 UTC-6.000] Player::SurfaceCommand : group bob_helmet_camo not found.
[2026-08-22 20:47:41 UTC-6.000] Player::SurfaceCommand : group helmet_mk2a not found.
[2026-08-22 20:47:41 UTC-6.000] Player::SurfaceCommand : group britberet not found.
[2026-08-22 20:47:41 UTC-6.000] Player::SurfaceCommand : group brit_beret not found.
[2026-08-22 20:47:41 UTC-6.000] Player::SurfaceCommand : group officer_hat not found.
[2026-08-22 20:47:41 UTC-6.000] Player::SurfaceCommand : group creasecap not found.
[2026-08-22 20:47:41 UTC-6.000] Player::SurfaceCommand : group AL_Brit_CMDHAT not found.
[2026-08-22 20:47:41 UTC-6.000] Player::SurfaceCommand : group BritTankHat not found.
[2026-08-22 20:47:41 UTC-6.000] Player::SurfaceCommand : group woolcap not found.
[2026-08-22 20:47:41 UTC-6.000] Player::SurfaceCommand : group offcap2 not found.
[2026-08-22 20:47:41 UTC-6.000] Player::SurfaceCommand : group lambert8 not found.
[2026-08-22 20:47:41 UTC-6.000] Player::SurfaceCommand : group britparamask not found.
[2026-08-22 20:47:41 UTC-6.000] Player::SurfaceCommand : group beret not found.
[2026-08-22 20:47:41 UTC-6.000] Player::SurfaceCommand : group goggles not found.
[2026-08-22 20:47:41 UTC-6.000] Player::SurfaceCommand : group al_us_mask not found.
[2026-08-22 20:47:41 UTC-6.000] Player::SurfaceCommand : group al_us_maskhead not found.
[2026-08-22 20:47:41 UTC-6.000] Player::SurfaceCommand : group ax_ital_infhat not found.
[2026-08-22 20:47:41 UTC-6.000] Player::SurfaceCommand : group ax_ital_volhat not found.
[2026-08-22 20:47:41 UTC-6.000] Player::SurfaceCommand : group camocover not found.
[2026-08-22 20:47:41 UTC-6.000] Player::SurfaceCommand : group crusher not found.
[2026-08-22 20:47:41 UTC-6.000] Player::SurfaceCommand : group gasmask not found.
[2026-08-22 20:47:41 UTC-6.000] Player::SurfaceCommand : group german_beret not found.
[2026-08-22 20:47:41 UTC-6.000] Player::SurfaceCommand : group helmet not found.
[2026-08-22 20:47:41 UTC-6.000] Player::SurfaceCommand : group officercap not found.
[2026-08-22 20:47:41 UTC-6.000] Player::SurfaceCommand : group officerhat not found.
[2026-08-22 20:47:41 UTC-6.000] Player::SurfaceCommand : group ssncocap not found.
[2026-08-22 20:47:41 UTC-6.000] Player::SurfaceCommand : group hat not found.
[2026-08-22 20:47:41 UTC-6.000] Player::SurfaceCommand : group frames not found.
[2026-08-22 20:47:41 UTC-6.000] Player::SurfaceCommand : group glass not found.
[2026-08-22 20:47:41 UTC-6.000] Player::SurfaceCommand : group Af_P_Glasses not found.
[2026-08-22 20:47:41 UTC-6.000] Player::SurfaceCommand : group Af_P_Lens not found.
[2026-08-22 20:47:41 UTC-6.000] WARNING- DOWNGRADING TO OLD ANIMATION FORMAT FOR FILE: models/coop_helmets/us_helmetfit.skc
[2026-08-22 20:47:41 UTC-6.000] ^~^~^ Add the following line to the *_precache.scr map script:
[2026-08-22 20:47:41 UTC-6.000] cache models/coop_helmets/coop_std_ushelmet.tik
[2026-08-22 20:47:41 UTC-6.000] ^~^~^ KITBACKFILL skip player=Player1 kit fully present
[2026-08-22 20:47:41 UTC-6.000] {#0 | 127.0.0.1:12400} Player1 ,w101 has changed name (old name was 'Player1')
[2026-08-22 20:47:41 UTC-6.000] ^~^~^ NAMECMD: dispatch index 42 data '01'
[2026-08-22 20:47:41 UTC-6.000] {#0 | 127.0.0.1:12400} Player1 has changed name (old name was 'Player1 ,w101')
[2026-08-22 20:47:42 UTC-6.000] ^~^~^ SQUAD clusters=7 engaged=0 alerts=0 search=0 bound=0
[2026-08-22 20:47:42 UTC-6.000] ^~^~^ BP RESTORED id=D6B7BCD046A8B845C52F9093ABFB46A5 rows=3
[2026-08-22 20:47:42 UTC-6.000] ^~^~^ Add the following line to the *_precache.scr map script:
[2026-08-22 20:47:42 UTC-6.000] cache models/animate/pulse_stg44plans.tik
[2026-08-22 20:47:42 UTC-6.000] ^~^~^ BP spawned 1 for entnum 0 at ( -4695.417 1188.128 460.657 )
[2026-08-22 20:47:42 UTC-6.000] ^~^~^ BP think started n=1
[2026-08-22 20:47:42 UTC-6.000] ^~^~^ BP LOOP live n=1
[2026-08-22 20:47:43 UTC-6.000] ^~^~^ MANEUVER attackState=0 candidates=0 runtoIssued=0 coverThink=0
[2026-08-22 20:47:43 UTC-6.000] ^~^~^ AIBEHAV alive=18 engaging=0 moving=0 staticCombat=0 flanked=0 | aggr=2 cover=2 flank=0 prone=0 none=14
[2026-08-22 20:47:43 UTC-6.000] ^~^~^ AIBEHAV2 window=8s engagedMoved=0 repositioned=0 totalDist=0 avgDist=0
[2026-08-22 20:47:43 UTC-6.000] ^~^~^ PRB actor.snap t=40 n=127 ent=9 tn=barrel_guy tm=german hp=1000  aiDis=0 noIdle=0 tbias=-6969 scene=0 surr=0 conv=0 role=- persSet=0 hpReal=80 stopPain=0 noLongPain=0 hpMax=1000 wp=mauser kar 98k wg=rifle pos=crouch atk=turret hasEnemy=0 foeEnt=- foeCls=- foeTm=- org=-3788,-454,371 dist=3874 see=0 tdis=salute tidl=idle alrm=0 supp=0
[2026-08-22 20:47:43 UTC-6.000] ^~^~^ PRB actor.snap t=40 n=128 ent=27 tn=intro_bazooka tm=german hp=1000  aiDis=1 noIdle=0 tbias=0 scene=0 surr=0 conv=0 role=- persSet=0 hpReal=30 stopPain=0 noLongPain=0 hpMax=1000 wp=panzerschreck wg=bazooka pos=stand atk=turret hasEnemy=0 foeEnt=- foeCls=- foeTm=- org=-2008,-2906,256 dist=1303 see=1 tdis=salute tidl=idle alrm=0 supp=0
[2026-08-22 20:47:43 UTC-6.000] ^~^~^ PRB actor.snap t=40 n=129 ent=28 tn=intro_papers tm=german hp=1000  aiDis=1 noIdle=0 tbias=0 scene=0 surr=0 conv=0 role=- persSet=0 hpReal=100 stopPain=0 noLongPain=0 hpMax=1000 wp=- wg=unarmed pos=stand atk=turret hasEnemy=0 foeEnt=- foeCls=- foeTm=- org=-1998,-3654,33 dist=672 see=1 tdis=salute tidl=idle alrm=0 supp=0
[2026-08-22 20:47:43 UTC-6.000] ^~^~^ PRB actor.snap t=40 n=130 ent=29 tn=walkerM tm=german hp=1000  aiDis=1 noIdle=0 tbias=0 scene=0 surr=0 conv=0 role=- persSet=0 hpReal=100 stopPain=0 noLongPain=0 hpMax=1000 wp=walther p38 wg=pistol pos=stand atk=turret hasEnemy=0 foeEnt=- foeCls=- foeTm=- org=2894,108,927 dist=6896 see=0 tdis=salute tidl=runner alrm=0 supp=0
[2026-08-22 20:47:43 UTC-6.000] ^~^~^ PRB actor.snap t=40 n=131 ent=31 tn=- tm=german hp=1000  aiDis=0 noIdle=0 tbias=0 scene=0 surr=0 conv=0 role=cover persSet=1 hpReal=80 stopPain=0 noLongPain=0 hpMax=1000 wp=mauser kar 98k wg=rifle pos=crouch atk=cover hasEnemy=0 foeEnt=- foeCls=- foeTm=- org=-3873,-2298,157 dist=2262 see=0 tdis=salute tidl=idle alrm=0 supp=0
[2026-08-22 20:47:43 UTC-6.000] ^~^~^ PRB actor.snap t=40 n=132 ent=36 tn=mg42guy tm=german hp=1000  aiDis=1 noIdle=0 tbias=-6969 scene=0 surr=0 conv=0 role=- persSet=0 hpReal=40 stopPain=0 noLongPain=0 hpMax=1000 wp=- wg=unarmed pos=stand atk=machinegunner hasEnemy=0 foeEnt=- foeCls=- foeTm=- org=-6272,2177,640 dist=7340 see=0 tdis=machinegunner tidl=machinegunner alrm=0 supp=0
[2026-08-22 20:47:43 UTC-6.000] ^~^~^ PRB actor.snap t=40 n=133 ent=39 tn=friendly tm=american hp=100  aiDis=1 noIdle=0 tbias=0 scene=0 surr=0 conv=0 role=- persSet=0 hpReal=-1 stopPain=1 noLongPain=1 hpMax=100 wp=thompson wg=thompson pos=stand atk=turret hasEnemy=0 foeEnt=- foeCls=- foeTm=- org=2296,3784,1408 dist=9324 see=0 tdis=salute tidl=idle alrm=0 supp=0
[2026-08-22 20:47:43 UTC-6.000] ^~^~^ PRB actor.snap t=40 n=134 ent=40 tn=friendly tm=american hp=100  aiDis=1 noIdle=0 tbias=0 scene=0 surr=0 conv=0 role=- persSet=0 hpReal=-1 stopPain=1 noLongPain=1 hpMax=100 wp=m1 garand wg=rifle pos=stand atk=turret hasEnemy=0 foeEnt=- foeCls=- foeTm=- org=2232,3848,1408 dist=9346 see=0 tdis=salute tidl=idle alrm=0 supp=0
[2026-08-22 20:47:43 UTC-6.000] ^~^~^ PRB actor.snap t=40 n=135 ent=64 tn=- tm=german hp=1000  aiDis=0 noIdle=0 tbias=0 scene=0 surr=0 conv=0 role=aggr persSet=1 hpReal=100 stopPain=0 noLongPain=0 hpMax=1000 wp=mauser kar 98k wg=rifle pos=crouch atk=cover hasEnemy=0 foeEnt=- foeCls=- foeTm=- org=-6333,1496,432 dist=6788 see=0 tdis=salute tidl=idle alrm=0 supp=0
[2026-08-22 20:47:43 UTC-6.000] ^~^~^ PRB actor.snap t=40 n=136 ent=103 tn=friendly tm=american hp=100  aiDis=1 noIdle=0 tbias=0 scene=0 surr=0 conv=0 role=- persSet=0 hpReal=-1 stopPain=1 noLongPain=1 hpMax=100 wp=m1 garand wg=rifle pos=stand atk=turret hasEnemy=0 foeEnt=- foeCls=- foeTm=- org=2296,3848,1408 dist=9378 see=0 tdis=salute tidl=idle alrm=0 supp=0
[2026-08-22 20:47:43 UTC-6.000] ^~^~^ PRB actor.snap t=40 n=137 ent=104 tn=friendly tm=american hp=100  aiDis=1 noIdle=0 tbias=0 scene=0 surr=0 conv=0 role=- persSet=0 hpReal=-1 stopPain=1 noLongPain=1 hpMax=100 wp=m1 garand wg=rifle pos=stand atk=turret hasEnemy=0 foeEnt=- foeCls=- foeTm=- org=2232,3784,1408 dist=9291 see=0 tdis=salute tidl=idle alrm=0 supp=0
[2026-08-22 20:47:43 UTC-6.000] ^~^~^ PRB actor.snap t=40 n=138 ent=110 tn=barrel_guy tm=german hp=1000  aiDis=0 noIdle=0 tbias=-6969 scene=0 surr=0 conv=0 role=- persSet=0 hpReal=80 stopPain=0 noLongPain=0 hpMax=1000 wp=mauser kar 98k wg=rifle pos=crouch atk=turret hasEnemy=0 foeEnt=- foeCls=- foeTm=- org=-3860,-532,369 dist=3825 see=0 tdis=salute tidl=idle alrm=0 supp=0
[2026-08-22 20:47:43 UTC-6.000] ^~^~^ PRB actor.snap t=40 n=139 ent=112 tn=- tm=german hp=1000  aiDis=0 noIdle=0 tbias=0 scene=0 surr=0 conv=0 role=cover persSet=1 hpReal=80 stopPain=0 noLongPain=0 hpMax=1000 wp=mauser kar 98k wg=rifle pos=crouch atk=cover hasEnemy=0 foeEnt=- foeCls=- foeTm=- org=-4336,-1039,401 dist=3579 see=0 tdis=salute tidl=idle alrm=0 supp=0
[2026-08-22 20:47:43 UTC-6.000] ^~^~^ PRB actor.snap t=40 n=140 ent=113 tn=- tm=german hp=1000  aiDis=0 noIdle=0 tbias=0 scene=0 surr=0 conv=0 role=aggr persSet=1 hpReal=80 stopPain=0 noLongPain=0 hpMax=1000 wp=mauser kar 98k wg=rifle pos=stand atk=turret hasEnemy=0 foeEnt=- foeCls=- foeTm=- org=-3576,-1456,313 dist=2860 see=1 tdis=salute tidl=idle alrm=0 supp=0
[2026-08-22 20:47:43 UTC-6.000] ^~^~^ PRB actor.snap t=40 n=141 ent=114 tn=bazooka_wall tm=german hp=1000  aiDis=0 noIdle=0 tbias=-6969 scene=0 surr=0 conv=0 role=- persSet=0 hpReal=160 stopPain=0 noLongPain=0 hpMax=1000 wp=panzerschreck wg=bazooka pos=stand atk=balcony_attack hasEnemy=0 foeEnt=- foeCls=- foeTm=- org=-3408,-280,608 dist=3959 see=0 tdis=salute tidl=idle alrm=0 supp=0
[2026-08-22 20:47:43 UTC-6.000] ^~^~^ PRB actor.snap t=40 n=142 ent=116 tn=coop_mgnest1_gunner tm=german hp=1000  aiDis=0 noIdle=0 tbias=0 scene=0 surr=0 conv=0 role=- persSet=0 hpReal=5 stopPain=0 noLongPain=0 hpMax=1000 wp=- wg=unarmed pos=stand atk=machinegunner hasEnemy=0 foeEnt=- foeCls=- foeTm=- org=-4201,583,435 dist=4991 see=0 tdis=machinegunner tidl=machinegunner alrm=0 supp=0
[2026-08-22 20:47:43 UTC-6.000] ^~^~^ PRB actor.snap t=40 n=143 ent=119 tn=walkerRB tm=german hp=1000  aiDis=1 noIdle=0 tbias=0 scene=0 surr=0 conv=0 role=- persSet=0 hpReal=100 stopPain=0 noLongPain=0 hpMax=1000 wp=mauser kar 98k wg=rifle pos=stand atk=turret hasEnemy=0 foeEnt=- foeCls=- foeTm=- org=2837,-3,915 dist=6782 see=0 tdis=salute tidl=runner alrm=0 supp=0
[2026-08-22 20:47:43 UTC-6.000] ^~^~^ PRB actor.snap t=40 n=144 ent=120 tn=walkerRF tm=german hp=1000  aiDis=1 noIdle=0 tbias=0 scene=0 surr=0 conv=0 role=- persSet=0 hpReal=100 stopPain=0 noLongPain=0 hpMax=1000 wp=mauser kar 98k wg=rifle pos=stand atk=turret hasEnemy=0 foeEnt=- foeCls=- foeTm=- org=2876,43,922 dist=6842 see=0 tdis=salute tidl=runner alrm=0 supp=0
[2026-08-22 20:47:43 UTC-6.000] ^~^~^ PRB actor.snap t=40 n=145 ent=121 tn=walkerLF tm=german hp=1000  aiDis=1 noIdle=0 tbias=0 scene=0 surr=0 conv=0 role=- persSet=0 hpReal=100 stopPain=0 noLongPain=0 hpMax=1000 wp=mauser kar 98k wg=rifle pos=stand atk=turret hasEnemy=0 foeEnt=- foeCls=- foeTm=- org=2835,85,922 dist=6835 see=0 tdis=salute tidl=runner alrm=0 supp=0
[2026-08-22 20:47:43 UTC-6.000] ^~^~^ PRB actor.snap t=40 n=146 ent=122 tn=walkerLB tm=german hp=1000  aiDis=1 noIdle=0 tbias=0 scene=0 surr=0 conv=0 role=- persSet=0 hpReal=100 stopPain=0 noLongPain=0 hpMax=1000 wp=mauser kar 98k wg=rifle pos=stand atk=turret hasEnemy=0 foeEnt=- foeCls=- foeTm=- org=2798,42,-127 dist=6728 see=0 tdis=salute tidl=runner alrm=0 supp=0
[2026-08-22 20:47:43 UTC-6.000] ^~^~^ PRB actor.snap t=40 n=147 ent=134 tn=intro_papers2 tm=german hp=1000  aiDis=1 noIdle=0 tbias=0 scene=0 surr=0 conv=0 role=- persSet=0 hpReal=100 stopPain=0 noLongPain=0 hpMax=1000 wp=- wg=unarmed pos=stand atk=turret hasEnemy=0 foeEnt=- foeCls=- foeTm=- org=-2385,-3101,51 dist=1001 see=1 tdis=salute tidl=idle alrm=0 supp=0
[2026-08-22 20:47:43 UTC-6.000] ^~^~^ PRB actor.snap t=40 n=148 ent=170 tn=bazooka_wall tm=german hp=1000  aiDis=0 noIdle=0 tbias=-6969 scene=0 surr=0 conv=0 role=- persSet=0 hpReal=160 stopPain=0 noLongPain=0 hpMax=1000 wp=panzerschreck wg=bazooka pos=stand atk=balcony_attack hasEnemy=0 foeEnt=- foeCls=- foeTm=- org=-4656,-328,616 dist=4374 see=1 tdis=salute tidl=idle alrm=0 supp=0
[2026-08-22 20:47:43 UTC-6.000] ^~^~^ PRB actor.snap t=40 n=149 ent=192 tn=- tm=american hp=100  aiDis=1 noIdle=1 tbias=0 scene=1 surr=0 conv=0 role=- persSet=0 hpReal=-1 stopPain=1 noLongPain=1 hpMax=100 wp=mauser kar 98k wg=rifle pos=stand atk=turret hasEnemy=0 foeEnt=- foeCls=- foeTm=- org=0,0,0 dist=4801 see=0 tdis=salute tidl=anim alrm=0 supp=0
[2026-08-22 20:47:43 UTC-6.000] ^~^~^ PRB actor.snap t=40 n=150 ent=193 tn=- tm=american hp=100  aiDis=1 noIdle=1 tbias=0 scene=1 surr=0 conv=0 role=- persSet=0 hpReal=-1 stopPain=1 noLongPain=1 hpMax=100 wp=colt 45 wg=pistol pos=stand atk=turret hasEnemy=0 foeEnt=- foeCls=- foeTm=- org=0,0,0 dist=4801 see=0 tdis=salute tidl=anim alrm=0 supp=0
[2026-08-22 20:47:43 UTC-6.000] ^~^~^ PRB player.snap t=40 n=151 ent=0 tn=player tm=american hp=750  hp=750 dbno=0 active=1 wp=- tbias=-100 lvlTbias=-100 org=-2504,-4096,61 yaw=0 disg=0 busted=0 lvlAlarm=0 lvlDisg=0 glued=0 notgt=1
[2026-08-22 20:47:43 UTC-6.000] ^~^~^ PRB census.total t=40 actors=24 surrendered=0 aiDisabled=15 engaging=0 canSeePlayer=5
[2026-08-22 20:47:43 UTC-6.000] ^~^~^ BPMGR psize=1 count=1 map=m1l1 [e0 act=1 found1=0 slot1=1]
[2026-08-22 20:47:43 UTC-6.000] {#0 | 127.0.0.1:12400} Player1 ,w348 has changed name (old name was 'Player1')
[2026-08-22 20:47:43 UTC-6.000] ^~^~^ NAMECMD: dispatch index 44 data '48'
[2026-08-22 20:47:43 UTC-6.000] ******* WARNING - (coop_mod/replace.scr::playsound_wait): sound with alias 'dfr_m1l1_add01' has a length of NIL. Add it to coop_mod/sound.scr!!!
[2026-08-22 20:47:43 UTC-6.000] {#0 | 127.0.0.1:12400} Player1 has changed name (old name was 'Player1 ,w348')
[2026-08-22 20:47:43 UTC-6.000] ^~^~^ Path not found in 'Actor::MoveToPatrolCurrentNode' for (entnum 122, radnum 647, targetname 'walkerLB') from (2798.000000 42.000000 -127.875000) to (2836.000000 84.000000 922.359131)
[2026-08-22 20:47:43 UTC-6.000] Reason: couldn't find start node
[2026-08-22 20:47:43 UTC-6.000] Going from CS_PRIMED to CS_ACTIVE for Player2
[2026-08-22 20:47:43 UTC-6.000] {#1 | 127.0.0.1:12500} Player2 has entered the battle
[2026-08-22 20:47:43 UTC-6.000] ^~^~^ SQUAD clusters=7 engaged=0 alerts=0 search=0 bound=0
[2026-08-22 20:47:44 UTC-6.000] {#0 | 127.0.0.1:12400} Player1 ,w464 has changed name (old name was 'Player1')
[2026-08-22 20:47:44 UTC-6.000] ^~^~^ NAMECMD: dispatch index 45 data '64'
[2026-08-22 20:47:44 UTC-6.000] {#0 | 127.0.0.1:12400} Player1 has changed name (old name was 'Player1 ,w464')
[2026-08-22 20:47:44 UTC-6.000] {#1 | 127.0.0.1:12500} Player2 ,0203 has changed name (old name was 'Player2')
[2026-08-22 20:47:44 UTC-6.000] ^~^~^ NAMECMD: dispatch index 0 data '203'
[2026-08-22 20:47:44 UTC-6.000] ^~^~^ SVFRAME worst=26ms mean=25ms over=1/40 budget=25ms
[2026-08-22 20:47:44 UTC-6.000] {#1 | 127.0.0.1:12500} Player2 has changed name (old name was 'Player2 ,0203')
[2026-08-22 20:47:44 UTC-6.000] Detected Coop for Player2 within :20 frames
[2026-08-22 20:47:44 UTC-6.000] -
[2026-08-22 20:47:44 UTC-6.000] ==-----m1l1
[2026-08-22 20:47:44 UTC-6.000] ==-----------------PLAYERS
[2026-08-22 20:47:44 UTC-6.000] Player1 E:0 H:750 T:allies O:3818 1126 1076
[2026-08-22 20:47:44 UTC-6.000] Player2 E:1 H:100 T:spectator O:3764 1127 1099
[2026-08-22 20:47:44 UTC-6.000] ==-----------------OBJECTIVES
[2026-08-22 20:47:44 UTC-6.000] -
[2026-08-22 20:47:44 UTC-6.000] ==---------end of MISSION Status
[2026-08-22 20:47:45 UTC-6.000] ^~^~^ MANEUVER attackState=0 candidates=0 runtoIssued=0 coverThink=0
[2026-08-22 20:47:45 UTC-6.000] ^~^~^ SQUAD clusters=7 engaged=0 alerts=0 search=0 bound=0
[2026-08-22 20:47:47 UTC-6.000] ^~^~^ MANEUVER attackState=0 candidates=0 runtoIssued=0 coverThink=0
[2026-08-22 20:47:47 UTC-6.000] ^~^~^ AIBEHAV alive=16 engaging=0 moving=3 staticCombat=0 flanked=0 | aggr=2 cover=2 flank=0 prone=0 none=12
[2026-08-22 20:47:47 UTC-6.000] ^~^~^ BPMGR psize=2 count=1 map=m1l1 [e0 act=1 found1=0 slot1=1] [e1 act=-1 found1=0 slot1=0]
[2026-08-22 20:47:47 UTC-6.000] ^~^~^ SQUAD clusters=7 engaged=0 alerts=0 search=0 bound=0
[2026-08-22 20:47:47 UTC-6.000] {#1 | 127.0.0.1:12500} Player2 ,w101 has changed name (old name was 'Player2')
[2026-08-22 20:47:47 UTC-6.000] ^~^~^ NAMECMD: dispatch index 42 data '01'
[2026-08-22 20:47:47 UTC-6.000] {#1 | 127.0.0.1:12500} Player2 has changed name (old name was 'Player2 ,w101')
[2026-08-22 20:47:48 UTC-6.000] {#1 | 127.0.0.1:12500} Player2 ,w224 has changed name (old name was 'Player2')
[2026-08-22 20:47:48 UTC-6.000] ^~^~^ NAMECMD: dispatch index 43 data '24'
[2026-08-22 20:47:48 UTC-6.000] {#1 | 127.0.0.1:12500} Player2 has changed name (old name was 'Player2 ,w224')
[2026-08-22 20:47:49 UTC-6.000] ^~^~^ SQUAD clusters=7 engaged=0 alerts=0 search=0 bound=0
[2026-08-22 20:47:49 UTC-6.000] ^~^~^ MANEUVER attackState=0 candidates=0 runtoIssued=0 coverThink=0
[2026-08-22 20:47:49 UTC-6.000] {#1 | 127.0.0.1:12500} Player2 ,w348 has changed name (old name was 'Player2')
[2026-08-22 20:47:49 UTC-6.000] ^~^~^ NAMECMD: dispatch index 44 data '48'
[2026-08-22 20:47:49 UTC-6.000] {#1 | 127.0.0.1:12500} Player2 has changed name (old name was 'Player2 ,w348')
[2026-08-22 20:47:50 UTC-6.000] {#1 | 127.0.0.1:12500} Player2 ,w464 has changed name (old name was 'Player2')
[2026-08-22 20:47:50 UTC-6.000] ^~^~^ NAMECMD: dispatch index 45 data '64'
[2026-08-22 20:47:50 UTC-6.000] {#1 | 127.0.0.1:12500} Player2 has changed name (old name was 'Player2 ,w464')
[2026-08-22 20:47:50 UTC-6.000] ^~^~^ SQUAD clusters=7 engaged=0 alerts=0 search=0 bound=0
[2026-08-22 20:47:51 UTC-6.000] ^~^~^ MANEUVER attackState=0 candidates=0 runtoIssued=0 coverThink=0
[2026-08-22 20:47:51 UTC-6.000] ^~^~^ AIBEHAV alive=16 engaging=0 moving=3 staticCombat=0 flanked=0 | aggr=2 cover=2 flank=0 prone=0 none=12
[2026-08-22 20:47:51 UTC-6.000] ^~^~^ AIBEHAV2 window=8s engagedMoved=0 repositioned=0 totalDist=0 avgDist=0
[2026-08-22 20:47:51 UTC-6.000] ^~^~^ BPMGR psize=2 count=1 map=m1l1 [e0 act=1 found1=0 slot1=1] [e1 act=-1 found1=0 slot1=0]
[2026-08-22 20:47:51 UTC-6.000] {#1 | 127.0.0.1:12500} Player2 has joined the Allies
[2026-08-22 20:47:51 UTC-6.000] No active weapon in slot #: "0"
[2026-08-22 20:47:51 UTC-6.000] ^~^~^ KITSPAWN player=Player2 ents=4
[2026-08-22 20:47:51 UTC-6.000] ^~^~^ REISSUE called player=Player2 n=-1
[2026-08-22 20:47:51 UTC-6.000] ^~^~^ PROFCHAN enter e1 cvar=0
[2026-08-22 20:47:51 UTC-6.000] ^~^~^ SPAWNDISG Player2 eng_has=0 eng_is=0 modHas=(NIL) modPapers=(NIL) itemPapers=(NIL) enableDisg=(NIL) uniOnSpawn=(NIL) noWeapon=0 gun=(none)
[2026-08-22 20:47:51 UTC-6.000] No active weapon in slot #: "0"
[2026-08-22 20:47:51 UTC-6.000] ^~^~^ KITGIVE player=Player2 ents=4
[2026-08-22 20:47:51 UTC-6.000] Player::SurfaceCommand : group us_helmet not found.
[2026-08-22 20:47:51 UTC-6.000] Player::SurfaceCommand : group us_helmet_inside not found.
[2026-08-22 20:47:51 UTC-6.000] Player::SurfaceCommand : group bob_helmet_camo not found.
[2026-08-22 20:47:51 UTC-6.000] Player::SurfaceCommand : group helmet_mk2a not found.
[2026-08-22 20:47:51 UTC-6.000] Player::SurfaceCommand : group britberet not found.
[2026-08-22 20:47:51 UTC-6.000] Player::SurfaceCommand : group brit_beret not found.
[2026-08-22 20:47:51 UTC-6.000] Player::SurfaceCommand : group officer_hat not found.
[2026-08-22 20:47:51 UTC-6.000] Player::SurfaceCommand : group creasecap not found.
[2026-08-22 20:47:51 UTC-6.000] Player::SurfaceCommand : group AL_Brit_CMDHAT not found.
[2026-08-22 20:47:51 UTC-6.000] Player::SurfaceCommand : group BritTankHat not found.
[2026-08-22 20:47:51 UTC-6.000] Player::SurfaceCommand : group woolcap not found.
[2026-08-22 20:47:51 UTC-6.000] Player::SurfaceCommand : group offcap2 not found.
[2026-08-22 20:47:51 UTC-6.000] Player::SurfaceCommand : group lambert8 not found.
[2026-08-22 20:47:51 UTC-6.000] Player::SurfaceCommand : group britparamask not found.
[2026-08-22 20:47:51 UTC-6.000] Player::SurfaceCommand : group beret not found.
[2026-08-22 20:47:51 UTC-6.000] Player::SurfaceCommand : group goggles not found.
[2026-08-22 20:47:51 UTC-6.000] Player::SurfaceCommand : group al_us_mask not found.
[2026-08-22 20:47:51 UTC-6.000] Player::SurfaceCommand : group al_us_maskhead not found.
[2026-08-22 20:47:51 UTC-6.000] Player::SurfaceCommand : group ax_ital_infhat not found.
[2026-08-22 20:47:51 UTC-6.000] Player::SurfaceCommand : group ax_ital_volhat not found.
[2026-08-22 20:47:51 UTC-6.000] Player::SurfaceCommand : group camocover not found.
[2026-08-22 20:47:51 UTC-6.000] Player::SurfaceCommand : group crusher not found.
[2026-08-22 20:47:51 UTC-6.000] Player::SurfaceCommand : group gasmask not found.
[2026-08-22 20:47:51 UTC-6.000] Player::SurfaceCommand : group german_beret not found.
[2026-08-22 20:47:51 UTC-6.000] Player::SurfaceCommand : group helmet not found.
[2026-08-22 20:47:51 UTC-6.000] Player::SurfaceCommand : group officercap not found.
[2026-08-22 20:47:51 UTC-6.000] Player::SurfaceCommand : group officerhat not found.
[2026-08-22 20:47:51 UTC-6.000] Player::SurfaceCommand : group ssncocap not found.
[2026-08-22 20:47:51 UTC-6.000] Player::SurfaceCommand : group hat not found.
[2026-08-22 20:47:51 UTC-6.000] Player::SurfaceCommand : group frames not found.
[2026-08-22 20:47:51 UTC-6.000] Player::SurfaceCommand : group glass not found.
[2026-08-22 20:47:51 UTC-6.000] Player::SurfaceCommand : group Af_P_Glasses not found.
[2026-08-22 20:47:51 UTC-6.000] Player::SurfaceCommand : group Af_P_Lens not found.
[2026-08-22 20:47:51 UTC-6.000] ^~^~^ Add the following line to the *_precache.scr map script:
[2026-08-22 20:47:51 UTC-6.000] cache models/coop_helmets/coop_std_us_helmet_29th.tik
[2026-08-22 20:47:51 UTC-6.000] ^~^~^ KITBACKFILL skip player=Player2 kit fully present
[2026-08-22 20:47:52 UTC-6.000] ^~^~^ BP RESTORED id=89AA62A71BEF42BA7FA4B2DE9E15F03A rows=3
[2026-08-22 20:47:52 UTC-6.000] ^~^~^ BP spawned 1 for entnum 1 at ( -4695.417 1188.128 460.657 )
[2026-08-22 20:47:52 UTC-6.000] ^~^~^ BP think started n=1
[2026-08-22 20:47:52 UTC-6.000] ^~^~^ BP LOOP live n=1
[2026-08-22 20:47:52 UTC-6.000] ^~^~^ SQUAD clusters=7 engaged=0 alerts=0 search=0 bound=0
[2026-08-22 20:47:53 UTC-6.000] ^~^~^ MANEUVER attackState=0 candidates=0 runtoIssued=0 coverThink=0
[2026-08-22 20:47:53 UTC-6.000] ^~^~^ PRB actor.snap t=50 n=152 ent=9 tn=barrel_guy tm=german hp=1000  aiDis=0 noIdle=0 tbias=-6969 scene=0 surr=0 conv=0 role=- persSet=0 hpReal=80 stopPain=0 noLongPain=0 hpMax=1000 wp=mauser kar 98k wg=rifle pos=crouch atk=turret hasEnemy=0 foeEnt=- foeCls=- foeTm=- org=-3788,-454,371 dist=5579 see=0 tdis=salute tidl=idle alrm=0 supp=0
[2026-08-22 20:47:53 UTC-6.000] ^~^~^ PRB actor.snap t=50 n=153 ent=27 tn=intro_bazooka tm=german hp=1000  aiDis=1 noIdle=0 tbias=0 scene=0 surr=0 conv=0 role=- persSet=0 hpReal=30 stopPain=0 noLongPain=0 hpMax=1000 wp=panzerschreck wg=bazooka pos=stand atk=turret hasEnemy=0 foeEnt=- foeCls=- foeTm=- org=-2008,-2906,256 dist=4648 see=0 tdis=salute tidl=idle alrm=0 supp=0
[2026-08-22 20:47:53 UTC-6.000] ^~^~^ PRB actor.snap t=50 n=154 ent=28 tn=intro_papers tm=german hp=1000  aiDis=1 noIdle=0 tbias=0 scene=0 surr=0 conv=0 role=- persSet=0 hpReal=100 stopPain=0 noLongPain=0 hpMax=1000 wp=- wg=unarmed pos=stand atk=turret hasEnemy=0 foeEnt=- foeCls=- foeTm=- org=-1998,-3654,33 dist=5135 see=0 tdis=salute tidl=idle alrm=0 supp=0
[2026-08-22 20:47:53 UTC-6.000] ^~^~^ PRB actor.snap t=50 n=155 ent=29 tn=walkerM tm=german hp=1000  aiDis=1 noIdle=0 tbias=0 scene=0 surr=0 conv=0 role=- persSet=0 hpReal=100 stopPain=0 noLongPain=0 hpMax=1000 wp=walther p38 wg=pistol pos=walk atk=turret hasEnemy=0 foeEnt=- foeCls=- foeTm=- org=3240,464,976 dist=1646 see=0 tdis=salute tidl=runner alrm=0 supp=0
[2026-08-22 20:47:53 UTC-6.000] ^~^~^ PRB actor.snap t=50 n=156 ent=31 tn=- tm=german hp=1000  aiDis=0 noIdle=0 tbias=0 scene=0 surr=0 conv=0 role=cover persSet=1 hpReal=80 stopPain=0 noLongPain=0 hpMax=1000 wp=mauser kar 98k wg=rifle pos=crouch atk=cover hasEnemy=0 foeEnt=- foeCls=- foeTm=- org=-3873,-2298,157 dist=6038 see=0 tdis=salute tidl=idle alrm=0 supp=0
[2026-08-22 20:47:53 UTC-6.000] ^~^~^ PRB actor.snap t=50 n=157 ent=36 tn=mg42guy tm=german hp=1000  aiDis=1 noIdle=0 tbias=-6969 scene=0 surr=0 conv=0 role=- persSet=0 hpReal=40 stopPain=0 noLongPain=0 hpMax=1000 wp=- wg=unarmed pos=stand atk=machinegunner hasEnemy=0 foeEnt=- foeCls=- foeTm=- org=-6272,2177,640 dist=8402 see=0 tdis=machinegunner tidl=machinegunner alrm=0 supp=0
[2026-08-22 20:47:53 UTC-6.000] ^~^~^ PRB actor.snap t=50 n=158 ent=39 tn=friendly tm=american hp=100  aiDis=1 noIdle=1 tbias=0 scene=0 surr=0 conv=0 role=- persSet=0 hpReal=-1 stopPain=1 noLongPain=1 hpMax=100 wp=thompson wg=thompson pos=stand atk=turret hasEnemy=0 foeEnt=- foeCls=- foeTm=- org=1683,-319,871 dist=102 see=0 tdis=salute tidl=anim alrm=0 supp=0
[2026-08-22 20:47:53 UTC-6.000] ^~^~^ PRB actor.snap t=50 n=159 ent=40 tn=friendly tm=american hp=100  aiDis=1 noIdle=1 tbias=0 scene=0 surr=0 conv=0 role=- persSet=0 hpReal=-1 stopPain=1 noLongPain=1 hpMax=100 wp=m1 garand wg=rifle pos=stand atk=turret hasEnemy=0 foeEnt=- foeCls=- foeTm=- org=1745,-356,869 dist=98 see=0 tdis=salute tidl=anim alrm=0 supp=0
[2026-08-22 20:47:53 UTC-6.000] ^~^~^ PRB actor.snap t=50 n=160 ent=64 tn=- tm=german hp=1000  aiDis=0 noIdle=0 tbias=0 scene=0 surr=0 conv=0 role=aggr persSet=1 hpReal=100 stopPain=0 noLongPain=0 hpMax=1000 wp=mauser kar 98k wg=rifle pos=crouch atk=cover hasEnemy=0 foeEnt=- foeCls=- foeTm=- org=-6333,1496,432 dist=8299 see=0 tdis=salute tidl=idle alrm=0 supp=0
[2026-08-22 20:47:53 UTC-6.000] ^~^~^ PRB actor.snap t=50 n=161 ent=103 tn=friendly tm=american hp=100  aiDis=1 noIdle=1 tbias=0 scene=0 surr=0 conv=0 role=- persSet=0 hpReal=-1 stopPain=1 noLongPain=1 hpMax=100 wp=m1 garand wg=rifle pos=stand atk=turret hasEnemy=0 foeEnt=- foeCls=- foeTm=- org=1784,-313,898 dist=67 see=0 tdis=salute tidl=anim alrm=0 supp=0
[2026-08-22 20:47:53 UTC-6.000] ^~^~^ PRB actor.snap t=50 n=162 ent=104 tn=friendly tm=american hp=100  aiDis=1 noIdle=1 tbias=0 scene=0 surr=0 conv=0 role=- persSet=0 hpReal=-1 stopPain=1 noLongPain=1 hpMax=100 wp=m1 garand wg=rifle pos=stand atk=turret hasEnemy=0 foeEnt=- foeCls=- foeTm=- org=1705,-267,877 dist=63 see=0 tdis=salute tidl=anim alrm=0 supp=0
[2026-08-22 20:47:53 UTC-6.000] ^~^~^ PRB actor.snap t=50 n=163 ent=110 tn=barrel_guy tm=german hp=1000  aiDis=0 noIdle=0 tbias=-6969 scene=0 surr=0 conv=0 role=- persSet=0 hpReal=80 stopPain=0 noLongPain=0 hpMax=1000 wp=mauser kar 98k wg=rifle pos=crouch atk=turret hasEnemy=0 foeEnt=- foeCls=- foeTm=- org=-3860,-532,369 dist=5654 see=0 tdis=salute tidl=idle alrm=0 supp=0
[2026-08-22 20:47:53 UTC-6.000] ^~^~^ PRB actor.snap t=50 n=164 ent=112 tn=- tm=german hp=1000  aiDis=0 noIdle=0 tbias=0 scene=0 surr=0 conv=0 role=cover persSet=1 hpReal=80 stopPain=0 noLongPain=0 hpMax=1000 wp=mauser kar 98k wg=rifle pos=crouch atk=cover hasEnemy=0 foeEnt=- foeCls=- foeTm=- org=-4336,-1039,401 dist=6169 see=0 tdis=salute tidl=idle alrm=0 supp=0
[2026-08-22 20:47:53 UTC-6.000] ^~^~^ PRB actor.snap t=50 n=165 ent=113 tn=- tm=german hp=1000  aiDis=0 noIdle=0 tbias=0 scene=0 surr=0 conv=0 role=aggr persSet=1 hpReal=80 stopPain=0 noLongPain=0 hpMax=1000 wp=mauser kar 98k wg=rifle pos=stand atk=turret hasEnemy=0 foeEnt=- foeCls=- foeTm=- org=-3576,-1455,313 dist=5501 see=0 tdis=salute tidl=idle alrm=0 supp=0
[2026-08-22 20:47:53 UTC-6.000] ^~^~^ PRB actor.snap t=50 n=166 ent=114 tn=bazooka_wall tm=german hp=1000  aiDis=0 noIdle=0 tbias=-6969 scene=0 surr=0 conv=0 role=- persSet=0 hpReal=160 stopPain=0 noLongPain=0 hpMax=1000 wp=panzerschreck wg=bazooka pos=stand atk=balcony_attack hasEnemy=0 foeEnt=- foeCls=- foeTm=- org=-3401,-280,608 dist=5174 see=0 tdis=salute tidl=idle alrm=0 supp=0
[2026-08-22 20:47:53 UTC-6.000] ^~^~^ PRB actor.snap t=50 n=167 ent=116 tn=coop_mgnest1_gunner tm=german hp=1000  aiDis=0 noIdle=0 tbias=0 scene=0 surr=0 conv=0 role=- persSet=0 hpReal=5 stopPain=0 noLongPain=0 hpMax=1000 wp=- wg=unarmed pos=stand atk=machinegunner hasEnemy=0 foeEnt=- foeCls=- foeTm=- org=-4201,583,435 dist=6042 see=0 tdis=machinegunner tidl=machinegunner alrm=0 supp=0
[2026-08-22 20:47:53 UTC-6.000] ^~^~^ PRB actor.snap t=50 n=168 ent=120 tn=walkerRF tm=german hp=1000  aiDis=1 noIdle=0 tbias=0 scene=0 surr=0 conv=0 role=- persSet=0 hpReal=100 stopPain=0 noLongPain=0 hpMax=1000 wp=mauser kar 98k wg=rifle pos=walk atk=turret hasEnemy=0 foeEnt=- foeCls=- foeTm=- org=3421,520,986 dist=1834 see=0 tdis=salute tidl=runner alrm=0 supp=0
[2026-08-22 20:47:53 UTC-6.000] ^~^~^ PRB actor.snap t=50 n=169 ent=121 tn=walkerLF tm=german hp=1000  aiDis=1 noIdle=0 tbias=0 scene=0 surr=0 conv=0 role=- persSet=0 hpReal=100 stopPain=0 noLongPain=0 hpMax=1000 wp=mauser kar 98k wg=rifle pos=walk atk=turret hasEnemy=0 foeEnt=- foeCls=- foeTm=- org=3370,574,986 dist=1813 see=0 tdis=salute tidl=runner alrm=0 supp=0
[2026-08-22 20:47:53 UTC-6.000] ^~^~^ PRB actor.snap t=50 n=170 ent=134 tn=intro_papers2 tm=german hp=1000  aiDis=1 noIdle=0 tbias=0 scene=0 surr=0 conv=0 role=- persSet=0 hpReal=100 stopPain=0 noLongPain=0 hpMax=1000 wp=- wg=unarmed pos=stand atk=turret hasEnemy=0 foeEnt=- foeCls=- foeTm=- org=-2386,-3102,51 dist=5096 see=0 tdis=salute tidl=idle alrm=0 supp=0
[2026-08-22 20:47:53 UTC-6.000] ^~^~^ PRB actor.snap t=50 n=171 ent=170 tn=bazooka_wall tm=german hp=1000  aiDis=0 noIdle=0 tbias=-6969 scene=0 surr=0 conv=0 role=- persSet=0 hpReal=160 stopPain=0 noLongPain=0 hpMax=1000 wp=panzerschreck wg=bazooka pos=stand atk=balcony_attack hasEnemy=0 foeEnt=- foeCls=- foeTm=- org=-4656,-328,616 dist=6427 see=0 tdis=salute tidl=idle alrm=0 supp=0
[2026-08-22 20:47:53 UTC-6.000] ^~^~^ PRB actor.snap t=50 n=172 ent=192 tn=- tm=american hp=100  aiDis=1 noIdle=1 tbias=0 scene=1 surr=0 conv=0 role=- persSet=0 hpReal=-1 stopPain=1 noLongPain=1 hpMax=100 wp=mauser kar 98k wg=rifle pos=stand atk=turret hasEnemy=0 foeEnt=- foeCls=- foeTm=- org=2415,-32,911 dist=690 see=0 tdis=salute tidl=anim alrm=0 supp=0
[2026-08-22 20:47:53 UTC-6.000] ^~^~^ PRB actor.snap t=50 n=173 ent=193 tn=- tm=american hp=100  aiDis=1 noIdle=1 tbias=0 scene=1 surr=0 conv=0 role=- persSet=0 hpReal=-1 stopPain=1 noLongPain=1 hpMax=100 wp=colt 45 wg=pistol pos=stand atk=turret hasEnemy=0 foeEnt=- foeCls=- foeTm=- org=2401,5,908 dist=690 see=0 tdis=salute tidl=anim alrm=0 supp=0
[2026-08-22 20:47:53 UTC-6.000] ^~^~^ PRB player.snap t=50 n=174 ent=0 tn=player tm=american hp=750  hp=750 dbno=0 active=1 wp=- tbias=-100 lvlTbias=-100 org=1766,-260,860 yaw=0 disg=0 busted=0 lvlAlarm=0 lvlDisg=0 glued=1 notgt=1
[2026-08-22 20:47:53 UTC-6.000] ^~^~^ PRB player.snap t=50 n=175 ent=1 tn=player tm=american hp=750  hp=750 dbno=0 active=1 wp=- tbias=-100 lvlTbias=-100 org=1766,-260,860 yaw=0 disg=0 busted=0 lvlAlarm=0 lvlDisg=0 glued=1 notgt=1
[2026-08-22 20:47:53 UTC-6.000] ^~^~^ PRB census.total t=50 actors=22 surrendered=0 aiDisabled=13 engaging=0 canSeePlayer=0
[2026-08-22 20:47:54 UTC-6.000] ^~^~^ SQUAD clusters=7 engaged=0 alerts=0 search=0 bound=0
[2026-08-22 20:47:55 UTC-6.000] ^~^~^ MANEUVER attackState=0 candidates=0 runtoIssued=0 coverThink=0
[2026-08-22 20:47:55 UTC-6.000] ^~^~^ AIBEHAV alive=16 engaging=0 moving=3 staticCombat=0 flanked=0 | aggr=2 cover=2 flank=0 prone=0 none=12
[2026-08-22 20:47:55 UTC-6.000] ^~^~^ BPMGR psize=2 count=1 map=m1l1 [e0 act=1 found1=0 slot1=1] [e1 act=1 found1=0 slot1=1]
[2026-08-22 20:47:55 UTC-6.000] ^~^~^ SQUAD clusters=7 engaged=0 alerts=0 search=0 bound=0
[2026-08-22 20:47:55 UTC-6.000] {#0 | 127.0.0.1:12400} Player1 ,w101 has changed name (old name was 'Player1')
[2026-08-22 20:47:55 UTC-6.000] ^~^~^ NAMECMD: dispatch index 42 data '01'
[2026-08-22 20:47:55 UTC-6.000] {#0 | 127.0.0.1:12400} Player1 has changed name (old name was 'Player1 ,w101')
[2026-08-22 20:47:57 UTC-6.000] ^~^~^ MANEUVER attackState=0 candidates=0 runtoIssued=0 coverThink=0
[2026-08-22 20:47:57 UTC-6.000] {#0 | 127.0.0.1:12400} Player1 ,w348 has changed name (old name was 'Player1')
[2026-08-22 20:47:57 UTC-6.000] ^~^~^ LOADOUT seed UI pushed for e0
[2026-08-22 20:47:57 UTC-6.000] ^~^~^ NAMECMD: dispatch index 44 data '48'
[2026-08-22 20:47:57 UTC-6.000] {#0 | 127.0.0.1:12400} Player1 has changed name (old name was 'Player1 ,w348')
[2026-08-22 20:47:57 UTC-6.000] ^~^~^ SQUAD clusters=7 engaged=0 alerts=0 search=0 bound=0
[2026-08-22 20:47:58 UTC-6.000] {#0 | 127.0.0.1:12400} Player1 ,w464 has changed name (old name was 'Player1')
[2026-08-22 20:47:58 UTC-6.000] ^~^~^ NAMECMD: dispatch index 45 data '64'
[2026-08-22 20:47:58 UTC-6.000] {#0 | 127.0.0.1:12400} Player1 has changed name (old name was 'Player1 ,w464')
[2026-08-22 20:47:58 UTC-6.000] {#0 | 127.0.0.1:12400} Player1 ,sn39 has changed name (old name was 'Player1')
[2026-08-22 20:47:58 UTC-6.000] ^~^~^ NAMECMD: dispatch index 31 data '39'
[2026-08-22 20:47:58 UTC-6.000] {#0 | 127.0.0.1:12400} Player1 has changed name (old name was 'Player1 ,sn39')
[2026-08-22 20:47:59 UTC-6.000] ^~^~^ MANEUVER attackState=0 candidates=0 runtoIssued=0 coverThink=0
[2026-08-22 20:47:59 UTC-6.000] ^~^~^ AIBEHAV alive=16 engaging=0 moving=3 staticCombat=0 flanked=0 | aggr=2 cover=2 flank=0 prone=0 none=12
[2026-08-22 20:47:59 UTC-6.000] ^~^~^ AIBEHAV2 window=8s engagedMoved=0 repositioned=0 totalDist=0 avgDist=0
[2026-08-22 20:47:59 UTC-6.000] ^~^~^ SQUAD clusters=7 engaged=0 alerts=0 search=0 bound=0
[2026-08-22 20:47:59 UTC-6.000] ^~^~^ BPMGR psize=2 count=1 map=m1l1 [e0 act=1 found1=0 slot1=1] [e1 act=1 found1=0 slot1=1]
[2026-08-22 20:47:59 UTC-6.000] {#0 | 127.0.0.1:12400} Player1 ,hn39 has changed name (old name was 'Player1')
[2026-08-22 20:47:59 UTC-6.000] ^~^~^ NAMECMD: dispatch index 35 data '39'
[2026-08-22 20:47:59 UTC-6.000] {#0 | 127.0.0.1:12400} Player1 has changed name (old name was 'Player1 ,hn39')
[2026-08-22 20:48:00 UTC-6.000] ^~^~^ SVFRAME worst=26ms mean=25ms over=1/40 budget=25ms
[2026-08-22 20:48:00 UTC-6.000] ^~^~^ SQUAD clusters=7 engaged=0 alerts=0 search=0 bound=0
[2026-08-22 20:48:01 UTC-6.000] ^~^~^ MANEUVER attackState=0 candidates=0 runtoIssued=0 coverThink=0
[2026-08-22 20:48:01 UTC-6.000] {#1 | 127.0.0.1:12500} Player2 ,w101 has changed name (old name was 'Player2')
[2026-08-22 20:48:01 UTC-6.000] ^~^~^ NAMECMD: dispatch index 42 data '01'
[2026-08-22 20:48:01 UTC-6.000] {#1 | 127.0.0.1:12500} Player2 has changed name (old name was 'Player2 ,w101')
[2026-08-22 20:48:02 UTC-6.000] {#1 | 127.0.0.1:12500} Player2 ,w224 has changed name (old name was 'Player2')
[2026-08-22 20:48:02 UTC-6.000] ^~^~^ SQUAD clusters=7 engaged=0 alerts=0 search=0 bound=0
[2026-08-22 20:48:02 UTC-6.000] ^~^~^ NAMECMD: dispatch index 43 data '24'
[2026-08-22 20:48:02 UTC-6.000] {#1 | 127.0.0.1:12500} Player2 has changed name (old name was 'Player2 ,w224')
[2026-08-22 20:48:03 UTC-6.000] ^~^~^ KITSPAWN player=Player1 ents=3
[2026-08-22 20:48:03 UTC-6.000] ^~^~^ REISSUE called player=Player1 n=-1
[2026-08-22 20:48:03 UTC-6.000] ^~^~^ SPAWNDISG Player1 eng_has=0 eng_is=0 modHas=(NIL) modPapers=(NIL) itemPapers=(NIL) enableDisg=(NIL) uniOnSpawn=(NIL) noWeapon=0 gun=models/weapons/m1_garand.tik
[2026-08-22 20:48:03 UTC-6.000] ^~^~^ KITGIVE player=Player1 ents=3
[2026-08-22 20:48:03 UTC-6.000] ^~^~^ MANEUVER attackState=0 candidates=0 runtoIssued=0 coverThink=0
[2026-08-22 20:48:03 UTC-6.000] ^~^~^ AIBEHAV alive=16 engaging=0 moving=3 staticCombat=0 flanked=0 | aggr=2 cover=2 flank=0 prone=0 none=12
[2026-08-22 20:48:03 UTC-6.000] ^~^~^ PRB actor.snap t=60 n=176 ent=9 tn=barrel_guy tm=german hp=1000  aiDis=0 noIdle=0 tbias=-6969 scene=0 surr=0 conv=0 role=- persSet=0 hpReal=80 stopPain=0 noLongPain=0 hpMax=1000 wp=mauser kar 98k wg=rifle pos=crouch atk=turret hasEnemy=0 foeEnt=- foeCls=- foeTm=- org=-3788,-454,371 dist=4510 see=0 tdis=salute tidl=idle alrm=0 supp=0
[2026-08-22 20:48:03 UTC-6.000] ^~^~^ PRB actor.snap t=60 n=177 ent=27 tn=intro_bazooka tm=german hp=1000  aiDis=1 noIdle=0 tbias=0 scene=0 surr=0 conv=0 role=- persSet=0 hpReal=30 stopPain=0 noLongPain=0 hpMax=1000 wp=panzerschreck wg=bazooka pos=stand atk=turret hasEnemy=0 foeEnt=- foeCls=- foeTm=- org=-2008,-2906,256 dist=2169 see=0 tdis=salute tidl=idle alrm=0 supp=0
[2026-08-22 20:48:03 UTC-6.000] ^~^~^ PRB actor.snap t=60 n=178 ent=28 tn=intro_papers tm=german hp=1000  aiDis=1 noIdle=0 tbias=0 scene=0 surr=0 conv=0 role=- persSet=0 hpReal=100 stopPain=0 noLongPain=0 hpMax=1000 wp=- wg=unarmed pos=stand atk=turret hasEnemy=0 foeEnt=- foeCls=- foeTm=- org=-1998,-3653,33 dist=2390 see=0 tdis=salute tidl=idle alrm=0 supp=0
[2026-08-22 20:48:03 UTC-6.000] ^~^~^ PRB actor.snap t=60 n=179 ent=29 tn=walkerM tm=german hp=1000  aiDis=1 noIdle=0 tbias=0 scene=0 surr=0 conv=0 role=- persSet=0 hpReal=100 stopPain=0 noLongPain=0 hpMax=1000 wp=walther p38 wg=pistol pos=walk atk=turret hasEnemy=0 foeEnt=- foeCls=- foeTm=- org=3696,717,1006 dist=4942 see=0 tdis=salute tidl=runner alrm=0 supp=0
[2026-08-22 20:48:03 UTC-6.000] ^~^~^ PRB actor.snap t=60 n=180 ent=31 tn=- tm=german hp=1000  aiDis=0 noIdle=0 tbias=0 scene=0 surr=0 conv=0 role=cover persSet=1 hpReal=80 stopPain=0 noLongPain=0 hpMax=1000 wp=mauser kar 98k wg=rifle pos=crouch atk=cover hasEnemy=0 foeEnt=- foeCls=- foeTm=- org=-3873,-2298,157 dist=4042 see=0 tdis=salute tidl=idle alrm=0 supp=0
[2026-08-22 20:48:03 UTC-6.000] ^~^~^ PRB actor.snap t=60 n=181 ent=36 tn=mg42guy tm=german hp=1000  aiDis=1 noIdle=0 tbias=-6969 scene=0 surr=0 conv=0 role=- persSet=0 hpReal=40 stopPain=0 noLongPain=0 hpMax=1000 wp=- wg=unarmed pos=stand atk=machinegunner hasEnemy=0 foeEnt=- foeCls=- foeTm=- org=-6272,2177,640 dist=8040 see=0 tdis=machinegunner tidl=machinegunner alrm=0 supp=0
[2026-08-22 20:48:03 UTC-6.000] ^~^~^ PRB actor.snap t=60 n=182 ent=39 tn=friendly tm=american hp=100  aiDis=1 noIdle=1 tbias=0 scene=0 surr=0 conv=0 role=- persSet=0 hpReal=-1 stopPain=1 noLongPain=1 hpMax=100 wp=thompson wg=thompson pos=stand atk=turret hasEnemy=0 foeEnt=- foeCls=- foeTm=- org=44,-2694,465 dist=97 see=0 tdis=salute tidl=anim alrm=0 supp=0
[2026-08-22 20:48:03 UTC-6.000] ^~^~^ PRB actor.snap t=60 n=183 ent=40 tn=friendly tm=american hp=100  aiDis=1 noIdle=1 tbias=0 scene=0 surr=0 conv=0 role=- persSet=0 hpReal=-1 stopPain=1 noLongPain=1 hpMax=100 wp=m1 garand wg=rifle pos=stand atk=turret hasEnemy=0 foeEnt=- foeCls=- foeTm=- org=86,-2753,469 dist=98 see=0 tdis=salute tidl=anim alrm=0 supp=0
[2026-08-22 20:48:03 UTC-6.000] ^~^~^ PRB actor.snap t=60 n=184 ent=64 tn=- tm=german hp=1000  aiDis=0 noIdle=0 tbias=0 scene=0 surr=0 conv=0 role=aggr persSet=1 hpReal=100 stopPain=0 noLongPain=0 hpMax=1000 wp=mauser kar 98k wg=rifle pos=crouch atk=cover hasEnemy=0 foeEnt=- foeCls=- foeTm=- org=-6333,1496,432 dist=7698 see=0 tdis=salute tidl=idle alrm=0 supp=0
[2026-08-22 20:48:03 UTC-6.000] ^~^~^ PRB actor.snap t=60 n=185 ent=103 tn=friendly tm=american hp=100  aiDis=1 noIdle=1 tbias=0 scene=0 surr=0 conv=0 role=- persSet=0 hpReal=-1 stopPain=1 noLongPain=1 hpMax=100 wp=m1 garand wg=rifle pos=stand atk=turret hasEnemy=0 foeEnt=- foeCls=- foeTm=- org=136,-2728,501 dist=70 see=0 tdis=salute tidl=anim alrm=0 supp=0
[2026-08-22 20:48:03 UTC-6.000] ^~^~^ PRB actor.snap t=60 n=186 ent=104 tn=friendly tm=american hp=100  aiDis=1 noIdle=1 tbias=0 scene=0 surr=0 conv=0 role=- persSet=0 hpReal=-1 stopPain=1 noLongPain=1 hpMax=100 wp=m1 garand wg=rifle pos=stand atk=turret hasEnemy=0 foeEnt=- foeCls=- foeTm=- org=86,-2655,473 dist=56 see=0 tdis=salute tidl=anim alrm=0 supp=0
[2026-08-22 20:48:03 UTC-6.000] ^~^~^ PRB actor.snap t=60 n=187 ent=110 tn=barrel_guy tm=german hp=1000  aiDis=0 noIdle=0 tbias=-6969 scene=0 surr=0 conv=0 role=- persSet=0 hpReal=80 stopPain=0 noLongPain=0 hpMax=1000 wp=mauser kar 98k wg=rifle pos=crouch atk=turret hasEnemy=0 foeEnt=- foeCls=- foeTm=- org=-3860,-532,369 dist=4536 see=0 tdis=salute tidl=idle alrm=0 supp=0
[2026-08-22 20:48:03 UTC-6.000] ^~^~^ PRB actor.snap t=60 n=188 ent=112 tn=- tm=german hp=1000  aiDis=0 noIdle=0 tbias=0 scene=0 surr=0 conv=0 role=cover persSet=1 hpReal=80 stopPain=0 noLongPain=0 hpMax=1000 wp=mauser kar 98k wg=rifle pos=crouch atk=cover hasEnemy=0 foeEnt=- foeCls=- foeTm=- org=-4336,-1039,401 dist=4763 see=0 tdis=salute tidl=idle alrm=0 supp=0
[2026-08-22 20:48:03 UTC-6.000] ^~^~^ PRB actor.snap t=60 n=189 ent=113 tn=- tm=german hp=1000  aiDis=0 noIdle=0 tbias=0 scene=0 surr=0 conv=0 role=aggr persSet=1 hpReal=80 stopPain=0 noLongPain=0 hpMax=1000 wp=mauser kar 98k wg=rifle pos=stand atk=turret hasEnemy=0 foeEnt=- foeCls=- foeTm=- org=-3576,-1455,313 dist=3912 see=0 tdis=salute tidl=idle alrm=0 supp=0
[2026-08-22 20:48:03 UTC-6.000] ^~^~^ PRB actor.snap t=60 n=190 ent=114 tn=bazooka_wall tm=german hp=1000  aiDis=0 noIdle=0 tbias=-6969 scene=0 surr=0 conv=0 role=- persSet=0 hpReal=160 stopPain=0 noLongPain=0 hpMax=1000 wp=panzerschreck wg=bazooka pos=stand atk=balcony_attack hasEnemy=0 foeEnt=- foeCls=- foeTm=- org=-3407,-280,608 dist=4280 see=0 tdis=salute tidl=idle alrm=0 supp=0
[2026-08-22 20:48:03 UTC-6.000] ^~^~^ PRB actor.snap t=60 n=191 ent=116 tn=coop_mgnest1_gunner tm=german hp=1000  aiDis=0 noIdle=0 tbias=0 scene=0 surr=0 conv=0 role=- persSet=0 hpReal=5 stopPain=0 noLongPain=0 hpMax=1000 wp=- wg=unarmed pos=stand atk=machinegunner hasEnemy=0 foeEnt=- foeCls=- foeTm=- org=-4201,583,435 dist=5425 see=0 tdis=machinegunner tidl=machinegunner alrm=0 supp=0
[2026-08-22 20:48:03 UTC-6.000] ^~^~^ PRB actor.snap t=60 n=192 ent=120 tn=walkerRF tm=german hp=1000  aiDis=1 noIdle=0 tbias=0 scene=0 surr=0 conv=0 role=- persSet=0 hpReal=100 stopPain=0 noLongPain=0 hpMax=1000 wp=mauser kar 98k wg=rifle pos=walk atk=turret hasEnemy=0 foeEnt=- foeCls=- foeTm=- org=4025,986,1028 dist=5367 see=0 tdis=salute tidl=runner alrm=0 supp=0
[2026-08-22 20:48:03 UTC-6.000] ^~^~^ PRB actor.snap t=60 n=193 ent=121 tn=walkerLF tm=german hp=1000  aiDis=1 noIdle=0 tbias=0 scene=0 surr=0 conv=0 role=- persSet=0 hpReal=100 stopPain=0 noLongPain=0 hpMax=1000 wp=mauser kar 98k wg=rifle pos=walk atk=turret hasEnemy=0 foeEnt=- foeCls=- foeTm=- org=3971,1044,1029 dist=5368 see=0 tdis=salute tidl=runner alrm=0 supp=0
[2026-08-22 20:48:03 UTC-6.000] ^~^~^ PRB actor.snap t=60 n=194 ent=134 tn=intro_papers2 tm=german hp=1000  aiDis=1 noIdle=0 tbias=0 scene=0 surr=0 conv=0 role=- persSet=0 hpReal=100 stopPain=0 noLongPain=0 hpMax=1000 wp=- wg=unarmed pos=stand atk=turret hasEnemy=0 foeEnt=- foeCls=- foeTm=- org=-2386,-3101,51 dist=2594 see=0 tdis=salute tidl=idle alrm=0 supp=0
[2026-08-22 20:48:03 UTC-6.000] ^~^~^ PRB actor.snap t=60 n=195 ent=170 tn=bazooka_wall tm=german hp=1000  aiDis=0 noIdle=0 tbias=-6969 scene=0 surr=0 conv=0 role=- persSet=0 hpReal=160 stopPain=0 noLongPain=0 hpMax=1000 wp=panzerschreck wg=bazooka pos=stand atk=balcony_attack hasEnemy=0 foeEnt=- foeCls=- foeTm=- org=-4656,-328,616 dist=5339 see=0 tdis=salute tidl=idle alrm=0 supp=0
[2026-08-22 20:48:03 UTC-6.000] ^~^~^ PRB actor.snap t=60 n=196 ent=192 tn=- tm=american hp=100  aiDis=1 noIdle=1 tbias=0 scene=1 surr=0 conv=0 role=- persSet=0 hpReal=-1 stopPain=1 noLongPain=1 hpMax=100 wp=mauser kar 98k wg=rifle pos=stand atk=turret hasEnemy=0 foeEnt=- foeCls=- foeTm=- org=763,-2431,628 dist=688 see=0 tdis=salute tidl=anim alrm=0 supp=0
[2026-08-22 20:48:03 UTC-6.000] ^~^~^ PRB actor.snap t=60 n=197 ent=193 tn=- tm=american hp=100  aiDis=1 noIdle=1 tbias=0 scene=1 surr=0 conv=0 role=- persSet=0 hpReal=-1 stopPain=1 noLongPain=1 hpMax=100 wp=colt 45 wg=pistol pos=stand atk=turret hasEnemy=0 foeEnt=- foeCls=- foeTm=- org=738,-2399,625 dist=678 see=0 tdis=salute tidl=anim alrm=0 supp=0
[2026-08-22 20:48:03 UTC-6.000] ^~^~^ PRB player.snap t=60 n=198 ent=0 tn=player tm=american hp=750  hp=750 dbno=0 active=1 wp=- tbias=-100 lvlTbias=-100 org=139,-2671,461 yaw=0 disg=0 busted=0 lvlAlarm=0 lvlDisg=0 glued=1 notgt=1
[2026-08-22 20:48:03 UTC-6.000] ^~^~^ PRB player.snap t=60 n=199 ent=1 tn=player tm=american hp=750  hp=750 dbno=0 active=1 wp=- tbias=-100 lvlTbias=-100 org=139,-2671,461 yaw=0 disg=0 busted=0 lvlAlarm=0 lvlDisg=0 glued=1 notgt=1
[2026-08-22 20:48:03 UTC-6.000] ^~^~^ PRB census.total t=60 actors=22 surrendered=0 aiDisabled=13 engaging=0 canSeePlayer=0
[2026-08-22 20:48:03 UTC-6.000] ^~^~^ KITBACKFILL skip player=Player1 kit fully present
[2026-08-22 20:48:03 UTC-6.000] ^~^~^ BPMGR psize=2 count=1 map=m1l1 [e0 act=1 found1=0 slot1=1] [e1 act=1 found1=0 slot1=1]
[2026-08-22 20:48:03 UTC-6.000] {#1 | 127.0.0.1:12500} Player2 ,w348 has changed name (old name was 'Player2')
[2026-08-22 20:48:03 UTC-6.000] ^~^~^ NAMECMD: dispatch index 44 data '48'
[2026-08-22 20:48:03 UTC-6.000] ^~^~^ AIBEHAV3 prone=0 crouch=0 crate=0 crateblind=0 runfire=0 hitreact=0 dropgun=0 crawldeath=0 corner=0 cornernade=0 cornerdeath=0 fear=0 surrender=0 martyr=0 variant=3 g43=0 convert=0
[2026-08-22 20:48:03 UTC-6.000] {#1 | 127.0.0.1:12500} Player2 has changed name (old name was 'Player2 ,w348')
[2026-08-22 20:48:04 UTC-6.000] {#1 | 127.0.0.1:12500} Player2 ,w464 has changed name (old name was 'Player2')
[2026-08-22 20:48:04 UTC-6.000] ^~^~^ NAMECMD: dispatch index 45 data '64'
[2026-08-22 20:48:04 UTC-6.000] {#1 | 127.0.0.1:12500} Player2 has changed name (old name was 'Player2 ,w464')
[2026-08-22 20:48:04 UTC-6.000] ^~^~^ SQUAD clusters=7 engaged=0 alerts=0 search=0 bound=0
[2026-08-22 20:48:04 UTC-6.000] {#1 | 127.0.0.1:12500} Player2 ,sn39 has changed name (old name was 'Player2')
[2026-08-22 20:48:04 UTC-6.000] ^~^~^ NAMECMD: dispatch index 31 data '39'
[2026-08-22 20:48:05 UTC-6.000] {#1 | 127.0.0.1:12500} Player2 has changed name (old name was 'Player2 ,sn39')
[2026-08-22 20:48:05 UTC-6.000] ^~^~^ MANEUVER attackState=0 candidates=0 runtoIssued=0 coverThink=0
[2026-08-22 20:48:05 UTC-6.000] ^~^~^ SVFRAME worst=26ms mean=25ms over=7/40 budget=25ms
[2026-08-22 20:48:05 UTC-6.000] {#1 | 127.0.0.1:12500} Player2 ,hn39 has changed name (old name was 'Player2')
[2026-08-22 20:48:05 UTC-6.000] ^~^~^ NAMECMD: dispatch index 35 data '39'
[2026-08-22 20:48:05 UTC-6.000] {#1 | 127.0.0.1:12500} Player2 has changed name (old name was 'Player2 ,hn39')
[2026-08-22 20:48:06 UTC-6.000] ^~^~^ SQUAD clusters=7 engaged=0 alerts=0 search=0 bound=0
[2026-08-22 20:48:06 UTC-6.000] ^~^~^ SVFRAME worst=26ms mean=25ms over=2/40 budget=25ms
[2026-08-22 20:48:07 UTC-6.000] ^~^~^ MANEUVER attackState=0 candidates=0 runtoIssued=0 coverThink=0
[2026-08-22 20:48:07 UTC-6.000] ^~^~^ AIBEHAV alive=14 engaging=0 moving=1 staticCombat=0 flanked=0 | aggr=2 cover=2 flank=0 prone=0 none=10
[2026-08-22 20:48:07 UTC-6.000] ^~^~^ AIBEHAV2 window=8s engagedMoved=0 repositioned=0 totalDist=0 avgDist=0
[2026-08-22 20:48:07 UTC-6.000] ^~^~^ BPMGR psize=2 count=1 map=m1l1 [e0 act=1 found1=0 slot1=1] [e1 act=1 found1=0 slot1=1]
[2026-08-22 20:48:07 UTC-6.000] ^~^~^ SVFRAME worst=26ms mean=25ms over=3/40 budget=25ms
[2026-08-22 20:48:07 UTC-6.000] ^~^~^ SQUAD clusters=7 engaged=0 alerts=0 search=0 bound=0
[2026-08-22 20:48:08 UTC-6.000] ^~^~^ SVFRAME worst=26ms mean=25ms over=5/40 budget=25ms
[2026-08-22 20:48:09 UTC-6.000] ^~^~^ MANEUVER attackState=0 candidates=0 runtoIssued=0 coverThink=0
[2026-08-22 20:48:09 UTC-6.000] ^~^~^ KITSPAWN player=Player2 ents=4
[2026-08-22 20:48:09 UTC-6.000] ^~^~^ REISSUE called player=Player2 n=-1
[2026-08-22 20:48:09 UTC-6.000] ^~^~^ SPAWNDISG Player2 eng_has=0 eng_is=0 modHas=(NIL) modPapers=(NIL) itemPapers=(NIL) enableDisg=(NIL) uniOnSpawn=(NIL) noWeapon=0 gun=models/weapons/m1_garand.tik
[2026-08-22 20:48:09 UTC-6.000] ^~^~^ KITGIVE player=Player2 ents=4
[2026-08-22 20:48:09 UTC-6.000] ^~^~^ SQUAD clusters=7 engaged=0 alerts=0 search=0 bound=0
[2026-08-22 20:48:09 UTC-6.000] ^~^~^ KITBACKFILL skip player=Player2 kit fully present
[2026-08-22 20:48:09 UTC-6.000] ^~^~^ SVFRAME worst=26ms mean=25ms over=4/40 budget=25ms
[2026-08-22 20:48:11 UTC-6.000] ^~^~^ MANEUVER attackState=0 candidates=0 runtoIssued=0 coverThink=0
[2026-08-22 20:48:11 UTC-6.000] ^~^~^ AIBEHAV alive=14 engaging=0 moving=1 staticCombat=0 flanked=0 | aggr=2 cover=2 flank=0 prone=0 none=10
[2026-08-22 20:48:11 UTC-6.000] ^~^~^ SQUAD clusters=7 engaged=0 alerts=0 search=0 bound=0
[2026-08-22 20:48:11 UTC-6.000] ^~^~^ BPMGR psize=2 count=1 map=m1l1 [e0 act=1 found1=0 slot1=1] [e1 act=1 found1=0 slot1=1]
[2026-08-22 20:48:11 UTC-6.000] ^~^~^ SVFRAME worst=26ms mean=25ms over=5/40 budget=25ms
[2026-08-22 20:48:12 UTC-6.000] ^~^~^ SVFRAME worst=26ms mean=25ms over=2/40 budget=25ms
[2026-08-22 20:48:12 UTC-6.000] ^~^~^ SQUAD clusters=7 engaged=0 alerts=0 search=0 bound=0
[2026-08-22 20:48:13 UTC-6.000] ^~^~^ MANEUVER attackState=0 candidates=0 runtoIssued=0 coverThink=0
[2026-08-22 20:48:13 UTC-6.000] ^~^~^ PRB actor.snap t=70 n=200 ent=9 tn=barrel_guy tm=german hp=1000  aiDis=0 noIdle=0 tbias=-6969 scene=0 surr=0 conv=0 role=- persSet=0 hpReal=80 stopPain=0 noLongPain=0 hpMax=1000 wp=mauser kar 98k wg=rifle pos=crouch atk=turret hasEnemy=0 foeEnt=- foeCls=- foeTm=- org=-3788,-454,371 dist=3579 see=0 tdis=salute tidl=idle alrm=0 supp=0
[2026-08-22 20:48:13 UTC-6.000] ^~^~^ PRB actor.snap t=70 n=201 ent=27 tn=intro_bazooka tm=german hp=1000  aiDis=1 noIdle=0 tbias=0 scene=0 surr=0 conv=0 role=- persSet=0 hpReal=30 stopPain=0 noLongPain=0 hpMax=1000 wp=panzerschreck wg=bazooka pos=stand atk=turret hasEnemy=0 foeEnt=- foeCls=- foeTm=- org=-2008,-2906,256 dist=566 see=0 tdis=salute tidl=idle alrm=0 supp=0
[2026-08-22 20:48:13 UTC-6.000] ^~^~^ PRB actor.snap t=70 n=202 ent=28 tn=intro_papers tm=german hp=1000  aiDis=1 noIdle=0 tbias=0 scene=0 surr=0 conv=0 role=- persSet=0 hpReal=100 stopPain=0 noLongPain=0 hpMax=1000 wp=- wg=unarmed pos=stand atk=turret hasEnemy=0 foeEnt=- foeCls=- foeTm=- org=-1998,-3653,33 dist=401 see=0 tdis=salute tidl=idle alrm=0 supp=0
[2026-08-22 20:48:13 UTC-6.000] ^~^~^ PRB actor.snap t=70 n=203 ent=29 tn=walkerM tm=german hp=1000  aiDis=1 noIdle=0 tbias=0 scene=0 surr=0 conv=0 role=- persSet=0 hpReal=100 stopPain=0 noLongPain=0 hpMax=1000 wp=walther p38 wg=pistol pos=walk atk=turret hasEnemy=0 foeEnt=- foeCls=- foeTm=- org=4057,1092,1033 dist=7362 see=0 tdis=salute tidl=runner alrm=0 supp=0
[2026-08-22 20:48:13 UTC-6.000] ^~^~^ PRB actor.snap t=70 n=204 ent=31 tn=- tm=german hp=1000  aiDis=0 noIdle=0 tbias=0 scene=0 surr=0 conv=0 role=cover persSet=1 hpReal=80 stopPain=0 noLongPain=0 hpMax=1000 wp=mauser kar 98k wg=rifle pos=crouch atk=cover hasEnemy=0 foeEnt=- foeCls=- foeTm=- org=-3873,-2298,157 dist=2400 see=0 tdis=salute tidl=idle alrm=0 supp=0
[2026-08-22 20:48:13 UTC-6.000] ^~^~^ PRB actor.snap t=70 n=205 ent=36 tn=mg42guy tm=german hp=1000  aiDis=1 noIdle=0 tbias=-6969 scene=0 surr=0 conv=0 role=- persSet=0 hpReal=40 stopPain=0 noLongPain=0 hpMax=1000 wp=- wg=unarmed pos=stand atk=machinegunner hasEnemy=0 foeEnt=- foeCls=- foeTm=- org=-6272,2177,640 dist=7189 see=0 tdis=machinegunner tidl=machinegunner alrm=0 supp=0
[2026-08-22 20:48:13 UTC-6.000] ^~^~^ PRB actor.snap t=70 n=206 ent=39 tn=friendly tm=american hp=100  aiDis=1 noIdle=1 tbias=0 scene=0 surr=0 conv=0 role=- persSet=0 hpReal=-1 stopPain=1 noLongPain=1 hpMax=100 wp=thompson wg=thompson pos=stand atk=turret hasEnemy=0 foeEnt=- foeCls=- foeTm=- org=-1830,-3369,99 dist=107 see=0 tdis=salute tidl=anim alrm=0 supp=0
[2026-08-22 20:48:13 UTC-6.000] ^~^~^ PRB actor.snap t=70 n=207 ent=40 tn=friendly tm=american hp=100  aiDis=1 noIdle=1 tbias=0 scene=0 surr=0 conv=0 role=- persSet=0 hpReal=-1 stopPain=1 noLongPain=1 hpMax=100 wp=m1 garand wg=rifle pos=stand atk=turret hasEnemy=0 foeEnt=- foeCls=- foeTm=- org=-1798,-3435,97 dist=104 see=0 tdis=salute tidl=anim alrm=0 supp=0
[2026-08-22 20:48:13 UTC-6.000] ^~^~^ PRB actor.snap t=70 n=208 ent=64 tn=- tm=german hp=1000  aiDis=0 noIdle=0 tbias=0 scene=0 surr=0 conv=0 role=aggr persSet=1 hpReal=100 stopPain=0 noLongPain=0 hpMax=1000 wp=mauser kar 98k wg=rifle pos=crouch atk=cover hasEnemy=0 foeEnt=- foeCls=- foeTm=- org=-6333,1496,432 dist=6707 see=0 tdis=salute tidl=idle alrm=0 supp=0
[2026-08-22 20:48:13 UTC-6.000] ^~^~^ PRB actor.snap t=70 n=209 ent=103 tn=friendly tm=american hp=100  aiDis=1 noIdle=1 tbias=0 scene=0 surr=0 conv=0 role=- persSet=0 hpReal=-1 stopPain=1 noLongPain=1 hpMax=100 wp=m1 garand wg=rifle pos=stand atk=turret hasEnemy=0 foeEnt=- foeCls=- foeTm=- org=-1740,-3418,120 dist=70 see=0 tdis=salute tidl=anim alrm=0 supp=0
[2026-08-22 20:48:13 UTC-6.000] ^~^~^ PRB actor.snap t=70 n=210 ent=104 tn=friendly tm=american hp=100  aiDis=1 noIdle=1 tbias=0 scene=0 surr=0 conv=0 role=- persSet=0 hpReal=-1 stopPain=1 noLongPain=1 hpMax=100 wp=m1 garand wg=rifle pos=stand atk=turret hasEnemy=0 foeEnt=- foeCls=- foeTm=- org=-1782,-3338,100 dist=66 see=0 tdis=salute tidl=anim alrm=0 supp=0
[2026-08-22 20:48:13 UTC-6.000] ^~^~^ PRB actor.snap t=70 n=211 ent=110 tn=barrel_guy tm=german hp=1000  aiDis=0 noIdle=0 tbias=-6969 scene=0 surr=0 conv=0 role=- persSet=0 hpReal=80 stopPain=0 noLongPain=0 hpMax=1000 wp=mauser kar 98k wg=rifle pos=crouch atk=turret hasEnemy=0 foeEnt=- foeCls=- foeTm=- org=-3860,-532,369 dist=3558 see=0 tdis=salute tidl=idle alrm=0 supp=0
[2026-08-22 20:48:13 UTC-6.000] ^~^~^ PRB actor.snap t=70 n=212 ent=112 tn=- tm=german hp=1000  aiDis=0 noIdle=0 tbias=0 scene=0 surr=0 conv=0 role=cover persSet=1 hpReal=80 stopPain=0 noLongPain=0 hpMax=1000 wp=mauser kar 98k wg=rifle pos=crouch atk=cover hasEnemy=0 foeEnt=- foeCls=- foeTm=- org=-4336,-1039,401 dist=3510 see=0 tdis=salute tidl=idle alrm=0 supp=0
[2026-08-22 20:48:13 UTC-6.000] ^~^~^ PRB actor.snap t=70 n=213 ent=113 tn=- tm=german hp=1000  aiDis=0 noIdle=0 tbias=0 scene=0 surr=0 conv=0 role=aggr persSet=1 hpReal=80 stopPain=0 noLongPain=0 hpMax=1000 wp=mauser kar 98k wg=rifle pos=stand atk=turret hasEnemy=0 foeEnt=- foeCls=- foeTm=- org=-3576,-1455,313 dist=2669 see=0 tdis=salute tidl=idle alrm=0 supp=0
[2026-08-22 20:48:13 UTC-6.000] ^~^~^ PRB actor.snap t=70 n=214 ent=114 tn=bazooka_wall tm=german hp=1000  aiDis=0 noIdle=0 tbias=-6969 scene=0 surr=0 conv=0 role=- persSet=0 hpReal=160 stopPain=0 noLongPain=0 hpMax=1000 wp=panzerschreck wg=bazooka pos=stand atk=balcony_attack hasEnemy=0 foeEnt=- foeCls=- foeTm=- org=-3407,-280,608 dist=3552 see=0 tdis=salute tidl=idle alrm=0 supp=0
[2026-08-22 20:48:13 UTC-6.000] ^~^~^ PRB actor.snap t=70 n=215 ent=116 tn=coop_mgnest1_gunner tm=german hp=1000  aiDis=0 noIdle=0 tbias=0 scene=0 surr=0 conv=0 role=- persSet=0 hpReal=5 stopPain=0 noLongPain=0 hpMax=1000 wp=- wg=unarmed pos=stand atk=machinegunner hasEnemy=0 foeEnt=- foeCls=- foeTm=- org=-4201,583,435 dist=4673 see=0 tdis=machinegunner tidl=machinegunner alrm=0 supp=0
[2026-08-22 20:48:13 UTC-6.000] ^~^~^ PRB actor.snap t=70 n=216 ent=134 tn=intro_papers2 tm=german hp=1000  aiDis=1 noIdle=0 tbias=0 scene=0 surr=0 conv=0 role=- persSet=0 hpReal=100 stopPain=0 noLongPain=0 hpMax=1000 wp=- wg=unarmed pos=stand atk=turret hasEnemy=0 foeEnt=- foeCls=- foeTm=- org=-2388,-3102,51 dist=713 see=0 tdis=salute tidl=idle alrm=0 supp=0
[2026-08-22 20:48:13 UTC-6.000] ^~^~^ PRB actor.snap t=70 n=217 ent=170 tn=bazooka_wall tm=german hp=1000  aiDis=0 noIdle=0 tbias=-6969 scene=0 surr=0 conv=0 role=- persSet=0 hpReal=160 stopPain=0 noLongPain=0 hpMax=1000 wp=panzerschreck wg=bazooka pos=stand atk=balcony_attack hasEnemy=0 foeEnt=- foeCls=- foeTm=- org=-4656,-328,616 dist=4254 see=0 tdis=salute tidl=idle alrm=0 supp=0
[2026-08-22 20:48:13 UTC-6.000] ^~^~^ PRB actor.snap t=70 n=218 ent=192 tn=- tm=american hp=100  aiDis=1 noIdle=1 tbias=0 scene=1 surr=0 conv=0 role=- persSet=0 hpReal=-1 stopPain=1 noLongPain=1 hpMax=100 wp=mauser kar 98k wg=rifle pos=stand atk=turret hasEnemy=0 foeEnt=- foeCls=- foeTm=- org=-1271,-3416,120 dist=457 see=0 tdis=salute tidl=anim alrm=0 supp=0
[2026-08-22 20:48:13 UTC-6.000] ^~^~^ PRB actor.snap t=70 n=219 ent=193 tn=- tm=american hp=100  aiDis=1 noIdle=1 tbias=0 scene=1 surr=0 conv=0 role=- persSet=0 hpReal=-1 stopPain=1 noLongPain=1 hpMax=100 wp=colt 45 wg=pistol pos=stand atk=turret hasEnemy=0 foeEnt=- foeCls=- foeTm=- org=-1277,-3376,117 dist=448 see=0 tdis=salute tidl=anim alrm=0 supp=0
[2026-08-22 20:48:13 UTC-6.000] ^~^~^ PRB player.snap t=70 n=220 ent=0 tn=player tm=american hp=750  hp=750 dbno=0 active=1 wp=- tbias=-100 lvlTbias=-100 org=-1724,-3363,79 yaw=0 disg=0 busted=0 lvlAlarm=0 lvlDisg=0 glued=1 notgt=1
[2026-08-22 20:48:13 UTC-6.000] ^~^~^ PRB player.snap t=70 n=221 ent=1 tn=player tm=american hp=750  hp=750 dbno=0 active=1 wp=- tbias=-100 lvlTbias=-100 org=-1724,-3363,79 yaw=0 disg=0 busted=0 lvlAlarm=0 lvlDisg=0 glued=1 notgt=1
[2026-08-22 20:48:13 UTC-6.000] ^~^~^ PRB census.total t=70 actors=20 surrendered=0 aiDisabled=11 engaging=0 canSeePlayer=0
[2026-08-22 20:48:13 UTC-6.000] ^~^~^ SVFRAME worst=26ms mean=25ms over=4/40 budget=25ms
[2026-08-22 20:48:14 UTC-6.000] ^~^~^ CHALUI export sent=1095 rows=365
[2026-08-22 20:48:14 UTC-6.000] ^~^~^ CHALUI export sent=1095 rows=365
[2026-08-22 20:48:14 UTC-6.000] ^~^~^ SQUAD clusters=7 engaged=0 alerts=0 search=0 bound=0
[2026-08-22 20:48:15 UTC-6.000] ^~^~^ MANEUVER attackState=0 candidates=0 runtoIssued=0 coverThink=0
[2026-08-22 20:48:15 UTC-6.000] ^~^~^ AIBEHAV alive=14 engaging=0 moving=1 staticCombat=0 flanked=0 | aggr=2 cover=2 flank=0 prone=0 none=10
[2026-08-22 20:48:15 UTC-6.000] ^~^~^ AIBEHAV2 window=8s engagedMoved=0 repositioned=0 totalDist=0 avgDist=0
[2026-08-22 20:48:15 UTC-6.000] ^~^~^ BPMGR psize=2 count=1 map=m1l1 [e0 act=1 found1=0 slot1=1] [e1 act=1 found1=0 slot1=1]
[2026-08-22 20:48:16 UTC-6.000] ^~^~^ SQUAD clusters=6 engaged=0 alerts=0 search=0 bound=0
[2026-08-22 20:48:17 UTC-6.000] ^~^~^ MANEUVER attackState=0 candidates=0 runtoIssued=0 coverThink=0
[2026-08-22 20:48:17 UTC-6.000] ^~^~^ SQUAD clusters=6 engaged=0 alerts=0 search=0 bound=0
[2026-08-22 20:48:19 UTC-6.000] ^~^~^ MANEUVER attackState=0 candidates=0 runtoIssued=0 coverThink=0
[2026-08-22 20:48:19 UTC-6.000] ^~^~^ AIBEHAV alive=13 engaging=0 moving=0 staticCombat=0 flanked=0 | aggr=2 cover=2 flank=0 prone=0 none=9
[2026-08-22 20:48:19 UTC-6.000] ^~^~^ BPMGR psize=2 count=1 map=m1l1 [e0 act=1 found1=0 slot1=1] [e1 act=1 found1=0 slot1=1]
[2026-08-22 20:48:19 UTC-6.000] ^~^~^ SQUAD clusters=6 engaged=0 alerts=0 search=0 bound=0
[2026-08-22 20:48:19 UTC-6.000] coop_stopPlayerTruckViews stop
[2026-08-22 20:48:19 UTC-6.000] coop_stopPlayerTruckViews stop
[2026-08-22 20:48:21 UTC-6.000] ^~^~^ MANEUVER attackState=0 candidates=0 runtoIssued=0 coverThink=0
[2026-08-22 20:48:21 UTC-6.000] ^~^~^ SQUAD clusters=6 engaged=0 alerts=0 search=0 bound=0
[2026-08-22 20:48:21 UTC-6.000] ^~^~^ SVFRAME worst=26ms mean=25ms over=5/40 budget=25ms
[2026-08-22 20:48:22 UTC-6.000] ^~^~^ SVFRAME worst=26ms mean=24ms over=2/40 budget=25ms
[2026-08-22 20:48:23 UTC-6.000] ^~^~^ SQUAD clusters=6 engaged=0 alerts=0 search=0 bound=0
[2026-08-22 20:48:23 UTC-6.000] ^~^~^ MANEUVER attackState=0 candidates=0 runtoIssued=0 coverThink=0
[2026-08-22 20:48:23 UTC-6.000] ^~^~^ AIBEHAV alive=13 engaging=0 moving=0 staticCombat=0 flanked=0 | aggr=2 cover=2 flank=0 prone=0 none=9
[2026-08-22 20:48:23 UTC-6.000] ^~^~^ AIBEHAV2 window=8s engagedMoved=0 repositioned=0 totalDist=0 avgDist=0
[2026-08-22 20:48:23 UTC-6.000] ^~^~^ PRB actor.snap t=80 n=222 ent=9 tn=barrel_guy tm=german hp=1000  aiDis=0 noIdle=0 tbias=-6969 scene=0 surr=0 conv=0 role=- persSet=0 hpReal=80 stopPain=0 noLongPain=0 hpMax=1000 wp=mauser kar 98k wg=rifle pos=crouch atk=turret hasEnemy=0 foeEnt=- foeCls=- foeTm=- org=-3788,-454,371 dist=3136 see=0 tdis=salute tidl=idle alrm=0 supp=0
[2026-08-22 20:48:23 UTC-6.000] ^~^~^ PRB actor.snap t=80 n=223 ent=27 tn=intro_bazooka tm=german hp=1000  aiDis=1 noIdle=0 tbias=0 scene=0 surr=0 conv=0 role=- persSet=0 hpReal=30 stopPain=0 noLongPain=0 hpMax=1000 wp=panzerschreck wg=bazooka pos=stand atk=turret hasEnemy=0 foeEnt=- foeCls=- foeTm=- org=-2008,-2906,256 dist=692 see=0 tdis=salute tidl=idle alrm=0 supp=0
[2026-08-22 20:48:23 UTC-6.000] ^~^~^ PRB actor.snap t=80 n=224 ent=28 tn=intro_papers tm=german hp=1000  aiDis=1 noIdle=1 tbias=0 scene=0 surr=0 conv=0 role=- persSet=0 hpReal=100 stopPain=0 noLongPain=0 hpMax=1000 wp=- wg=unarmed pos=stand atk=turret hasEnemy=0 foeEnt=- foeCls=- foeTm=- org=-2144,-3518,30 dist=449 see=0 tdis=salute tidl=anim alrm=0 supp=0
[2026-08-22 20:48:23 UTC-6.000] ^~^~^ PRB actor.snap t=80 n=225 ent=31 tn=- tm=german hp=1000  aiDis=0 noIdle=0 tbias=0 scene=0 surr=0 conv=0 role=cover persSet=1 hpReal=80 stopPain=0 noLongPain=0 hpMax=1000 wp=mauser kar 98k wg=rifle pos=crouch atk=cover hasEnemy=0 foeEnt=- foeCls=- foeTm=- org=-3873,-2298,157 dist=1679 see=0 tdis=salute tidl=idle alrm=0 supp=0
[2026-08-22 20:48:23 UTC-6.000] ^~^~^ PRB actor.snap t=80 n=226 ent=36 tn=mg42guy tm=german hp=1000  aiDis=1 noIdle=0 tbias=-6969 scene=0 surr=0 conv=0 role=- persSet=0 hpReal=40 stopPain=0 noLongPain=0 hpMax=1000 wp=- wg=unarmed pos=stand atk=machinegunner hasEnemy=0 foeEnt=- foeCls=- foeTm=- org=-6272,2177,640 dist=6664 see=0 tdis=machinegunner tidl=machinegunner alrm=0 supp=0
[2026-08-22 20:48:23 UTC-6.000] ^~^~^ PRB actor.snap t=80 n=227 ent=39 tn=friendly tm=american hp=100  aiDis=1 noIdle=1 tbias=0 scene=0 surr=0 conv=0 role=- persSet=0 hpReal=-1 stopPain=1 noLongPain=1 hpMax=100 wp=thompson wg=thompson pos=stand atk=turret hasEnemy=0 foeEnt=- foeCls=- foeTm=- org=-2649,-3324,120 dist=111 see=0 tdis=salute tidl=anim alrm=0 supp=0
[2026-08-22 20:48:23 UTC-6.000] ^~^~^ PRB actor.snap t=80 n=228 ent=40 tn=friendly tm=american hp=100  aiDis=1 noIdle=1 tbias=0 scene=0 surr=0 conv=0 role=- persSet=0 hpReal=-1 stopPain=1 noLongPain=1 hpMax=100 wp=m1 garand wg=rifle pos=stand atk=turret hasEnemy=0 foeEnt=- foeCls=- foeTm=- org=-2617,-3390,117 dist=107 see=0 tdis=salute tidl=anim alrm=0 supp=0
[2026-08-22 20:48:23 UTC-6.000] ^~^~^ PRB actor.snap t=80 n=229 ent=64 tn=- tm=german hp=1000  aiDis=0 noIdle=0 tbias=0 scene=0 surr=0 conv=0 role=aggr persSet=1 hpReal=100 stopPain=0 noLongPain=0 hpMax=1000 wp=mauser kar 98k wg=rifle pos=crouch atk=cover hasEnemy=0 foeEnt=- foeCls=- foeTm=- org=-6333,1496,432 dist=6138 see=0 tdis=salute tidl=idle alrm=0 supp=0
[2026-08-22 20:48:23 UTC-6.000] ^~^~^ PRB actor.snap t=80 n=230 ent=103 tn=friendly tm=american hp=100  aiDis=1 noIdle=1 tbias=0 scene=0 surr=0 conv=0 role=- persSet=0 hpReal=-1 stopPain=1 noLongPain=1 hpMax=100 wp=m1 garand wg=rifle pos=stand atk=turret hasEnemy=0 foeEnt=- foeCls=- foeTm=- org=-2558,-3373,138 dist=71 see=0 tdis=salute tidl=anim alrm=0 supp=0
[2026-08-22 20:48:23 UTC-6.000] ^~^~^ PRB actor.snap t=80 n=231 ent=104 tn=friendly tm=american hp=100  aiDis=1 noIdle=1 tbias=0 scene=0 surr=0 conv=0 role=- persSet=0 hpReal=-1 stopPain=1 noLongPain=1 hpMax=100 wp=m1 garand wg=rifle pos=stand atk=turret hasEnemy=0 foeEnt=- foeCls=- foeTm=- org=-2601,-3293,119 dist=70 see=0 tdis=salute tidl=anim alrm=0 supp=0
[2026-08-22 20:48:23 UTC-6.000] ^~^~^ PRB actor.snap t=80 n=232 ent=110 tn=barrel_guy tm=german hp=1000  aiDis=0 noIdle=0 tbias=-6969 scene=0 surr=0 conv=0 role=- persSet=0 hpReal=80 stopPain=0 noLongPain=0 hpMax=1000 wp=mauser kar 98k wg=rifle pos=crouch atk=turret hasEnemy=0 foeEnt=- foeCls=- foeTm=- org=-3860,-532,369 dist=3095 see=0 tdis=salute tidl=idle alrm=0 supp=0
[2026-08-22 20:48:23 UTC-6.000] ^~^~^ PRB actor.snap t=80 n=233 ent=112 tn=- tm=german hp=1000  aiDis=0 noIdle=0 tbias=0 scene=0 surr=0 conv=0 role=cover persSet=1 hpReal=80 stopPain=0 noLongPain=0 hpMax=1000 wp=mauser kar 98k wg=rifle pos=crouch atk=cover hasEnemy=0 foeEnt=- foeCls=- foeTm=- org=-4336,-1039,401 dist=2916 see=0 tdis=salute tidl=idle alrm=0 supp=0
[2026-08-22 20:48:23 UTC-6.000] ^~^~^ PRB actor.snap t=80 n=234 ent=113 tn=- tm=german hp=1000  aiDis=0 noIdle=0 tbias=0 scene=0 surr=0 conv=0 role=aggr persSet=1 hpReal=80 stopPain=0 noLongPain=0 hpMax=1000 wp=mauser kar 98k wg=rifle pos=stand atk=turret hasEnemy=0 foeEnt=- foeCls=- foeTm=- org=-3576,-1455,313 dist=2142 see=0 tdis=salute tidl=idle alrm=0 supp=0
[2026-08-22 20:48:23 UTC-6.000] ^~^~^ PRB actor.snap t=80 n=235 ent=114 tn=bazooka_wall tm=german hp=1000  aiDis=0 noIdle=0 tbias=-6969 scene=0 surr=0 conv=0 role=- persSet=0 hpReal=160 stopPain=0 noLongPain=0 hpMax=1000 wp=panzerschreck wg=bazooka pos=stand atk=balcony_attack hasEnemy=0 foeEnt=- foeCls=- foeTm=- org=-3401,-280,608 dist=3198 see=0 tdis=salute tidl=idle alrm=0 supp=0
[2026-08-22 20:48:23 UTC-6.000] ^~^~^ PRB actor.snap t=80 n=236 ent=116 tn=coop_mgnest1_gunner tm=german hp=1000  aiDis=0 noIdle=0 tbias=0 scene=0 surr=0 conv=0 role=- persSet=0 hpReal=5 stopPain=0 noLongPain=0 hpMax=1000 wp=- wg=unarmed pos=crouch atk=machinegunner hasEnemy=0 foeEnt=- foeCls=- foeTm=- org=-4201,583,435 dist=4253 see=0 tdis=machinegunner tidl=machinegunner alrm=0 supp=0
[2026-08-22 20:48:23 UTC-6.000] ^~^~^ PRB actor.snap t=80 n=237 ent=134 tn=intro_papers2 tm=german hp=1000  aiDis=1 noIdle=0 tbias=0 scene=0 surr=0 conv=0 role=- persSet=0 hpReal=100 stopPain=0 noLongPain=0 hpMax=1000 wp=- wg=unarmed pos=stand atk=turret hasEnemy=0 foeEnt=- foeCls=- foeTm=- org=-2386,-3102,51 dist=269 see=0 tdis=salute tidl=idle alrm=0 supp=0
[2026-08-22 20:48:23 UTC-6.000] ^~^~^ PRB actor.snap t=80 n=238 ent=170 tn=bazooka_wall tm=german hp=1000  aiDis=0 noIdle=0 tbias=-6969 scene=0 surr=0 conv=0 role=- persSet=0 hpReal=160 stopPain=0 noLongPain=0 hpMax=1000 wp=panzerschreck wg=bazooka pos=stand atk=balcony_attack hasEnemy=0 foeEnt=- foeCls=- foeTm=- org=-4656,-328,616 dist=3699 see=0 tdis=salute tidl=idle alrm=0 supp=0
[2026-08-22 20:48:23 UTC-6.000] ^~^~^ PRB actor.snap t=80 n=239 ent=192 tn=- tm=american hp=100  aiDis=1 noIdle=1 tbias=0 scene=1 surr=0 conv=0 role=- persSet=0 hpReal=-1 stopPain=1 noLongPain=1 hpMax=100 wp=mauser kar 98k wg=rifle pos=stand atk=turret hasEnemy=0 foeEnt=- foeCls=- foeTm=- org=-2167,-3437,85 dist=391 see=0 tdis=salute tidl=anim alrm=0 supp=0
[2026-08-22 20:48:23 UTC-6.000] ^~^~^ PRB actor.snap t=80 n=240 ent=193 tn=- tm=american hp=100  aiDis=1 noIdle=1 tbias=0 scene=1 surr=0 conv=0 role=- persSet=0 hpReal=-1 stopPain=1 noLongPain=1 hpMax=100 wp=colt 45 wg=pistol pos=stand atk=turret hasEnemy=0 foeEnt=- foeCls=- foeTm=- org=-2167,-3397,82 dist=381 see=0 tdis=salute tidl=anim alrm=0 supp=0
[2026-08-22 20:48:23 UTC-6.000] ^~^~^ PRB player.snap t=80 n=241 ent=0 tn=player tm=american hp=750  hp=750 dbno=0 active=1 wp=- tbias=-100 lvlTbias=-100 org=-2540,-3318,95 yaw=0 disg=0 busted=0 lvlAlarm=0 lvlDisg=0 glued=1 notgt=1
[2026-08-22 20:48:23 UTC-6.000] ^~^~^ PRB player.snap t=80 n=242 ent=1 tn=player tm=american hp=750  hp=750 dbno=0 active=1 wp=- tbias=-100 lvlTbias=-100 org=-2540,-3318,95 yaw=0 disg=0 busted=0 lvlAlarm=0 lvlDisg=0 glued=1 notgt=1
[2026-08-22 20:48:23 UTC-6.000] ^~^~^ PRB census.total t=80 actors=19 surrendered=0 aiDisabled=10 engaging=0 canSeePlayer=0
[2026-08-22 20:48:23 UTC-6.000] ^~^~^ BPMGR psize=2 count=1 map=m1l1 [e0 act=1 found1=0 slot1=1] [e1 act=1 found1=0 slot1=1]
[2026-08-22 20:48:23 UTC-6.000] ^~^~^ SVFRAME worst=26ms mean=25ms over=10/40 budget=25ms
[2026-08-22 20:48:24 UTC-6.000] ^~^~^ SVFRAME worst=26ms mean=25ms over=5/40 budget=25ms
[2026-08-22 20:48:24 UTC-6.000] ^~^~^ SQUAD clusters=6 engaged=0 alerts=0 search=0 bound=0
[2026-08-22 20:48:25 UTC-6.000] ^~^~^ MANEUVER attackState=0 candidates=0 runtoIssued=0 coverThink=0
[2026-08-22 20:48:25 UTC-6.000] ^~^~^ SVFRAME worst=26ms mean=25ms over=2/40 budget=25ms
[2026-08-22 20:48:26 UTC-6.000] ^~^~^ SQUAD clusters=6 engaged=0 alerts=0 search=0 bound=0
[2026-08-22 20:48:27 UTC-6.000] ^~^~^ MANEUVER attackState=0 candidates=0 runtoIssued=0 coverThink=0
[2026-08-22 20:48:27 UTC-6.000] ^~^~^ AIBEHAV alive=13 engaging=0 moving=1 staticCombat=0 flanked=0 | aggr=2 cover=2 flank=0 prone=0 none=9
[2026-08-22 20:48:27 UTC-6.000] ^~^~^ BPMGR psize=2 count=1 map=m1l1 [e0 act=1 found1=0 slot1=1] [e1 act=1 found1=0 slot1=1]
[2026-08-22 20:48:28 UTC-6.000] ^~^~^ SQUAD clusters=6 engaged=0 alerts=0 search=0 bound=0
[2026-08-22 20:48:29 UTC-6.000] ^~^~^ MANEUVER attackState=0 candidates=0 runtoIssued=0 coverThink=0
[2026-08-22 20:48:29 UTC-6.000] ^~^~^ SQUAD clusters=6 engaged=0 alerts=0 search=0 bound=0
[2026-08-22 20:48:30 UTC-6.000] ******* WARNING - (coop_mod/replace.scr::playsound_wait): sound with alias 'truck1_window' has a length of NIL. Add it to coop_mod/sound.scr!!!
[2026-08-22 20:48:31 UTC-6.000] ^~^~^ MANEUVER attackState=0 candidates=0 runtoIssued=0 coverThink=0
[2026-08-22 20:48:31 UTC-6.000] ^~^~^ AIBEHAV alive=13 engaging=0 moving=1 staticCombat=0 flanked=0 | aggr=2 cover=2 flank=0 prone=0 none=9
[2026-08-22 20:48:31 UTC-6.000] ^~^~^ AIBEHAV2 window=8s engagedMoved=0 repositioned=0 totalDist=0 avgDist=0
[2026-08-22 20:48:31 UTC-6.000] ^~^~^ BPMGR psize=2 count=1 map=m1l1 [e0 act=1 found1=0 slot1=1] [e1 act=1 found1=0 slot1=1]
[2026-08-22 20:48:31 UTC-6.000] ^~^~^ SVFRAME worst=26ms mean=25ms over=3/40 budget=25ms
[2026-08-22 20:48:31 UTC-6.000] ^~^~^ SQUAD clusters=7 engaged=0 alerts=0 search=0 bound=0
[2026-08-22 20:48:32 UTC-6.000] ******* WARNING - (coop_mod/replace.scr::playsound_wait): sound with alias 'truck1_papers' has a length of NIL. Add it to coop_mod/sound.scr!!!
[2026-08-22 20:48:32 UTC-6.000] ^~^~^ SVFRAME worst=28ms mean=25ms over=3/40 budget=25ms
[2026-08-22 20:48:33 UTC-6.000] ^~^~^ MANEUVER attackState=0 candidates=0 runtoIssued=0 coverThink=0
[2026-08-22 20:48:33 UTC-6.000] ^~^~^ PRB actor.snap t=90 n=243 ent=9 tn=barrel_guy tm=german hp=1000  aiDis=0 noIdle=0 tbias=-6969 scene=0 surr=0 conv=0 role=- persSet=0 hpReal=80 stopPain=0 noLongPain=0 hpMax=1000 wp=mauser kar 98k wg=rifle pos=crouch atk=turret hasEnemy=0 foeEnt=- foeCls=- foeTm=- org=-3788,-454,371 dist=3136 see=0 tdis=salute tidl=idle alrm=0 supp=0
[2026-08-22 20:48:33 UTC-6.000] ^~^~^ PRB actor.snap t=90 n=244 ent=27 tn=intro_bazooka tm=german hp=1000  aiDis=1 noIdle=0 tbias=0 scene=0 surr=0 conv=0 role=- persSet=0 hpReal=30 stopPain=0 noLongPain=0 hpMax=1000 wp=panzerschreck wg=bazooka pos=stand atk=turret hasEnemy=0 foeEnt=- foeCls=- foeTm=- org=-2008,-2906,256 dist=692 see=0 tdis=salute tidl=idle alrm=0 supp=0
[2026-08-22 20:48:33 UTC-6.000] ^~^~^ PRB actor.snap t=90 n=245 ent=28 tn=intro_papers tm=german hp=1000  aiDis=1 noIdle=1 tbias=0 scene=0 surr=0 conv=0 role=- persSet=0 hpReal=100 stopPain=0 noLongPain=0 hpMax=1000 wp=- wg=unarmed pos=stand atk=turret hasEnemy=0 foeEnt=- foeCls=- foeTm=- org=-2145,-3516,30 dist=447 see=0 tdis=salute tidl=anim alrm=0 supp=0
[2026-08-22 20:48:33 UTC-6.000] ^~^~^ PRB actor.snap t=90 n=246 ent=31 tn=- tm=german hp=1000  aiDis=0 noIdle=0 tbias=0 scene=0 surr=0 conv=0 role=cover persSet=1 hpReal=80 stopPain=0 noLongPain=0 hpMax=1000 wp=mauser kar 98k wg=rifle pos=crouch atk=cover hasEnemy=0 foeEnt=- foeCls=- foeTm=- org=-3873,-2298,157 dist=1679 see=0 tdis=salute tidl=idle alrm=0 supp=0
[2026-08-22 20:48:33 UTC-6.000] ^~^~^ PRB actor.snap t=90 n=247 ent=36 tn=mg42guy tm=german hp=1000  aiDis=1 noIdle=0 tbias=-6969 scene=0 surr=0 conv=0 role=- persSet=0 hpReal=40 stopPain=0 noLongPain=0 hpMax=1000 wp=- wg=unarmed pos=stand atk=machinegunner hasEnemy=0 foeEnt=- foeCls=- foeTm=- org=-6272,2177,640 dist=6664 see=0 tdis=machinegunner tidl=machinegunner alrm=0 supp=0
[2026-08-22 20:48:33 UTC-6.000] ^~^~^ PRB actor.snap t=90 n=248 ent=39 tn=friendly tm=american hp=100  aiDis=1 noIdle=1 tbias=0 scene=0 surr=0 conv=0 role=- persSet=0 hpReal=-1 stopPain=1 noLongPain=1 hpMax=100 wp=thompson wg=thompson pos=stand atk=turret hasEnemy=0 foeEnt=- foeCls=- foeTm=- org=-2649,-3324,120 dist=111 see=0 tdis=salute tidl=anim alrm=0 supp=0
[2026-08-22 20:48:33 UTC-6.000] ^~^~^ PRB actor.snap t=90 n=249 ent=40 tn=friendly tm=american hp=100  aiDis=1 noIdle=1 tbias=0 scene=0 surr=0 conv=0 role=- persSet=0 hpReal=-1 stopPain=1 noLongPain=1 hpMax=100 wp=m1 garand wg=rifle pos=stand atk=turret hasEnemy=0 foeEnt=- foeCls=- foeTm=- org=-2617,-3390,117 dist=107 see=0 tdis=salute tidl=anim alrm=0 supp=0
[2026-08-22 20:48:33 UTC-6.000] ^~^~^ PRB actor.snap t=90 n=250 ent=64 tn=- tm=german hp=1000  aiDis=0 noIdle=0 tbias=0 scene=0 surr=0 conv=0 role=aggr persSet=1 hpReal=100 stopPain=0 noLongPain=0 hpMax=1000 wp=mauser kar 98k wg=rifle pos=crouch atk=cover hasEnemy=0 foeEnt=- foeCls=- foeTm=- org=-6333,1496,432 dist=6138 see=0 tdis=salute tidl=idle alrm=0 supp=0
[2026-08-22 20:48:33 UTC-6.000] ^~^~^ PRB actor.snap t=90 n=251 ent=103 tn=friendly tm=american hp=100  aiDis=1 noIdle=1 tbias=0 scene=0 surr=0 conv=0 role=- persSet=0 hpReal=-1 stopPain=1 noLongPain=1 hpMax=100 wp=m1 garand wg=rifle pos=stand atk=turret hasEnemy=0 foeEnt=- foeCls=- foeTm=- org=-2558,-3373,138 dist=71 see=0 tdis=salute tidl=anim alrm=0 supp=0
[2026-08-22 20:48:33 UTC-6.000] ^~^~^ PRB actor.snap t=90 n=252 ent=104 tn=friendly tm=american hp=100  aiDis=1 noIdle=1 tbias=0 scene=0 surr=0 conv=0 role=- persSet=0 hpReal=-1 stopPain=1 noLongPain=1 hpMax=100 wp=m1 garand wg=rifle pos=stand atk=turret hasEnemy=0 foeEnt=- foeCls=- foeTm=- org=-2601,-3293,119 dist=70 see=0 tdis=salute tidl=anim alrm=0 supp=0
[2026-08-22 20:48:33 UTC-6.000] ^~^~^ PRB actor.snap t=90 n=253 ent=110 tn=barrel_guy tm=german hp=1000  aiDis=0 noIdle=0 tbias=-6969 scene=0 surr=0 conv=0 role=- persSet=0 hpReal=80 stopPain=0 noLongPain=0 hpMax=1000 wp=mauser kar 98k wg=rifle pos=crouch atk=turret hasEnemy=0 foeEnt=- foeCls=- foeTm=- org=-3860,-532,369 dist=3095 see=0 tdis=salute tidl=idle alrm=0 supp=0
[2026-08-22 20:48:33 UTC-6.000] ^~^~^ PRB actor.snap t=90 n=254 ent=112 tn=- tm=german hp=1000  aiDis=0 noIdle=0 tbias=0 scene=0 surr=0 conv=0 role=cover persSet=1 hpReal=80 stopPain=0 noLongPain=0 hpMax=1000 wp=mauser kar 98k wg=rifle pos=crouch atk=cover hasEnemy=0 foeEnt=- foeCls=- foeTm=- org=-4336,-1039,401 dist=2916 see=0 tdis=salute tidl=idle alrm=0 supp=0
[2026-08-22 20:48:33 UTC-6.000] ^~^~^ PRB actor.snap t=90 n=255 ent=113 tn=- tm=german hp=1000  aiDis=0 noIdle=0 tbias=0 scene=0 surr=0 conv=0 role=aggr persSet=1 hpReal=80 stopPain=0 noLongPain=0 hpMax=1000 wp=mauser kar 98k wg=rifle pos=stand atk=turret hasEnemy=0 foeEnt=- foeCls=- foeTm=- org=-3576,-1455,313 dist=2142 see=0 tdis=salute tidl=idle alrm=0 supp=0
[2026-08-22 20:48:33 UTC-6.000] ^~^~^ PRB actor.snap t=90 n=256 ent=114 tn=bazooka_wall tm=german hp=1000  aiDis=0 noIdle=0 tbias=-6969 scene=0 surr=0 conv=0 role=- persSet=0 hpReal=160 stopPain=0 noLongPain=0 hpMax=1000 wp=panzerschreck wg=bazooka pos=stand atk=balcony_attack hasEnemy=0 foeEnt=- foeCls=- foeTm=- org=-3407,-280,608 dist=3200 see=0 tdis=salute tidl=idle alrm=0 supp=0
[2026-08-22 20:48:33 UTC-6.000] ^~^~^ PRB actor.snap t=90 n=257 ent=116 tn=coop_mgnest1_gunner tm=german hp=1000  aiDis=0 noIdle=0 tbias=0 scene=0 surr=0 conv=0 role=- persSet=0 hpReal=5 stopPain=0 noLongPain=0 hpMax=1000 wp=- wg=unarmed pos=crouch atk=machinegunner hasEnemy=0 foeEnt=- foeCls=- foeTm=- org=-4201,583,435 dist=4253 see=0 tdis=machinegunner tidl=machinegunner alrm=0 supp=0
[2026-08-22 20:48:33 UTC-6.000] ^~^~^ PRB actor.snap t=90 n=258 ent=134 tn=intro_papers2 tm=german hp=1000  aiDis=1 noIdle=0 tbias=0 scene=0 surr=0 conv=0 role=- persSet=0 hpReal=100 stopPain=0 noLongPain=0 hpMax=1000 wp=- wg=unarmed pos=walk atk=turret hasEnemy=0 foeEnt=- foeCls=- foeTm=- org=-2523,-3850,55 dist=534 see=0 tdis=salute tidl=runner alrm=0 supp=0
[2026-08-22 20:48:33 UTC-6.000] ^~^~^ PRB actor.snap t=90 n=259 ent=170 tn=bazooka_wall tm=german hp=1000  aiDis=0 noIdle=0 tbias=-6969 scene=0 surr=0 conv=0 role=- persSet=0 hpReal=160 stopPain=0 noLongPain=0 hpMax=1000 wp=panzerschreck wg=bazooka pos=stand atk=balcony_attack hasEnemy=0 foeEnt=- foeCls=- foeTm=- org=-4656,-328,616 dist=3699 see=0 tdis=salute tidl=idle alrm=0 supp=0
[2026-08-22 20:48:33 UTC-6.000] ^~^~^ PRB actor.snap t=90 n=260 ent=192 tn=- tm=american hp=100  aiDis=1 noIdle=1 tbias=0 scene=1 surr=0 conv=0 role=- persSet=0 hpReal=-1 stopPain=1 noLongPain=1 hpMax=100 wp=mauser kar 98k wg=rifle pos=stand atk=turret hasEnemy=0 foeEnt=- foeCls=- foeTm=- org=-2167,-3437,85 dist=391 see=0 tdis=salute tidl=anim alrm=0 supp=0
[2026-08-22 20:48:33 UTC-6.000] ^~^~^ PRB actor.snap t=90 n=261 ent=193 tn=- tm=american hp=100  aiDis=1 noIdle=1 tbias=0 scene=1 surr=0 conv=0 role=- persSet=0 hpReal=-1 stopPain=1 noLongPain=1 hpMax=100 wp=colt 45 wg=pistol pos=stand atk=turret hasEnemy=0 foeEnt=- foeCls=- foeTm=- org=-2167,-3397,82 dist=381 see=0 tdis=salute tidl=anim alrm=0 supp=0
[2026-08-22 20:48:33 UTC-6.000] ^~^~^ PRB player.snap t=90 n=262 ent=0 tn=player tm=american hp=750  hp=750 dbno=0 active=1 wp=- tbias=-100 lvlTbias=-100 org=-2540,-3318,95 yaw=0 disg=0 busted=0 lvlAlarm=0 lvlDisg=0 glued=1 notgt=1
[2026-08-22 20:48:33 UTC-6.000] ^~^~^ PRB player.snap t=90 n=263 ent=1 tn=player tm=american hp=750  hp=750 dbno=0 active=1 wp=- tbias=-100 lvlTbias=-100 org=-2540,-3318,95 yaw=0 disg=0 busted=0 lvlAlarm=0 lvlDisg=0 glued=1 notgt=1
[2026-08-22 20:48:33 UTC-6.000] ^~^~^ PRB census.total t=90 actors=19 surrendered=0 aiDisabled=10 engaging=0 canSeePlayer=0
[2026-08-22 20:48:33 UTC-6.000] ^~^~^ CHALUI export sent=0 rows=365
[2026-08-22 20:48:33 UTC-6.000] ^~^~^ CHALUI export sent=0 rows=365
[2026-08-22 20:48:33 UTC-6.000] ^~^~^ SQUAD clusters=7 engaged=0 alerts=0 search=0 bound=0
[2026-08-22 20:48:33 UTC-6.000] ^~^~^ AIBEHAV3 prone=0 crouch=0 crate=0 crateblind=0 runfire=0 hitreact=0 dropgun=0 crawldeath=0 corner=0 cornernade=0 cornerdeath=0 fear=0 surrender=0 martyr=0 variant=3 g43=0 convert=0
[2026-08-22 20:48:34 UTC-6.000] ^~^~^ SVFRAME worst=26ms mean=25ms over=3/40 budget=25ms
[2026-08-22 20:48:34 UTC-6.000] ^~^~^ SQUAD clusters=7 engaged=0 alerts=0 search=0 bound=0
[2026-08-22 20:48:35 UTC-6.000] ^~^~^ MANEUVER attackState=0 candidates=0 runtoIssued=0 coverThink=0
[2026-08-22 20:48:35 UTC-6.000] ^~^~^ AIBEHAV alive=13 engaging=0 moving=1 staticCombat=0 flanked=0 | aggr=2 cover=2 flank=0 prone=0 none=9
[2026-08-22 20:48:35 UTC-6.000] ^~^~^ BPMGR psize=2 count=1 map=m1l1 [e0 act=1 found1=0 slot1=1] [e1 act=1 found1=0 slot1=1]
[2026-08-22 20:48:35 UTC-6.000] ^~^~^ SVFRAME worst=26ms mean=24ms over=4/40 budget=25ms
[2026-08-22 20:48:36 UTC-6.000] ^~^~^ SQUAD clusters=7 engaged=0 alerts=0 search=0 bound=0
[2026-08-22 20:48:37 UTC-6.000] ^~^~^ MANEUVER attackState=0 candidates=0 runtoIssued=0 coverThink=0
[2026-08-22 20:48:37 UTC-6.000] ^~^~^ SVFRAME worst=26ms mean=25ms over=1/40 budget=25ms
[2026-08-22 20:48:38 UTC-6.000] ^~^~^ SQUAD clusters=7 engaged=0 alerts=0 search=0 bound=0
[2026-08-22 20:48:39 UTC-6.000] ^~^~^ MANEUVER attackState=0 candidates=0 runtoIssued=0 coverThink=0
[2026-08-22 20:48:39 UTC-6.000] ^~^~^ AIBEHAV alive=13 engaging=0 moving=0 staticCombat=0 flanked=0 | aggr=2 cover=2 flank=0 prone=0 none=9
[2026-08-22 20:48:39 UTC-6.000] ^~^~^ AIBEHAV2 window=8s engagedMoved=0 repositioned=0 totalDist=0 avgDist=0
[2026-08-22 20:48:39 UTC-6.000] ^~^~^ BPMGR psize=2 count=1 map=m1l1 [e0 act=1 found1=0 slot1=1] [e1 act=1 found1=0 slot1=1]
[2026-08-22 20:48:40 UTC-6.000] ^~^~^ SQUAD clusters=7 engaged=0 alerts=0 search=0 bound=0
[2026-08-22 20:48:41 UTC-6.000] ^~^~^ MANEUVER attackState=0 candidates=0 runtoIssued=0 coverThink=0
[2026-08-22 20:48:41 UTC-6.000] ^~^~^ SVFRAME worst=26ms mean=25ms over=6/40 budget=25ms
[2026-08-22 20:48:41 UTC-6.000] ^~^~^ SQUAD clusters=7 engaged=0 alerts=0 search=0 bound=0
[2026-08-22 20:48:43 UTC-6.000] ^~^~^ MANEUVER attackState=0 candidates=0 runtoIssued=0 coverThink=0
[2026-08-22 20:48:43 UTC-6.000] ^~^~^ AIBEHAV alive=13 engaging=0 moving=0 staticCombat=0 flanked=0 | aggr=2 cover=2 flank=0 prone=0 none=9
[2026-08-22 20:48:43 UTC-6.000] ^~^~^ PRB actor.snap t=100 n=264 ent=9 tn=barrel_guy tm=german hp=1000  aiDis=0 noIdle=0 tbias=-6969 scene=0 surr=0 conv=0 role=- persSet=0 hpReal=80 stopPain=0 noLongPain=0 hpMax=1000 wp=mauser kar 98k wg=rifle pos=crouch atk=turret hasEnemy=0 foeEnt=- foeCls=- foeTm=- org=-3788,-454,371 dist=3136 see=0 tdis=salute tidl=idle alrm=0 supp=0
[2026-08-22 20:48:43 UTC-6.000] ^~^~^ PRB actor.snap t=100 n=265 ent=27 tn=intro_bazooka tm=german hp=1000  aiDis=1 noIdle=0 tbias=0 scene=0 surr=0 conv=0 role=- persSet=0 hpReal=30 stopPain=0 noLongPain=0 hpMax=1000 wp=panzerschreck wg=bazooka pos=stand atk=turret hasEnemy=0 foeEnt=- foeCls=- foeTm=- org=-2008,-2906,256 dist=692 see=0 tdis=salute tidl=idle alrm=0 supp=0
[2026-08-22 20:48:43 UTC-6.000] ^~^~^ PRB actor.snap t=100 n=266 ent=28 tn=intro_papers tm=german hp=1000  aiDis=1 noIdle=1 tbias=0 scene=0 surr=0 conv=0 role=- persSet=0 hpReal=100 stopPain=0 noLongPain=0 hpMax=1000 wp=- wg=unarmed pos=stand atk=turret hasEnemy=0 foeEnt=- foeCls=- foeTm=- org=-2140,-3515,30 dist=451 see=0 tdis=salute tidl=anim alrm=0 supp=0
[2026-08-22 20:48:43 UTC-6.000] ^~^~^ PRB actor.snap t=100 n=267 ent=31 tn=- tm=german hp=1000  aiDis=0 noIdle=0 tbias=0 scene=0 surr=0 conv=0 role=cover persSet=1 hpReal=80 stopPain=0 noLongPain=0 hpMax=1000 wp=mauser kar 98k wg=rifle pos=crouch atk=cover hasEnemy=0 foeEnt=- foeCls=- foeTm=- org=-3873,-2298,157 dist=1679 see=0 tdis=salute tidl=idle alrm=0 supp=0
[2026-08-22 20:48:43 UTC-6.000] ^~^~^ PRB actor.snap t=100 n=268 ent=36 tn=mg42guy tm=german hp=1000  aiDis=1 noIdle=0 tbias=-6969 scene=0 surr=0 conv=0 role=- persSet=0 hpReal=40 stopPain=0 noLongPain=0 hpMax=1000 wp=- wg=unarmed pos=stand atk=machinegunner hasEnemy=0 foeEnt=- foeCls=- foeTm=- org=-6272,2177,640 dist=6664 see=0 tdis=machinegunner tidl=machinegunner alrm=0 supp=0
[2026-08-22 20:48:43 UTC-6.000] ^~^~^ PRB actor.snap t=100 n=269 ent=39 tn=friendly tm=american hp=100  aiDis=1 noIdle=1 tbias=0 scene=0 surr=0 conv=0 role=- persSet=0 hpReal=-1 stopPain=1 noLongPain=1 hpMax=100 wp=thompson wg=thompson pos=stand atk=turret hasEnemy=0 foeEnt=- foeCls=- foeTm=- org=-2649,-3324,120 dist=111 see=0 tdis=salute tidl=anim alrm=0 supp=0
[2026-08-22 20:48:43 UTC-6.000] ^~^~^ PRB actor.snap t=100 n=270 ent=40 tn=friendly tm=american hp=100  aiDis=1 noIdle=1 tbias=0 scene=0 surr=0 conv=0 role=- persSet=0 hpReal=-1 stopPain=1 noLongPain=1 hpMax=100 wp=m1 garand wg=rifle pos=stand atk=turret hasEnemy=0 foeEnt=- foeCls=- foeTm=- org=-2617,-3390,117 dist=107 see=0 tdis=salute tidl=anim alrm=0 supp=0
[2026-08-22 20:48:43 UTC-6.000] ^~^~^ PRB actor.snap t=100 n=271 ent=64 tn=- tm=german hp=1000  aiDis=0 noIdle=0 tbias=0 scene=0 surr=0 conv=0 role=aggr persSet=1 hpReal=100 stopPain=0 noLongPain=0 hpMax=1000 wp=mauser kar 98k wg=rifle pos=crouch atk=cover hasEnemy=0 foeEnt=- foeCls=- foeTm=- org=-6333,1496,432 dist=6138 see=0 tdis=salute tidl=idle alrm=0 supp=0
[2026-08-22 20:48:43 UTC-6.000] ^~^~^ PRB actor.snap t=100 n=272 ent=103 tn=friendly tm=american hp=100  aiDis=1 noIdle=1 tbias=0 scene=0 surr=0 conv=0 role=- persSet=0 hpReal=-1 stopPain=1 noLongPain=1 hpMax=100 wp=m1 garand wg=rifle pos=stand atk=turret hasEnemy=0 foeEnt=- foeCls=- foeTm=- org=-2558,-3373,138 dist=71 see=0 tdis=salute tidl=anim alrm=0 supp=0
[2026-08-22 20:48:43 UTC-6.000] ^~^~^ PRB actor.snap t=100 n=273 ent=104 tn=friendly tm=american hp=100  aiDis=1 noIdle=1 tbias=0 scene=0 surr=0 conv=0 role=- persSet=0 hpReal=-1 stopPain=1 noLongPain=1 hpMax=100 wp=m1 garand wg=rifle pos=stand atk=turret hasEnemy=0 foeEnt=- foeCls=- foeTm=- org=-2601,-3293,119 dist=70 see=0 tdis=salute tidl=anim alrm=0 supp=0
[2026-08-22 20:48:43 UTC-6.000] ^~^~^ PRB actor.snap t=100 n=274 ent=110 tn=barrel_guy tm=german hp=1000  aiDis=0 noIdle=0 tbias=-6969 scene=0 surr=0 conv=0 role=- persSet=0 hpReal=80 stopPain=0 noLongPain=0 hpMax=1000 wp=mauser kar 98k wg=rifle pos=crouch atk=turret hasEnemy=0 foeEnt=- foeCls=- foeTm=- org=-3860,-532,369 dist=3095 see=0 tdis=salute tidl=idle alrm=0 supp=0
[2026-08-22 20:48:43 UTC-6.000] ^~^~^ PRB actor.snap t=100 n=275 ent=112 tn=- tm=german hp=1000  aiDis=0 noIdle=0 tbias=0 scene=0 surr=0 conv=0 role=cover persSet=1 hpReal=80 stopPain=0 noLongPain=0 hpMax=1000 wp=mauser kar 98k wg=rifle pos=crouch atk=cover hasEnemy=0 foeEnt=- foeCls=- foeTm=- org=-4336,-1039,401 dist=2916 see=0 tdis=salute tidl=idle alrm=0 supp=0
[2026-08-22 20:48:43 UTC-6.000] ^~^~^ PRB actor.snap t=100 n=276 ent=113 tn=- tm=german hp=1000  aiDis=0 noIdle=0 tbias=0 scene=0 surr=0 conv=0 role=aggr persSet=1 hpReal=80 stopPain=0 noLongPain=0 hpMax=1000 wp=mauser kar 98k wg=rifle pos=stand atk=turret hasEnemy=0 foeEnt=- foeCls=- foeTm=- org=-3576,-1455,313 dist=2142 see=0 tdis=salute tidl=idle alrm=0 supp=0
[2026-08-22 20:48:43 UTC-6.000] ^~^~^ PRB actor.snap t=100 n=277 ent=114 tn=bazooka_wall tm=german hp=1000  aiDis=0 noIdle=0 tbias=-6969 scene=0 surr=0 conv=0 role=- persSet=0 hpReal=160 stopPain=0 noLongPain=0 hpMax=1000 wp=panzerschreck wg=bazooka pos=stand atk=balcony_attack hasEnemy=0 foeEnt=- foeCls=- foeTm=- org=-3407,-280,608 dist=3200 see=0 tdis=salute tidl=idle alrm=0 supp=0
[2026-08-22 20:48:43 UTC-6.000] ^~^~^ PRB actor.snap t=100 n=278 ent=116 tn=coop_mgnest1_gunner tm=german hp=1000  aiDis=0 noIdle=0 tbias=0 scene=0 surr=0 conv=0 role=- persSet=0 hpReal=5 stopPain=0 noLongPain=0 hpMax=1000 wp=- wg=unarmed pos=crouch atk=machinegunner hasEnemy=0 foeEnt=- foeCls=- foeTm=- org=-4201,583,435 dist=4253 see=0 tdis=machinegunner tidl=machinegunner alrm=0 supp=0
[2026-08-22 20:48:43 UTC-6.000] ^~^~^ PRB actor.snap t=100 n=279 ent=134 tn=intro_papers2 tm=german hp=1000  aiDis=1 noIdle=0 tbias=0 scene=0 surr=0 conv=0 role=- persSet=0 hpReal=100 stopPain=0 noLongPain=0 hpMax=1000 wp=- wg=unarmed pos=stand atk=turret hasEnemy=0 foeEnt=- foeCls=- foeTm=- org=-2790,-3646,71 dist=412 see=0 tdis=salute tidl=idle alrm=0 supp=0
[2026-08-22 20:48:43 UTC-6.000] ^~^~^ PRB actor.snap t=100 n=280 ent=170 tn=bazooka_wall tm=german hp=1000  aiDis=0 noIdle=0 tbias=-6969 scene=0 surr=0 conv=0 role=- persSet=0 hpReal=160 stopPain=0 noLongPain=0 hpMax=1000 wp=panzerschreck wg=bazooka pos=stand atk=balcony_attack hasEnemy=0 foeEnt=- foeCls=- foeTm=- org=-4656,-328,616 dist=3699 see=0 tdis=salute tidl=idle alrm=0 supp=0
[2026-08-22 20:48:43 UTC-6.000] ^~^~^ PRB actor.snap t=100 n=281 ent=192 tn=- tm=american hp=100  aiDis=1 noIdle=1 tbias=0 scene=1 surr=0 conv=0 role=- persSet=0 hpReal=-1 stopPain=1 noLongPain=1 hpMax=100 wp=mauser kar 98k wg=rifle pos=stand atk=turret hasEnemy=0 foeEnt=- foeCls=- foeTm=- org=-2167,-3437,85 dist=391 see=0 tdis=salute tidl=anim alrm=0 supp=0
[2026-08-22 20:48:43 UTC-6.000] ^~^~^ PRB actor.snap t=100 n=282 ent=193 tn=- tm=american hp=100  aiDis=1 noIdle=1 tbias=0 scene=1 surr=0 conv=0 role=- persSet=0 hpReal=-1 stopPain=1 noLongPain=1 hpMax=100 wp=colt 45 wg=pistol pos=stand atk=turret hasEnemy=0 foeEnt=- foeCls=- foeTm=- org=-2167,-3397,82 dist=381 see=0 tdis=salute tidl=anim alrm=0 supp=0
[2026-08-22 20:48:43 UTC-6.000] ^~^~^ PRB player.snap t=100 n=283 ent=0 tn=player tm=american hp=750  hp=750 dbno=0 active=1 wp=- tbias=-100 lvlTbias=-100 org=-2540,-3318,95 yaw=0 disg=0 busted=0 lvlAlarm=0 lvlDisg=0 glued=1 notgt=1
[2026-08-22 20:48:43 UTC-6.000] ^~^~^ PRB player.snap t=100 n=284 ent=1 tn=player tm=american hp=750  hp=750 dbno=0 active=1 wp=- tbias=-100 lvlTbias=-100 org=-2540,-3318,95 yaw=0 disg=0 busted=0 lvlAlarm=0 lvlDisg=0 glued=1 notgt=1
[2026-08-22 20:48:43 UTC-6.000] ^~^~^ PRB census.total t=100 actors=19 surrendered=0 aiDisabled=10 engaging=0 canSeePlayer=0
[2026-08-22 20:48:43 UTC-6.000] ^~^~^ BPMGR psize=2 count=1 map=m1l1 [e0 act=1 found1=0 slot1=1] [e1 act=1 found1=0 slot1=1]
[2026-08-22 20:48:43 UTC-6.000] ^~^~^ SQUAD clusters=7 engaged=0 alerts=0 search=0 bound=0
[2026-08-22 20:48:43 UTC-6.000] ******* WARNING - (coop_mod/replace.scr::playsound_wait): sound with alias 'truck1_start' has a length of NIL. Add it to coop_mod/sound.scr!!!
[2026-08-22 20:48:45 UTC-6.000] ^~^~^ MANEUVER attackState=0 candidates=0 runtoIssued=0 coverThink=0
[2026-08-22 20:48:45 UTC-6.000] ^~^~^ SQUAD clusters=7 engaged=0 alerts=0 search=0 bound=0
[2026-08-22 20:48:45 UTC-6.000] ^~^~^ SVFRAME worst=26ms mean=25ms over=3/40 budget=25ms
[2026-08-22 20:48:46 UTC-6.000] ^~^~^ SVFRAME worst=26ms mean=25ms over=1/40 budget=25ms
[2026-08-22 20:48:46 UTC-6.000] ^~^~^ SQUAD clusters=7 engaged=0 alerts=0 search=0 bound=0
[2026-08-22 20:48:47 UTC-6.000] ^~^~^ MANEUVER attackState=0 candidates=0 runtoIssued=0 coverThink=0
[2026-08-22 20:48:47 UTC-6.000] ^~^~^ AIBEHAV alive=13 engaging=0 moving=1 staticCombat=0 flanked=0 | aggr=2 cover=2 flank=0 prone=0 none=9
[2026-08-22 20:48:47 UTC-6.000] ^~^~^ AIBEHAV2 window=8s engagedMoved=0 repositioned=0 totalDist=0 avgDist=0
[2026-08-22 20:48:47 UTC-6.000] ^~^~^ BPMGR psize=2 count=1 map=m1l1 [e0 act=1 found1=0 slot1=1] [e1 act=1 found1=0 slot1=1]
[2026-08-22 20:48:47 UTC-6.000] ^~^~^ Reload clip default case for weapon panzerschreck - weapon type not supported
[2026-08-22 20:48:47 UTC-6.000] ^~^~^ DISG SETTHINK ent=134 tn=intro_papers2 oldthink=10 newthink=0 curstate=1

	-------------------------- IMPORTANT REMINDER --------------------------

	include 'main\ai_trace_m1l1_8_22_2048.log' in your bug report! 

	----------------------- END IMPORTANT REMINDER -----------------------


[2026-08-22 20:48:47 UTC-6.000] ^~^~^ SHELLSHOCK ping=0.337
[2026-08-22 20:48:47 UTC-6.000] ^~^~^ SHELLSHOCK ping=0.337
[2026-08-22 20:48:47 UTC-6.000] ^~^~^ XPKILL victim=intro_papers2 attributed=World mod=0
[2026-08-22 20:48:48 UTC-6.000] ^~^~^ AGGRO actor=intro_papers target=Player1 tgtDisguised=- alarm=0 enableDisg=0
[2026-08-22 20:48:48 UTC-6.000] ^~^~^ SQUAD clusters=6 engaged=1 alerts=1 search=1 bound=0
[2026-08-22 20:48:48 UTC-6.000] ^~^~^ Path not found in 'Actor::MoveToPatrolCurrentNode' for (entnum 28, radnum 27, targetname 'intro_papers') from (-2140.306641 -3515.996094 30.439085) to (-2670.973389 -3233.151855 30.439085)
[2026-08-22 20:48:48 UTC-6.000] Reason: couldn't find end node
[2026-08-22 20:48:49 UTC-6.000] ^~^~^ MANEUVER attackState=1 candidates=0 runtoIssued=0 coverThink=0
[2026-08-22 20:48:49 UTC-6.000] ^~^~^ PERS actor=m1l1_baddie type=turret hasAlarm=0
[2026-08-22 20:48:49 UTC-6.000] ^~^~^ PERS actor=m1l1_baddie type=turret hasAlarm=0
[2026-08-22 20:48:50 UTC-6.000] No active weapon in slot #: "0"
[2026-08-22 20:48:50 UTC-6.000] No active weapon in slot #: "0"
[2026-08-22 20:48:50 UTC-6.000] ^~^~^ REPLICA ent=231 idx=0 at -1640.430 -2744.918 92.551 anchor -1497.451 -2752.292 147.798
[2026-08-22 20:48:50 UTC-6.000] ^~^~^ REPLICA ent=232 idx=0 at -1545.384 -2844.566 118.029 anchor -1592.583 -2707.200 117.961
[2026-08-22 20:48:50 UTC-6.000] ^~^~^ PERS actor= type=turret hasAlarm=0
[2026-08-22 20:48:50 UTC-6.000] ^~^~^ PERS actor= type=turret hasAlarm=0
[2026-08-22 20:48:50 UTC-6.000] ^~^~^ AIARRAY late-registered a replica team=german -> size 15
[2026-08-22 20:48:50 UTC-6.000] ^~^~^ AIARRAY late-registered a replica team=german -> size 16
[2026-08-22 20:48:50 UTC-6.000] ^~^~^ PERS actor= type=cover hasAlarm=0
[2026-08-22 20:48:50 UTC-6.000] ^~^~^ PERS actor= type=turret hasAlarm=0
[2026-08-22 20:48:50 UTC-6.000] ^~^~^ AGGRO actor=intro_papers target=Player1 tgtDisguised=- alarm=0 enableDisg=0
[2026-08-22 20:48:50 UTC-6.000] ^~^~^ SQUAD clusters=7 engaged=1 alerts=1 search=0 bound=0
[2026-08-22 20:48:50 UTC-6.000] ^~^~^ PRONEDBG wg=rifle tries=0
[2026-08-22 20:48:50 UTC-6.000] ^~^~^ PRONEDBG wg=rifle tries=0
[2026-08-22 20:48:50 UTC-6.000] ^~^~^ PRONEPOSE actor=m1l1_baddie wg=rifle
[2026-08-22 20:48:50 UTC-6.000] ^~^~^ PRONEPOSE actor=m1l1_baddie wg=rifle
[2026-08-22 20:48:50 UTC-6.000] ^~^~^ PRB prone.target t=107 ent=10 tn=m1l1_baddie verdict=threatbias foeTbias=NIL
[2026-08-22 20:48:50 UTC-6.000] ^~^~^ PRB prone.target t=107 ent=105 tn=m1l1_baddie verdict=threatbias foeTbias=NIL
[2026-08-22 20:48:50 UTC-6.000] ^~^~^ SVFRAME worst=26ms mean=25ms over=6/40 budget=25ms
[2026-08-22 20:48:50 UTC-6.000] ^~^~^ PRONEDBG wg=rifle tries=0
[2026-08-22 20:48:50 UTC-6.000] ^~^~^ PRONEPOSE actor= wg=rifle
[2026-08-22 20:48:50 UTC-6.000] ^~^~^ PRB prone.target t=107 ent=232 tn=- verdict=threatbias foeTbias=NIL
[2026-08-22 20:48:51 UTC-6.000] ^~^~^ HURT actor=m1l1_baddie hp=20.000 oldtype=turret hasAlarm=0
[2026-08-22 20:48:51 UTC-6.000] ^~^~^ AIBEHAV alive=16 engaging=2 moving=0 staticCombat=2 flanked=0 | aggr=2 cover=3 flank=0 prone=3 none=8
[2026-08-22 20:48:51 UTC-6.000] ^~^~^ MANEUVER attackState=2 candidates=1 runtoIssued=0 coverThink=0
[2026-08-22 20:48:51 UTC-6.000] ^~^~^ HURT actor=m1l1_baddie hp=20.000 oldtype=turret hasAlarm=0
[2026-08-22 20:48:51 UTC-6.000] ^~^~^ HURT actor= hp=20.000 oldtype=cover hasAlarm=0
[2026-08-22 20:48:51 UTC-6.000] ^~^~^ HURT actor= hp=20.000 oldtype=turret hasAlarm=0
[2026-08-22 20:48:51 UTC-6.000] ^~^~^ BPMGR psize=2 count=1 map=m1l1 [e0 act=1 found1=0 slot1=1] [e1 act=1 found1=0 slot1=1]
[2026-08-22 20:48:51 UTC-6.000] ^~^~^ AGGRO actor=intro_papers target=Player1 tgtDisguised=- alarm=0 enableDisg=0
[2026-08-22 20:48:51 UTC-6.000] ^~^~^ SQUAD clusters=7 engaged=2 alerts=1 search=1 bound=0
[2026-08-22 20:48:52 UTC-6.000] No active weapon in slot #: "0"
[2026-08-22 20:48:52 UTC-6.000] No active weapon in slot #: "0"
[2026-08-22 20:48:53 UTC-6.000] ^~^~^ MANEUVER attackState=2 candidates=1 runtoIssued=0 coverThink=0
[2026-08-22 20:48:53 UTC-6.000] ^~^~^ PRB actor.snap t=110 n=285 ent=9 tn=barrel_guy tm=german hp=1000  aiDis=0 noIdle=0 tbias=-6969 scene=0 surr=0 conv=0 role=- persSet=0 hpReal=80 stopPain=0 noLongPain=0 hpMax=1000 wp=mauser kar 98k wg=rifle pos=crouch atk=turret hasEnemy=0 foeEnt=- foeCls=- foeTm=- org=-3788,-454,371 dist=3006 see=0 tdis=salute tidl=idle alrm=0 supp=0
[2026-08-22 20:48:53 UTC-6.000] ^~^~^ PRB actor.snap t=110 n=286 ent=10 tn=m1l1_baddie tm=german hp=1000  aiDis=0 noIdle=0 tbias=0 scene=0 surr=0 conv=0 role=prone persSet=1 hpReal=20 stopPain=0 noLongPain=0 hpMax=1000 wp=mauser kar 98k wg=rifle pos=run atk=cover hasEnemy=0 foeEnt=- foeCls=- foeTm=- org=-1594,-3089,59 dist=1099 see=0 tdis=salute tidl=runner alrm=0 supp=0
[2026-08-22 20:48:53 UTC-6.000] ^~^~^ PRB actor.snap t=110 n=287 ent=27 tn=intro_bazooka tm=german hp=1000  aiDis=0 noIdle=0 tbias=0 scene=0 surr=0 conv=0 role=- persSet=0 hpReal=30 stopPain=0 noLongPain=0 hpMax=1000 wp=mauser kar 98k wg=rifle pos=stand atk=turret hasEnemy=1 foeEnt=192 foeCls=Actor foeTm=american org=-2032,-3123,272 dist=684 see=0 tdis=salute tidl=anim alrm=0 supp=0
[2026-08-22 20:48:53 UTC-6.000] ^~^~^ PRB actor.snap t=110 n=288 ent=28 tn=intro_papers tm=american hp=1000  aiDis=1 noIdle=1 tbias=0 scene=0 surr=0 conv=0 role=- persSet=0 hpReal=100 stopPain=0 noLongPain=1 hpMax=1000 wp=- wg=unarmed pos=stand atk=turret hasEnemy=0 foeEnt=- foeCls=- foeTm=- org=-2140,-3515,30 dist=614 see=0 tdis=salute tidl=runner alrm=0 supp=0
[2026-08-22 20:48:53 UTC-6.000] ^~^~^ PRB actor.snap t=110 n=289 ent=31 tn=- tm=german hp=1000  aiDis=0 noIdle=0 tbias=0 scene=0 surr=0 conv=0 role=cover persSet=1 hpReal=80 stopPain=0 noLongPain=0 hpMax=1000 wp=mauser kar 98k wg=rifle pos=crouch atk=cover hasEnemy=0 foeEnt=- foeCls=- foeTm=- org=-3873,-2298,157 dist=1517 see=0 tdis=salute tidl=idle alrm=0 supp=0
[2026-08-22 20:48:53 UTC-6.000] ^~^~^ PRB actor.snap t=110 n=290 ent=36 tn=mg42guy tm=german hp=1000  aiDis=1 noIdle=0 tbias=-6969 scene=0 surr=0 conv=0 role=- persSet=0 hpReal=40 stopPain=0 noLongPain=0 hpMax=1000 wp=- wg=unarmed pos=stand atk=machinegunner hasEnemy=0 foeEnt=- foeCls=- foeTm=- org=-6272,2177,640 dist=6517 see=0 tdis=machinegunner tidl=machinegunner alrm=0 supp=0
[2026-08-22 20:48:53 UTC-6.000] ^~^~^ PRB actor.snap t=110 n=291 ent=39 tn=friendly tm=american hp=100  aiDis=1 noIdle=1 tbias=0 scene=0 surr=0 conv=0 role=- persSet=0 hpReal=-1 stopPain=1 noLongPain=1 hpMax=100 wp=thompson wg=thompson pos=stand atk=turret hasEnemy=0 foeEnt=- foeCls=- foeTm=- org=-2775,-3277,116 dist=104 see=0 tdis=salute tidl=anim alrm=0 supp=0
[2026-08-22 20:48:53 UTC-6.000] ^~^~^ PRB actor.snap t=110 n=292 ent=40 tn=friendly tm=american hp=100  aiDis=1 noIdle=1 tbias=0 scene=0 surr=0 conv=0 role=- persSet=0 hpReal=-1 stopPain=1 noLongPain=1 hpMax=100 wp=m1 garand wg=rifle pos=stand atk=turret hasEnemy=0 foeEnt=- foeCls=- foeTm=- org=-2707,-3255,120 dist=42 see=0 tdis=salute tidl=anim alrm=0 supp=0
[2026-08-22 20:48:53 UTC-6.000] ^~^~^ PRB actor.snap t=110 n=293 ent=64 tn=- tm=german hp=1000  aiDis=0 noIdle=0 tbias=0 scene=0 surr=0 conv=0 role=aggr persSet=1 hpReal=100 stopPain=0 noLongPain=0 hpMax=1000 wp=mauser kar 98k wg=rifle pos=crouch atk=cover hasEnemy=0 foeEnt=- foeCls=- foeTm=- org=-6333,1496,432 dist=5986 see=0 tdis=salute tidl=idle alrm=0 supp=0
[2026-08-22 20:48:53 UTC-6.000] ^~^~^ PRB actor.snap t=110 n=294 ent=103 tn=friendly tm=american hp=100  aiDis=1 noIdle=1 tbias=0 scene=0 surr=0 conv=0 role=- persSet=0 hpReal=-1 stopPain=1 noLongPain=1 hpMax=100 wp=m1 garand wg=rifle pos=stand atk=turret hasEnemy=0 foeEnt=- foeCls=- foeTm=- org=-2615,-3264,135 dist=86 see=0 tdis=salute tidl=anim alrm=0 supp=0
[2026-08-22 20:48:53 UTC-6.000] ^~^~^ PRB actor.snap t=110 n=295 ent=104 tn=friendly tm=american hp=100  aiDis=1 noIdle=1 tbias=0 scene=0 surr=0 conv=0 role=- persSet=0 hpReal=-1 stopPain=1 noLongPain=1 hpMax=100 wp=m1 garand wg=rifle pos=stand atk=turret hasEnemy=0 foeEnt=- foeCls=- foeTm=- org=-2638,-3195,143 dist=79 see=0 tdis=salute tidl=anim alrm=0 supp=0
[2026-08-22 20:48:53 UTC-6.000] ^~^~^ PRB actor.snap t=110 n=296 ent=105 tn=m1l1_baddie tm=german hp=1000  aiDis=0 noIdle=0 tbias=0 scene=0 surr=0 conv=0 role=prone persSet=1 hpReal=20 stopPain=0 noLongPain=0 hpMax=1000 wp=mauser kar 98k wg=rifle pos=run atk=cover hasEnemy=0 foeEnt=- foeCls=- foeTm=- org=-1570,-2879,106 dist=1168 see=0 tdis=salute tidl=runner alrm=0 supp=0
[2026-08-22 20:48:53 UTC-6.000] ^~^~^ PRB actor.snap t=110 n=297 ent=110 tn=barrel_guy tm=german hp=1000  aiDis=0 noIdle=0 tbias=-6969 scene=0 surr=0 conv=0 role=- persSet=0 hpReal=80 stopPain=0 noLongPain=0 hpMax=1000 wp=mauser kar 98k wg=rifle pos=crouch atk=turret hasEnemy=0 foeEnt=- foeCls=- foeTm=- org=-3860,-532,369 dist=2961 see=0 tdis=salute tidl=idle alrm=0 supp=0
[2026-08-22 20:48:53 UTC-6.000] ^~^~^ PRB actor.snap t=110 n=298 ent=112 tn=- tm=german hp=1000  aiDis=0 noIdle=0 tbias=0 scene=0 surr=0 conv=0 role=cover persSet=1 hpReal=80 stopPain=0 noLongPain=0 hpMax=1000 wp=mauser kar 98k wg=rifle pos=crouch atk=cover hasEnemy=0 foeEnt=- foeCls=- foeTm=- org=-4336,-1039,401 dist=2765 see=0 tdis=salute tidl=idle alrm=0 supp=0
[2026-08-22 20:48:53 UTC-6.000] ^~^~^ PRB actor.snap t=110 n=299 ent=113 tn=- tm=german hp=1000  aiDis=0 noIdle=0 tbias=0 scene=0 surr=0 conv=0 role=aggr persSet=1 hpReal=80 stopPain=0 noLongPain=0 hpMax=1000 wp=mauser kar 98k wg=rifle pos=stand atk=turret hasEnemy=0 foeEnt=- foeCls=- foeTm=- org=-3576,-1455,313 dist=2003 see=0 tdis=salute tidl=idle alrm=0 supp=0
[2026-08-22 20:48:53 UTC-6.000] ^~^~^ PRB actor.snap t=110 n=300 ent=114 tn=bazooka_wall tm=german hp=1000  aiDis=0 noIdle=0 tbias=-6969 scene=0 surr=0 conv=0 role=- persSet=0 hpReal=160 stopPain=0 noLongPain=0 hpMax=1000 wp=panzerschreck wg=bazooka pos=stand atk=balcony_attack hasEnemy=0 foeEnt=- foeCls=- foeTm=- org=-3407,-280,608 dist=3086 see=0 tdis=salute tidl=idle alrm=0 supp=0
[2026-08-22 20:48:53 UTC-6.000] ^~^~^ PRB actor.snap t=110 n=301 ent=116 tn=coop_mgnest1_gunner tm=german hp=1000  aiDis=0 noIdle=0 tbias=0 scene=0 surr=0 conv=0 role=- persSet=0 hpReal=5 stopPain=0 noLongPain=0 hpMax=1000 wp=- wg=unarmed pos=crouch atk=machinegunner hasEnemy=0 foeEnt=- foeCls=- foeTm=- org=-4201,583,435 dist=4124 see=0 tdis=machinegunner tidl=machinegunner alrm=0 supp=0
[2026-08-22 20:48:53 UTC-6.000] ^~^~^ PRB actor.snap t=110 n=302 ent=170 tn=bazooka_wall tm=german hp=1000  aiDis=0 noIdle=0 tbias=-6969 scene=0 surr=0 conv=0 role=- persSet=0 hpReal=160 stopPain=0 noLongPain=0 hpMax=1000 wp=panzerschreck wg=bazooka pos=stand atk=balcony_attack hasEnemy=0 foeEnt=- foeCls=- foeTm=- org=-4656,-328,616 dist=3552 see=0 tdis=salute tidl=idle alrm=0 supp=0
[2026-08-22 20:48:53 UTC-6.000] ^~^~^ PRB actor.snap t=110 n=303 ent=192 tn=- tm=american hp=100  aiDis=1 noIdle=1 tbias=0 scene=1 surr=0 conv=0 role=- persSet=0 hpReal=-1 stopPain=1 noLongPain=1 hpMax=100 wp=mauser kar 98k wg=rifle pos=stand atk=turret hasEnemy=0 foeEnt=- foeCls=- foeTm=- org=-2167,-3437,31 dist=556 see=0 tdis=salute tidl=anim alrm=0 supp=0
[2026-08-22 20:48:53 UTC-6.000] ^~^~^ PRB actor.snap t=110 n=304 ent=193 tn=- tm=american hp=100  aiDis=1 noIdle=1 tbias=0 scene=1 surr=0 conv=0 role=- persSet=0 hpReal=-1 stopPain=1 noLongPain=1 hpMax=100 wp=colt 45 wg=pistol pos=stand atk=turret hasEnemy=0 foeEnt=- foeCls=- foeTm=- org=-2167,-3397,31 dist=543 see=0 tdis=salute tidl=anim alrm=0 supp=0
[2026-08-22 20:48:53 UTC-6.000] ^~^~^ PRB actor.snap t=110 n=305 ent=231 tn=- tm=german hp=1000  aiDis=0 noIdle=0 tbias=0 scene=0 surr=0 conv=0 role=cover persSet=1 hpReal=20 stopPain=0 noLongPain=0 hpMax=1000 wp=mauser kar 98k wg=rifle pos=stand atk=turret hasEnemy=1 foeEnt=103 foeCls=Actor foeTm=american org=-1637,-2745,95 dist=1155 see=0 tdis=salute tidl=idle alrm=0 supp=0
[2026-08-22 20:48:53 UTC-6.000] ^~^~^ PRB actor.snap t=110 n=306 ent=232 tn=- tm=german hp=1000  aiDis=0 noIdle=0 tbias=0 scene=0 surr=0 conv=0 role=prone persSet=1 hpReal=20 stopPain=0 noLongPain=0 hpMax=1000 wp=mauser kar 98k wg=rifle pos=stand atk=cover hasEnemy=0 foeEnt=- foeCls=- foeTm=- org=-1545,-2843,119 dist=1204 see=0 tdis=salute tidl=idle alrm=0 supp=0
[2026-08-22 20:48:53 UTC-6.000] ^~^~^ PRB player.snap t=110 n=307 ent=0 tn=player tm=american hp=750  hp=750 dbno=0 active=1 wp=- tbias=-100 lvlTbias=-100 org=-2683,-3235,91 yaw=0 disg=0 busted=0 lvlAlarm=0 lvlDisg=0 glued=1 notgt=1
[2026-08-22 20:48:53 UTC-6.000] ^~^~^ PRB player.snap t=110 n=308 ent=1 tn=player tm=american hp=750  hp=750 dbno=0 active=1 wp=- tbias=-100 lvlTbias=-100 org=-2683,-3235,91 yaw=0 disg=0 busted=0 lvlAlarm=0 lvlDisg=0 glued=1 notgt=1
[2026-08-22 20:48:53 UTC-6.000] ^~^~^ PRB census.total t=110 actors=22 surrendered=0 aiDisabled=8 engaging=2 canSeePlayer=0
[2026-08-22 20:48:53 UTC-6.000] ^~^~^ Path not found in 'Actor::MoveToPatrolCurrentNode' for (entnum 28, radnum 27, targetname 'intro_papers') from (-2140.306641 -3515.996094 30.439085) to (-2683.345215 -3235.926025 30.439085)
[2026-08-22 20:48:53 UTC-6.000] Reason: couldn't find end node
[2026-08-22 20:48:53 UTC-6.000] ^~^~^ AGGRO actor=intro_papers target=Player1 tgtDisguised=- alarm=0 enableDisg=0
[2026-08-22 20:48:53 UTC-6.000] ^~^~^ SQUAD clusters=7 engaged=2 alerts=1 search=0 bound=0
[2026-08-22 20:48:53 UTC-6.000] No active weapon in slot #: "0"
[2026-08-22 20:48:53 UTC-6.000] No active weapon in slot #: "0"
[2026-08-22 20:48:54 UTC-6.000] done 111.700
[2026-08-22 20:48:54 UTC-6.000] done 111.700
[2026-08-22 20:48:55 UTC-6.000] ^~^~^ AIBEHAV alive=16 engaging=2 moving=2 staticCombat=2 flanked=0 | aggr=2 cover=3 flank=0 prone=3 none=8
[2026-08-22 20:48:55 UTC-6.000] ^~^~^ AIBEHAV2 window=8s engagedMoved=1 repositioned=0 totalDist=24 avgDist=24
[2026-08-22 20:48:55 UTC-6.000] ^~^~^ MANEUVER attackState=2 candidates=1 runtoIssued=0 coverThink=0
[2026-08-22 20:48:55 UTC-6.000] ^~^~^ BPMGR psize=2 count=1 map=m1l1 [e0 act=1 found1=0 slot1=1] [e1 act=1 found1=0 slot1=1]
[2026-08-22 20:48:55 UTC-6.000] ^~^~^ AGGRO actor=intro_papers target=Player1 tgtDisguised=- alarm=0 enableDisg=0
[2026-08-22 20:48:55 UTC-6.000] ^~^~^ SQUAD clusters=7 engaged=2 alerts=1 search=1 bound=0
[2026-08-22 20:48:55 UTC-6.000] ^~^~^ DISG SETTHINK ent=27 tn=intro_bazooka oldthink=10 newthink=0 curstate=2

	-------------------------- IMPORTANT REMINDER --------------------------

	include 'main\ai_trace_m1l1_8_22_2048.log' in your bug report! 

	----------------------- END IMPORTANT REMINDER -----------------------


[2026-08-22 20:48:55 UTC-6.000] ^~^~^ XPKILL victim=intro_bazooka attributed=Actor mod=18
[2026-08-22 20:48:55 UTC-6.000] done 112.700
[2026-08-22 20:48:55 UTC-6.000] done 112.700
[2026-08-22 20:48:56 UTC-6.000] ^~^~^ DISG SETTHINK ent=10 tn=m1l1_baddie oldthink=10 newthink=0 curstate=2

	-------------------------- IMPORTANT REMINDER --------------------------

	include 'main\ai_trace_m1l1_8_22_2048.log' in your bug report! 

	----------------------- END IMPORTANT REMINDER -----------------------


[2026-08-22 20:48:56 UTC-6.000] ^~^~^ XPKILL victim=m1l1_baddie attributed=Actor mod=18
[2026-08-22 20:48:56 UTC-6.000] An objective has been added!
[2026-08-22 20:48:57 UTC-6.000] ^~^~^ SQUAD clusters=7 engaged=1 alerts=0 search=0 bound=0
[2026-08-22 20:48:57 UTC-6.000] ^~^~^ MANEUVER attackState=1 candidates=1 runtoIssued=0 coverThink=0
[2026-08-22 20:48:57 UTC-6.000] ^~^~^ PERS actor=m1l1_baddie type=cover hasAlarm=0
[2026-08-22 20:48:57 UTC-6.000] ^~^~^ PERS actor= type=cover hasAlarm=0
[2026-08-22 20:48:57 UTC-6.000] ^~^~^ PRONEDBG wg=rifle tries=0
[2026-08-22 20:48:57 UTC-6.000] ^~^~^ PRONEPOSE actor=m1l1_baddie wg=rifle
[2026-08-22 20:48:57 UTC-6.000] Couldn't find animation 'actor_M1L1_102' in 'models/human/2nd-ranger_captain.tik' - trying sound alias instead.
[2026-08-22 20:48:57 UTC-6.000] ^~^~^ Callback of sound 'actor_M1L1_102' ignored.
[2026-08-22 20:48:57 UTC-6.000] ERROR: Entity::Sound: actor_M1L1_102 needs an alias in ubersound.scr or uberdialog.scr - Please fix.
[2026-08-22 20:48:58 UTC-6.000] ^~^~^ Path not found in 'Actor::MoveToPatrolCurrentNode' for (entnum 28, radnum 27, targetname 'intro_papers') from (-2140.306641 -3515.996094 30.439085) to (-2683.345215 -3235.926025 30.439085)
[2026-08-22 20:48:58 UTC-6.000] Reason: couldn't find end node
[2026-08-22 20:48:58 UTC-6.000] ^~^~^ AGGRO actor=intro_papers target=Player2 tgtDisguised=- alarm=0 enableDisg=0
[2026-08-22 20:48:58 UTC-6.000] ^~^~^ SQUAD clusters=7 engaged=2 alerts=1 search=1 bound=0
[2026-08-22 20:48:58 UTC-6.000] ^~^~^ DISG SETTHINK ent=105 tn=m1l1_baddie oldthink=10 newthink=0 curstate=2

	-------------------------- IMPORTANT REMINDER --------------------------

	include 'main\ai_trace_m1l1_8_22_2048.log' in your bug report! 

	----------------------- END IMPORTANT REMINDER -----------------------


[2026-08-22 20:48:58 UTC-6.000] ^~^~^ XPKILL victim=m1l1_baddie attributed=Actor mod=18
[2026-08-22 20:48:59 UTC-6.000] ^~^~^ AIBEHAV alive=13 engaging=2 moving=0 staticCombat=2 flanked=0 | aggr=2 cover=4 flank=0 prone=0 none=7
[2026-08-22 20:48:59 UTC-6.000] ^~^~^ MANEUVER attackState=2 candidates=2 runtoIssued=0 coverThink=1
[2026-08-22 20:48:59 UTC-6.000] ^~^~^ BPMGR psize=2 count=1 map=m1l1 [e0 act=1 found1=0 slot1=1] [e1 act=1 found1=0 slot1=1]
[2026-08-22 20:48:59 UTC-6.000] ^~^~^ SVFRAME worst=26ms mean=25ms over=5/40 budget=25ms
[2026-08-22 20:49:00 UTC-6.000] ^~^~^ SQUAD clusters=6 engaged=1 alerts=0 search=0 bound=0
[2026-08-22 20:49:00 UTC-6.000] ^~^~^ SVFRAME worst=26ms mean=25ms over=5/40 budget=25ms
[2026-08-22 20:49:01 UTC-6.000] ^~^~^ MANEUVER attackState=2 candidates=2 runtoIssued=0 coverThink=0
[2026-08-22 20:49:01 UTC-6.000] ^~^~^ DISG SETTHINK ent=113 tn= oldthink=10 newthink=0 curstate=1

	-------------------------- IMPORTANT REMINDER --------------------------

	include 'main\ai_trace_m1l1_8_22_2049.log' in your bug report! 

	----------------------- END IMPORTANT REMINDER -----------------------


[2026-08-22 20:49:01 UTC-6.000] ^~^~^ XPKILL victim= attributed=Actor mod=18
[2026-08-22 20:49:02 UTC-6.000] ^~^~^ SQUAD clusters=6 engaged=3 alerts=0 search=0 bound=0
[2026-08-22 20:49:02 UTC-6.000] ^~^~^ Reload clip default case for weapon panzerschreck - weapon type not supported
[2026-08-22 20:49:02 UTC-6.000] ^~^~^ Reload clip default case for weapon panzerschreck - weapon type not supported
[2026-08-22 20:49:03 UTC-6.000] ^~^~^ AIBEHAV alive=11 engaging=7 moving=0 staticCombat=7 flanked=0 | aggr=1 cover=4 flank=0 prone=0 none=6
[2026-08-22 20:49:03 UTC-6.000] ^~^~^ AIBEHAV2 window=8s engagedMoved=0 repositioned=0 totalDist=0 avgDist=0
[2026-08-22 20:49:03 UTC-6.000] ^~^~^ MANEUVER attackState=7 candidates=3 runtoIssued=0 coverThink=1
[2026-08-22 20:49:03 UTC-6.000] ^~^~^ PRB actor.snap t=120 n=309 ent=9 tn=barrel_guy tm=german hp=1000  aiDis=0 noIdle=0 tbias=-6969 scene=0 surr=0 conv=0 role=- persSet=0 hpReal=80 stopPain=0 noLongPain=0 hpMax=1000 wp=mauser kar 98k wg=rifle pos=crouch atk=turret hasEnemy=1 foeEnt=39 foeCls=Actor foeTm=american org=-3788,-454,371 dist=3003 see=0 tdis=salute tidl=idle alrm=0 supp=0
[2026-08-22 20:49:03 UTC-6.000] ^~^~^ PRB actor.snap t=120 n=310 ent=31 tn=- tm=german hp=1000  aiDis=0 noIdle=0 tbias=0 scene=0 surr=0 conv=0 role=cover persSet=1 hpReal=80 stopPain=0 noLongPain=0 hpMax=1000 wp=mauser kar 98k wg=rifle pos=crouch atk=cover hasEnemy=0 foeEnt=- foeCls=- foeTm=- org=-3873,-2298,157 dist=1516 see=0 tdis=salute tidl=idle alrm=0 supp=0
[2026-08-22 20:49:03 UTC-6.000] ^~^~^ PRB actor.snap t=120 n=311 ent=36 tn=mg42guy tm=german hp=1000  aiDis=1 noIdle=0 tbias=-6969 scene=0 surr=0 conv=0 role=- persSet=0 hpReal=40 stopPain=0 noLongPain=0 hpMax=1000 wp=- wg=unarmed pos=stand atk=machinegunner hasEnemy=0 foeEnt=- foeCls=- foeTm=- org=-6272,2177,640 dist=6515 see=0 tdis=machinegunner tidl=machinegunner alrm=0 supp=0
[2026-08-22 20:49:03 UTC-6.000] ^~^~^ PRB actor.snap t=120 n=312 ent=39 tn=friendly tm=american hp=20000  aiDis=0 noIdle=0 tbias=0 scene=0 surr=0 conv=0 role=- persSet=0 hpReal=-1 stopPain=1 noLongPain=1 hpMax=20000 wp=thompson wg=thompson pos=run atk=turret hasEnemy=0 foeEnt=- foeCls=- foeTm=- org=-2883,-2979,64 dist=330 see=0 tdis=salute tidl=runner alrm=0 supp=0
[2026-08-22 20:49:03 UTC-6.000] ^~^~^ PRB actor.snap t=120 n=313 ent=40 tn=friendly tm=american hp=20000  aiDis=0 noIdle=0 tbias=0 scene=0 surr=0 conv=0 role=- persSet=0 hpReal=-1 stopPain=1 noLongPain=1 hpMax=20000 wp=m1 garand wg=rifle pos=stand atk=turret hasEnemy=0 foeEnt=- foeCls=- foeTm=- org=-2645,-3150,54 dist=113 see=0 tdis=salute tidl=runner alrm=0 supp=0
[2026-08-22 20:49:03 UTC-6.000] ^~^~^ PRB actor.snap t=120 n=314 ent=64 tn=- tm=german hp=1000  aiDis=0 noIdle=0 tbias=0 scene=0 surr=0 conv=0 role=aggr persSet=1 hpReal=100 stopPain=0 noLongPain=0 hpMax=1000 wp=mauser kar 98k wg=rifle pos=crouch atk=cover hasEnemy=0 foeEnt=- foeCls=- foeTm=- org=-6333,1496,432 dist=5984 see=0 tdis=salute tidl=idle alrm=0 supp=0
[2026-08-22 20:49:03 UTC-6.000] ^~^~^ PRB actor.snap t=120 n=315 ent=103 tn=friendly tm=american hp=5  aiDis=0 noIdle=0 tbias=0 scene=0 surr=0 conv=0 role=- persSet=0 hpReal=-1 stopPain=1 noLongPain=1 hpMax=5 wp=m1 garand wg=rifle pos=run atk=turret hasEnemy=0 foeEnt=- foeCls=- foeTm=- org=-2654,-3154,54 dist=108 see=0 tdis=salute tidl=runner alrm=0 supp=0
[2026-08-22 20:49:03 UTC-6.000] ^~^~^ PRB actor.snap t=120 n=316 ent=104 tn=friendly tm=american hp=20000  aiDis=0 noIdle=0 tbias=0 scene=0 surr=0 conv=0 role=- persSet=0 hpReal=-1 stopPain=1 noLongPain=1 hpMax=20000 wp=m1 garand wg=rifle pos=run atk=turret hasEnemy=0 foeEnt=- foeCls=- foeTm=- org=-2304,-3150,42 dist=371 see=1 tdis=salute tidl=runner alrm=0 supp=0
[2026-08-22 20:49:03 UTC-6.000] ^~^~^ PRB actor.snap t=120 n=317 ent=110 tn=barrel_guy tm=german hp=1000  aiDis=0 noIdle=0 tbias=-6969 scene=0 surr=0 conv=0 role=- persSet=0 hpReal=80 stopPain=0 noLongPain=0 hpMax=1000 wp=mauser kar 98k wg=rifle pos=crouch atk=turret hasEnemy=1 foeEnt=39 foeCls=Actor foeTm=american org=-3860,-532,369 dist=2958 see=0 tdis=salute tidl=idle alrm=0 supp=0
[2026-08-22 20:49:03 UTC-6.000] ^~^~^ PRB actor.snap t=120 n=318 ent=112 tn=- tm=german hp=1000  aiDis=0 noIdle=0 tbias=0 scene=0 surr=0 conv=0 role=cover persSet=1 hpReal=80 stopPain=0 noLongPain=0 hpMax=1000 wp=mauser kar 98k wg=rifle pos=crouch atk=cover hasEnemy=1 foeEnt=39 foeCls=Actor foeTm=american org=-4336,-1039,401 dist=2762 see=0 tdis=salute tidl=idle alrm=0 supp=0
[2026-08-22 20:49:03 UTC-6.000] ^~^~^ PRB actor.snap t=120 n=319 ent=114 tn=bazooka_wall tm=german hp=1000  aiDis=0 noIdle=0 tbias=-6969 scene=0 surr=0 conv=0 role=- persSet=0 hpReal=160 stopPain=0 noLongPain=0 hpMax=1000 wp=panzerschreck wg=bazooka pos=stand atk=balcony_attack hasEnemy=1 foeEnt=39 foeCls=Actor foeTm=american org=-3407,-280,608 dist=3081 see=0 tdis=salute tidl=idle alrm=0 supp=0
[2026-08-22 20:49:03 UTC-6.000] ^~^~^ PRB actor.snap t=120 n=320 ent=116 tn=coop_mgnest1_gunner tm=german hp=1000  aiDis=0 noIdle=0 tbias=0 scene=0 surr=0 conv=0 role=- persSet=0 hpReal=5 stopPain=0 noLongPain=0 hpMax=1000 wp=- wg=unarmed pos=crouch atk=machinegunner hasEnemy=0 foeEnt=- foeCls=- foeTm=- org=-4201,583,435 dist=4121 see=0 tdis=machinegunner tidl=machinegunner alrm=0 supp=0
[2026-08-22 20:49:03 UTC-6.000] ^~^~^ PRB actor.snap t=120 n=321 ent=170 tn=bazooka_wall tm=german hp=1000  aiDis=0 noIdle=0 tbias=-6969 scene=0 surr=0 conv=0 role=- persSet=0 hpReal=160 stopPain=0 noLongPain=0 hpMax=1000 wp=panzerschreck wg=bazooka pos=stand atk=balcony_attack hasEnemy=1 foeEnt=39 foeCls=Actor foeTm=american org=-4656,-328,616 dist=3548 see=0 tdis=salute tidl=idle alrm=0 supp=0
[2026-08-22 20:49:03 UTC-6.000] ^~^~^ PRB actor.snap t=120 n=322 ent=192 tn=- tm=american hp=100  aiDis=1 noIdle=1 tbias=0 scene=1 surr=0 conv=0 role=- persSet=0 hpReal=-1 stopPain=1 noLongPain=1 hpMax=100 wp=mauser kar 98k wg=rifle pos=stand atk=turret hasEnemy=0 foeEnt=- foeCls=- foeTm=- org=-2167,-3437,31 dist=515 see=0 tdis=salute tidl=anim alrm=0 supp=0
[2026-08-22 20:49:03 UTC-6.000] ^~^~^ PRB actor.snap t=120 n=323 ent=193 tn=- tm=american hp=100  aiDis=1 noIdle=1 tbias=0 scene=1 surr=0 conv=0 role=- persSet=0 hpReal=-1 stopPain=1 noLongPain=1 hpMax=100 wp=colt 45 wg=pistol pos=stand atk=turret hasEnemy=0 foeEnt=- foeCls=- foeTm=- org=-2167,-3397,31 dist=504 see=1 tdis=salute tidl=anim alrm=0 supp=0
[2026-08-22 20:49:03 UTC-6.000] ^~^~^ PRB actor.snap t=120 n=324 ent=231 tn=- tm=german hp=1000  aiDis=0 noIdle=0 tbias=0 scene=0 surr=0 conv=0 role=cover persSet=1 hpReal=20 stopPain=0 noLongPain=0 hpMax=1000 wp=mauser kar 98k wg=rifle pos=stand atk=turret hasEnemy=1 foeEnt=104 foeCls=Actor foeTm=american org=-1637,-2745,95 dist=1137 see=0 tdis=salute tidl=idle alrm=0 supp=0
[2026-08-22 20:49:03 UTC-6.000] ^~^~^ PRB actor.snap t=120 n=325 ent=232 tn=- tm=german hp=1000  aiDis=0 noIdle=0 tbias=0 scene=0 surr=0 conv=0 role=cover persSet=1 hpReal=80 stopPain=0 noLongPain=0 hpMax=1000 wp=mauser kar 98k wg=rifle pos=crouch atk=turret hasEnemy=1 foeEnt=104 foeCls=Actor foeTm=american org=-1545,-2844,119 dist=1180 see=0 tdis=salute tidl=anim alrm=0 supp=0
[2026-08-22 20:49:03 UTC-6.000] ^~^~^ PRB player.snap t=120 n=326 ent=0 tn=player tm=american hp=750  hp=750 dbno=0 active=1 wp=- tbias=-100 lvlTbias=-100 org=-2682,-3235,122 yaw=0 disg=0 busted=0 lvlAlarm=0 lvlDisg=0 glued=0 notgt=0
[2026-08-22 20:49:03 UTC-6.000] ^~^~^ PRB player.snap t=120 n=327 ent=1 tn=player tm=american hp=750  hp=750 dbno=0 active=1 wp=- tbias=-100 lvlTbias=-100 org=-2647,-3269,122 yaw=14 disg=0 busted=0 lvlAlarm=0 lvlDisg=0 glued=0 notgt=0
[2026-08-22 20:49:03 UTC-6.000] ^~^~^ PRB census.total t=120 actors=17 surrendered=0 aiDisabled=3 engaging=7 canSeePlayer=2
[2026-08-22 20:49:03 UTC-6.000] ^~^~^ CHALUI export sent=0 rows=365
[2026-08-22 20:49:03 UTC-6.000] ^~^~^ CHALUI export sent=0 rows=365
[2026-08-22 20:49:03 UTC-6.000] ^~^~^ BPMGR psize=2 count=1 map=m1l1 [e0 act=1 found1=0 slot1=1] [e1 act=1 found1=0 slot1=1]
[2026-08-22 20:49:03 UTC-6.000] ^~^~^ Reload default case for weapon panzerschreck - weapon type not supported
[2026-08-22 20:49:03 UTC-6.000] ^~^~^ Reload default case for weapon panzerschreck - weapon type not supported
[2026-08-22 20:49:03 UTC-6.000] ^~^~^ AIBEHAV3 prone=0 crouch=0 crate=0 crateblind=0 runfire=0 hitreact=0 dropgun=0 crawldeath=0 corner=0 cornernade=0 cornerdeath=0 fear=0 surrender=0 martyr=0 variant=3 g43=0 convert=0
[2026-08-22 20:49:03 UTC-6.000] ^~^~^ SQUAD clusters=6 engaged=3 alerts=0 search=0 bound=0
[2026-08-22 20:49:04 UTC-6.000] OFFICER: rendereffects coopboss set
[2026-08-22 20:49:04 UTC-6.000] OFFICER SPAWNED HP: 1200.000
[2026-08-22 20:49:04 UTC-6.000] Officer spotted at position -4533 677
[2026-08-22 20:49:04 UTC-6.000] ^~^~^ PERS actor= type=turret hasAlarm=0
[2026-08-22 20:49:04 UTC-6.000] ^~^~^ PERS actor= type=turret hasAlarm=0
[2026-08-22 20:49:04 UTC-6.000] ^~^~^ PERS actor= type=turret hasAlarm=0
[2026-08-22 20:49:04 UTC-6.000] ^~^~^ SHELLSHOCK ping=0.067
[2026-08-22 20:49:04 UTC-6.000] ^~^~^ PRONEDBG wg=mp44 tries=0
[2026-08-22 20:49:04 UTC-6.000] ^~^~^ PRONEPOSE actor= wg=mp44
[2026-08-22 20:49:04 UTC-6.000] ^~^~^ PRB prone.target t=121 ent=239 tn=- verdict=threatbias foeTbias=NIL
[2026-08-22 20:49:05 UTC-6.000] ^~^~^ Reload default case for weapon panzerschreck - weapon type not supported
[2026-08-22 20:49:05 UTC-6.000] ^~^~^ Reload default case for weapon panzerschreck - weapon type not supported
[2026-08-22 20:49:05 UTC-6.000] ^~^~^ MANEUVER attackState=9 candidates=4 runtoIssued=0 coverThink=0
[2026-08-22 20:49:05 UTC-6.000] ^~^~^ AGGRO actor=coop_mgnest1_gunner target=Player1 tgtDisguised=- alarm=0 enableDisg=0
[2026-08-22 20:49:05 UTC-6.000] ^~^~^ SQUAD clusters=6 engaged=4 alerts=1 search=0 bound=0
[2026-08-22 20:49:06 UTC-6.000] ^~^~^ Add the following line to the *_precache.scr map script:
[2026-08-22 20:49:06 UTC-6.000] cache models/fx/coop_gorechunk.tik
[2026-08-22 20:49:06 UTC-6.000] ^~^~^ DISG SETTHINK ent=103 tn=friendly oldthink=10 newthink=0 curstate=1

	-------------------------- IMPORTANT REMINDER --------------------------

	include 'main\ai_trace_m1l1_8_22_2049.log' in your bug report! 

	----------------------- END IMPORTANT REMINDER -----------------------


[2026-08-22 20:49:06 UTC-6.000] ^~^~^ SHELLSHOCK ping=0.460
[2026-08-22 20:49:06 UTC-6.000] ^~^~^ XPKILL victim=friendly attributed=Actor mod=9
[2026-08-22 20:49:06 UTC-6.000] ^~^~^ Reload default case for weapon panzerschreck - weapon type not supported
[2026-08-22 20:49:06 UTC-6.000] ^~^~^ Reload default case for weapon panzerschreck - weapon type not supported
[2026-08-22 20:49:07 UTC-6.000] ^~^~^ AIBEHAV alive=14 engaging=10 moving=0 staticCombat=10 flanked=3 | aggr=2 cover=5 flank=0 prone=1 none=6
[2026-08-22 20:49:07 UTC-6.000] ^~^~^ MANEUVER attackState=10 candidates=4 runtoIssued=0 coverThink=0
[2026-08-22 20:49:07 UTC-6.000] ^~^~^ SQUAD clusters=6 engaged=4 alerts=0 search=0 bound=0
[2026-08-22 20:49:07 UTC-6.000] ^~^~^ BPMGR psize=2 count=1 map=m1l1 [e0 act=1 found1=0 slot1=1] [e1 act=1 found1=0 slot1=1]
[2026-08-22 20:49:08 UTC-6.000] Couldn't find animation 'dfr_panic_35c_118' in 'models/human/2nd-ranger_captain.tik' - trying sound alias instead.
[2026-08-22 20:49:08 UTC-6.000] ^~^~^ Callback of sound 'dfr_panic_35c_118' ignored.
[2026-08-22 20:49:08 UTC-6.000] ^~^~^ Reload default case for weapon panzerschreck - weapon type not supported
[2026-08-22 20:49:08 UTC-6.000] ^~^~^ Reload default case for weapon panzerschreck - weapon type not supported
[2026-08-22 20:49:08 UTC-6.000] ^~^~^ SQUAD clusters=6 engaged=4 alerts=0 search=0 bound=0
[2026-08-22 20:49:09 UTC-6.000] ^~^~^ MANEUVER attackState=10 candidates=4 runtoIssued=0 coverThink=0
[2026-08-22 20:49:09 UTC-6.000] No active weapon in slot #: "0"
[2026-08-22 20:49:09 UTC-6.000] No active weapon in slot #: "0"
[2026-08-22 20:49:10 UTC-6.000] ^~^~^ Reload default case for weapon panzerschreck - weapon type not supported
[2026-08-22 20:49:10 UTC-6.000] ^~^~^ Reload default case for weapon panzerschreck - weapon type not supported
[2026-08-22 20:49:10 UTC-6.000] ^~^~^ SQUAD clusters=6 engaged=5 alerts=0 search=0 bound=0
[2026-08-22 20:49:11 UTC-6.000] No active weapon in slot #: "0"
[2026-08-22 20:49:11 UTC-6.000] No active weapon in slot #: "0"
[2026-08-22 20:49:11 UTC-6.000] ^~^~^ AIBEHAV alive=14 engaging=11 moving=0 staticCombat=11 flanked=3 | aggr=2 cover=5 flank=0 prone=1 none=6
[2026-08-22 20:49:11 UTC-6.000] ^~^~^ AIBEHAV2 window=8s engagedMoved=0 repositioned=0 totalDist=0 avgDist=0
[2026-08-22 20:49:11 UTC-6.000] ^~^~^ MANEUVER attackState=11 candidates=5 runtoIssued=0 coverThink=0
[2026-08-22 20:49:11 UTC-6.000] ^~^~^ BPMGR psize=2 count=1 map=m1l1 [e0 act=1 found1=0 slot1=1] [e1 act=1 found1=0 slot1=1]
[2026-08-22 20:49:11 UTC-6.000] ^~^~^ PERS actor= type=turret hasAlarm=0
[2026-08-22 20:49:11 UTC-6.000] ^~^~^ Reload default case for weapon panzerschreck - weapon type not supported
[2026-08-22 20:49:11 UTC-6.000] ^~^~^ Reload default case for weapon panzerschreck - weapon type not supported
[2026-08-22 20:49:12 UTC-6.000] ^~^~^ SHELLSHOCK ping=0.446
[2026-08-22 20:49:12 UTC-6.000] ^~^~^ SHELLSHOCK ping=0.389
[2026-08-22 20:49:12 UTC-6.000] ^~^~^ SQUAD clusters=6 engaged=5 alerts=0 search=0 bound=0
[2026-08-22 20:49:12 UTC-6.000] No active weapon in slot #: "0"
[2026-08-22 20:49:12 UTC-6.000] No active weapon in slot #: "0"
[2026-08-22 20:49:13 UTC-6.000] ^~^~^ PRB actor.snap t=130 n=328 ent=9 tn=barrel_guy tm=german hp=1000  aiDis=0 noIdle=0 tbias=-6969 scene=0 surr=0 conv=0 role=- persSet=0 hpReal=80 stopPain=0 noLongPain=0 hpMax=1000 wp=mauser kar 98k wg=rifle pos=crouch atk=turret hasEnemy=1 foeEnt=39 foeCls=Actor foeTm=american org=-3788,-454,371 dist=3003 see=0 tdis=salute tidl=anim alrm=0 supp=0
[2026-08-22 20:49:13 UTC-6.000] ^~^~^ MANEUVER attackState=12 candidates=5 runtoIssued=0 coverThink=0
[2026-08-22 20:49:13 UTC-6.000] ^~^~^ PRB actor.snap t=130 n=329 ent=31 tn=- tm=german hp=1000  aiDis=0 noIdle=0 tbias=0 scene=0 surr=0 conv=0 role=cover persSet=1 hpReal=80 stopPain=0 noLongPain=0 hpMax=1000 wp=mauser kar 98k wg=rifle pos=crouch atk=cover hasEnemy=1 foeEnt=39 foeCls=Actor foeTm=american org=-3873,-2298,157 dist=1516 see=0 tdis=salute tidl=idle alrm=0 supp=0
[2026-08-22 20:49:13 UTC-6.000] ^~^~^ PRB actor.snap t=130 n=330 ent=36 tn=mg42guy tm=german hp=1000  aiDis=1 noIdle=0 tbias=-6969 scene=0 surr=0 conv=0 role=- persSet=0 hpReal=40 stopPain=0 noLongPain=0 hpMax=1000 wp=- wg=unarmed pos=stand atk=machinegunner hasEnemy=0 foeEnt=- foeCls=- foeTm=- org=-6272,2177,640 dist=6515 see=0 tdis=machinegunner tidl=machinegunner alrm=0 supp=0
[2026-08-22 20:49:13 UTC-6.000] ^~^~^ PRB actor.snap t=130 n=331 ent=39 tn=friendly tm=american hp=19107  aiDis=0 noIdle=0 tbias=0 scene=0 surr=0 conv=0 role=- persSet=0 hpReal=-1 stopPain=1 noLongPain=1 hpMax=20000 wp=thompson wg=thompson pos=stand atk=turret hasEnemy=1 foeEnt=31 foeCls=Actor foeTm=german org=-3037,-2819,94 dist=547 see=0 tdis=salute tidl=runner alrm=0 supp=0
[2026-08-22 20:49:13 UTC-6.000] ^~^~^ PRB actor.snap t=130 n=332 ent=40 tn=friendly tm=american hp=19853  aiDis=0 noIdle=0 tbias=0 scene=0 surr=0 conv=0 role=- persSet=0 hpReal=-1 stopPain=1 noLongPain=1 hpMax=20000 wp=m1 garand wg=rifle pos=run atk=turret hasEnemy=0 foeEnt=- foeCls=- foeTm=- org=-3420,-2785,150 dist=864 see=0 tdis=salute tidl=runner alrm=0 supp=0
[2026-08-22 20:49:13 UTC-6.000] ^~^~^ PRB actor.snap t=130 n=333 ent=64 tn=- tm=german hp=1000  aiDis=0 noIdle=0 tbias=0 scene=0 surr=0 conv=0 role=aggr persSet=1 hpReal=100 stopPain=0 noLongPain=0 hpMax=1000 wp=mauser kar 98k wg=rifle pos=crouch atk=cover hasEnemy=0 foeEnt=- foeCls=- foeTm=- org=-6333,1496,432 dist=5984 see=0 tdis=salute tidl=idle alrm=0 supp=0
[2026-08-22 20:49:13 UTC-6.000] ^~^~^ PRB actor.snap t=130 n=334 ent=104 tn=friendly tm=american hp=19945  aiDis=0 noIdle=0 tbias=0 scene=0 surr=0 conv=0 role=- persSet=0 hpReal=-1 stopPain=1 noLongPain=1 hpMax=20000 wp=m1 garand wg=rifle pos=stand atk=turret hasEnemy=1 foeEnt=31 foeCls=Actor foeTm=german org=-2567,-3069,65 dist=208 see=0 tdis=salute tidl=runner alrm=0 supp=0
[2026-08-22 20:49:13 UTC-6.000] ^~^~^ PRB actor.snap t=130 n=335 ent=110 tn=barrel_guy tm=german hp=1000  aiDis=0 noIdle=0 tbias=-6969 scene=0 surr=0 conv=0 role=- persSet=0 hpReal=80 stopPain=0 noLongPain=0 hpMax=1000 wp=mauser kar 98k wg=rifle pos=crouch atk=turret hasEnemy=1 foeEnt=39 foeCls=Actor foeTm=american org=-3860,-532,369 dist=2958 see=0 tdis=salute tidl=anim alrm=0 supp=0
[2026-08-22 20:49:13 UTC-6.000] ^~^~^ PRB actor.snap t=130 n=336 ent=112 tn=- tm=german hp=1000  aiDis=0 noIdle=0 tbias=0 scene=0 surr=0 conv=0 role=cover persSet=1 hpReal=80 stopPain=0 noLongPain=0 hpMax=1000 wp=mauser kar 98k wg=rifle pos=crouch atk=turret hasEnemy=1 foeEnt=39 foeCls=Actor foeTm=american org=-4336,-1039,401 dist=2762 see=0 tdis=salute tidl=idle alrm=0 supp=0
[2026-08-22 20:49:13 UTC-6.000] ^~^~^ PRB actor.snap t=130 n=337 ent=114 tn=bazooka_wall tm=german hp=1000  aiDis=0 noIdle=0 tbias=-6969 scene=0 surr=0 conv=0 role=- persSet=0 hpReal=160 stopPain=0 noLongPain=0 hpMax=1000 wp=panzerschreck wg=bazooka pos=stand atk=balcony_attack hasEnemy=1 foeEnt=39 foeCls=Actor foeTm=american org=-3407,-280,608 dist=3081 see=0 tdis=salute tidl=idle alrm=0 supp=0
[2026-08-22 20:49:13 UTC-6.000] ^~^~^ PRB actor.snap t=130 n=338 ent=116 tn=coop_mgnest1_gunner tm=german hp=1000  aiDis=0 noIdle=0 tbias=0 scene=0 surr=0 conv=0 role=- persSet=0 hpReal=5 stopPain=0 noLongPain=0 hpMax=1000 wp=- wg=unarmed pos=crouch atk=machinegunner hasEnemy=1 foeEnt=0 foeCls=Player foeTm=american org=-4201,583,435 dist=4121 see=0 tdis=machinegunner tidl=machinegunner alrm=0 supp=0
[2026-08-22 20:49:13 UTC-6.000] ^~^~^ PRB actor.snap t=130 n=339 ent=170 tn=bazooka_wall tm=german hp=1000  aiDis=0 noIdle=0 tbias=-6969 scene=0 surr=0 conv=0 role=- persSet=0 hpReal=160 stopPain=0 noLongPain=0 hpMax=1000 wp=panzerschreck wg=bazooka pos=stand atk=balcony_attack hasEnemy=1 foeEnt=39 foeCls=Actor foeTm=american org=-4656,-328,616 dist=3548 see=0 tdis=salute tidl=idle alrm=0 supp=0
[2026-08-22 20:49:13 UTC-6.000] ^~^~^ PRB actor.snap t=130 n=340 ent=192 tn=- tm=american hp=100  aiDis=1 noIdle=1 tbias=0 scene=1 surr=0 conv=0 role=- persSet=0 hpReal=-1 stopPain=1 noLongPain=1 hpMax=100 wp=mauser kar 98k wg=rifle pos=stand atk=turret hasEnemy=0 foeEnt=- foeCls=- foeTm=- org=-2167,-3437,31 dist=515 see=0 tdis=salute tidl=anim alrm=0 supp=0
[2026-08-22 20:49:13 UTC-6.000] ^~^~^ PRB actor.snap t=130 n=341 ent=193 tn=- tm=american hp=100  aiDis=1 noIdle=1 tbias=0 scene=1 surr=0 conv=0 role=- persSet=0 hpReal=-1 stopPain=1 noLongPain=1 hpMax=100 wp=colt 45 wg=pistol pos=stand atk=turret hasEnemy=0 foeEnt=- foeCls=- foeTm=- org=-2167,-3397,31 dist=504 see=1 tdis=salute tidl=anim alrm=0 supp=0
[2026-08-22 20:49:13 UTC-6.000] ^~^~^ PRB actor.snap t=130 n=342 ent=224 tn=- tm=german hp=1200  aiDis=0 noIdle=0 tbias=0 scene=0 surr=0 conv=0 role=aggr persSet=1 hpReal=-1 stopPain=1 noLongPain=1 hpMax=1200 wp=stg 44 wg=mp44 pos=stand atk=turret hasEnemy=1 foeEnt=0 foeCls=Player foeTm=american org=-4433,677,426 dist=4296 see=0 tdis=salute tidl=idle alrm=0 supp=0
[2026-08-22 20:49:13 UTC-6.000] ^~^~^ PRB actor.snap t=130 n=343 ent=231 tn=- tm=german hp=1000  aiDis=0 noIdle=0 tbias=0 scene=0 surr=0 conv=0 role=cover persSet=1 hpReal=20 stopPain=0 noLongPain=0 hpMax=1000 wp=mauser kar 98k wg=rifle pos=stand atk=turret hasEnemy=1 foeEnt=104 foeCls=Actor foeTm=american org=-1637,-2745,95 dist=1137 see=0 tdis=salute tidl=idle alrm=0 supp=0
[2026-08-22 20:49:13 UTC-6.000] ^~^~^ PRB actor.snap t=130 n=344 ent=232 tn=- tm=german hp=1000  aiDis=0 noIdle=0 tbias=0 scene=0 surr=0 conv=0 role=cover persSet=1 hpReal=80 stopPain=0 noLongPain=0 hpMax=1000 wp=mauser kar 98k wg=rifle pos=crouch atk=turret hasEnemy=1 foeEnt=104 foeCls=Actor foeTm=american org=-1545,-2844,119 dist=1180 see=0 tdis=salute tidl=anim alrm=0 supp=0
[2026-08-22 20:49:13 UTC-6.000] ^~^~^ PRB actor.snap t=130 n=345 ent=233 tn=- tm=german hp=640  aiDis=0 noIdle=0 tbias=0 scene=0 surr=0 conv=0 role=cover persSet=1 hpReal=-1 stopPain=1 noLongPain=0 hpMax=640 wp=stg 44 wg=mp44 pos=stand atk=turret hasEnemy=1 foeEnt=0 foeCls=Player foeTm=american org=-4577,717,427 dist=4393 see=0 tdis=salute tidl=idle alrm=0 supp=0
[2026-08-22 20:49:13 UTC-6.000] ^~^~^ PRB actor.snap t=130 n=346 ent=239 tn=- tm=german hp=640  aiDis=0 noIdle=0 tbias=0 scene=0 surr=0 conv=0 role=aggr persSet=1 hpReal=-1 stopPain=1 noLongPain=0 hpMax=640 wp=stg 44 wg=mp44 pos=crouch atk=turret hasEnemy=1 foeEnt=0 foeCls=Player foeTm=american org=-4620,614,403 dist=4318 see=0 tdis=salute tidl=anim alrm=0 supp=0
[2026-08-22 20:49:13 UTC-6.000] ^~^~^ PRB player.snap t=130 n=347 ent=0 tn=player tm=american hp=750  hp=750 dbno=0 active=1 wp=- tbias=-100 lvlTbias=-100 org=-2682,-3235,122 yaw=0 disg=0 busted=0 lvlAlarm=0 lvlDisg=0 glued=0 notgt=0
[2026-08-22 20:49:13 UTC-6.000] ^~^~^ PRB player.snap t=130 n=348 ent=1 tn=player tm=american hp=750  hp=750 dbno=0 active=1 wp=- tbias=-100 lvlTbias=-100 org=-2647,-3269,122 yaw=14 disg=0 busted=0 lvlAlarm=0 lvlDisg=0 glued=0 notgt=0
[2026-08-22 20:49:13 UTC-6.000] ^~^~^ PRB census.total t=130 actors=19 surrendered=0 aiDisabled=3 engaging=14 canSeePlayer=1
[2026-08-22 20:49:13 UTC-6.000] ^~^~^ Reload default case for weapon panzerschreck - weapon type not supported
[2026-08-22 20:49:13 UTC-6.000] ^~^~^ Reload default case for weapon panzerschreck - weapon type not supported
[2026-08-22 20:49:13 UTC-6.000] No active weapon in slot #: "0"
[2026-08-22 20:49:13 UTC-6.000] No active weapon in slot #: "0"
[2026-08-22 20:49:14 UTC-6.000] ^~^~^ SQUAD clusters=6 engaged=5 alerts=0 search=0 bound=0
[2026-08-22 20:49:15 UTC-6.000] ^~^~^ AIBEHAV alive=14 engaging=12 moving=0 staticCombat=12 flanked=4 | aggr=3 cover=5 flank=0 prone=0 none=6
[2026-08-22 20:49:15 UTC-6.000] ^~^~^ MANEUVER attackState=12 candidates=5 runtoIssued=0 coverThink=0
[2026-08-22 20:49:15 UTC-6.000] ^~^~^ BPMGR psize=2 count=1 map=m1l1 [e0 act=1 found1=0 slot1=1] [e1 act=1 found1=0 slot1=1]
[2026-08-22 20:49:15 UTC-6.000] ^~^~^ Reload default case for weapon panzerschreck - weapon type not supported
[2026-08-22 20:49:15 UTC-6.000] ^~^~^ Reload default case for weapon panzerschreck - weapon type not supported
[2026-08-22 20:49:15 UTC-6.000] No active weapon in slot #: "0"
[2026-08-22 20:49:15 UTC-6.000] No active weapon in slot #: "0"
[2026-08-22 20:49:15 UTC-6.000] ^~^~^ SVFRAME worst=26ms mean=25ms over=1/40 budget=25ms
[2026-08-22 20:49:15 UTC-6.000] ^~^~^ SQUAD clusters=6 engaged=5 alerts=0 search=0 bound=0
[2026-08-22 20:49:16 UTC-6.000] ^~^~^ SHELLSHOCK ping=0.504
[2026-08-22 20:49:16 UTC-6.000] ^~^~^ SHELLSHOCK ping=0.446
[2026-08-22 20:49:17 UTC-6.000] ^~^~^ Add the following line to the *_precache.scr map script:
[2026-08-22 20:49:17 UTC-6.000] cache models/fx/coop_wound1.tik
[2026-08-22 20:49:17 UTC-6.000] ^~^~^ Add the following line to the *_precache.scr map script:
[2026-08-22 20:49:17 UTC-6.000] cache models/fx/coop_stump_neck.tik
[2026-08-22 20:49:17 UTC-6.000] ^~^~^ DECAPTRY fired ent=103 mod=9 headsurfs=2 gibsurfs=7 headofs=(-27.1 15.2 0.0) model=models/human/2nd-ranger_private.tik
[2026-08-22 20:49:17 UTC-6.000] ^~^~^ Reload default case for weapon panzerschreck - weapon type not supported
[2026-08-22 20:49:17 UTC-6.000] ^~^~^ Reload default case for weapon panzerschreck - weapon type not supported
[2026-08-22 20:49:17 UTC-6.000] ^~^~^ MANEUVER attackState=12 candidates=5 runtoIssued=0 coverThink=0
[2026-08-22 20:49:17 UTC-6.000] Actor::Actor::Landed : Actor 103 has landed on an entity that might move

[2026-08-22 20:49:17 UTC-6.000] ^~^~^ SQUAD clusters=6 engaged=5 alerts=0 search=0 bound=0
[2026-08-22 20:49:18 UTC-6.000] ^~^~^ SVFRAME worst=26ms mean=25ms over=2/40 budget=25ms
[2026-08-22 20:49:18 UTC-6.000] ^~^~^ Reload default case for weapon panzerschreck - weapon type not supported
[2026-08-22 20:49:18 UTC-6.000] ^~^~^ Reload default case for weapon panzerschreck - weapon type not supported
[2026-08-22 20:49:19 UTC-6.000] ^~^~^ AIBEHAV alive=14 engaging=12 moving=0 staticCombat=12 flanked=4 | aggr=3 cover=5 flank=0 prone=0 none=6
[2026-08-22 20:49:19 UTC-6.000] ^~^~^ AIBEHAV2 window=8s engagedMoved=0 repositioned=0 totalDist=0 avgDist=0
[2026-08-22 20:49:19 UTC-6.000] ^~^~^ SQUAD clusters=6 engaged=5 alerts=0 search=0 bound=0
[2026-08-22 20:49:19 UTC-6.000] ^~^~^ MANEUVER attackState=12 candidates=5 runtoIssued=0 coverThink=0
[2026-08-22 20:49:19 UTC-6.000] ^~^~^ BPMGR psize=2 count=1 map=m1l1 [e0 act=1 found1=0 slot1=1] [e1 act=1 found1=0 slot1=1]
[2026-08-22 20:49:19 UTC-6.000] ^~^~^ SVFRAME worst=26ms mean=25ms over=3/40 budget=25ms
[2026-08-22 20:49:19 UTC-6.000] No active weapon in slot #: "0"
[2026-08-22 20:49:19 UTC-6.000] No active weapon in slot #: "0"
[2026-08-22 20:49:20 UTC-6.000] ^~^~^ SHELLSHOCK ping=0.184
[2026-08-22 20:49:20 UTC-6.000] ^~^~^ SHELLSHOCK ping=0.090
[2026-08-22 20:49:20 UTC-6.000] ^~^~^ Reload default case for weapon panzerschreck - weapon type not supported
[2026-08-22 20:49:20 UTC-6.000] ^~^~^ Reload default case for weapon panzerschreck - weapon type not supported
[2026-08-22 20:49:20 UTC-6.000] ^~^~^ SQUAD clusters=6 engaged=5 alerts=0 search=0 bound=0
[2026-08-22 20:49:21 UTC-6.000] ^~^~^ MANEUVER attackState=12 candidates=5 runtoIssued=0 coverThink=0
[2026-08-22 20:49:22 UTC-6.000] ^~^~^ Reload default case for weapon panzerschreck - weapon type not supported
[2026-08-22 20:49:22 UTC-6.000] ^~^~^ Reload default case for weapon panzerschreck - weapon type not supported
[2026-08-22 20:49:22 UTC-6.000] ^~^~^ SQUAD clusters=6 engaged=5 alerts=0 search=0 bound=0
[2026-08-22 20:49:22 UTC-6.000] No active weapon in slot #: "0"
[2026-08-22 20:49:22 UTC-6.000] No active weapon in slot #: "0"
[2026-08-22 20:49:23 UTC-6.000] ^~^~^ AIBEHAV alive=14 engaging=12 moving=3 staticCombat=9 flanked=4 | aggr=3 cover=5 flank=0 prone=0 none=6
[2026-08-22 20:49:23 UTC-6.000] ^~^~^ PRB actor.snap t=140 n=349 ent=9 tn=barrel_guy tm=german hp=1000  aiDis=0 noIdle=0 tbias=-6969 scene=0 surr=0 conv=0 role=- persSet=0 hpReal=80 stopPain=0 noLongPain=0 hpMax=1000 wp=mauser kar 98k wg=rifle pos=crouch atk=turret hasEnemy=1 foeEnt=39 foeCls=Actor foeTm=american org=-3788,-454,371 dist=3003 see=0 tdis=salute tidl=anim alrm=0 supp=0
[2026-08-22 20:49:23 UTC-6.000] ^~^~^ MANEUVER attackState=12 candidates=5 runtoIssued=0 coverThink=0
[2026-08-22 20:49:23 UTC-6.000] ^~^~^ PRB actor.snap t=140 n=350 ent=31 tn=- tm=german hp=1000  aiDis=0 noIdle=0 tbias=0 scene=0 surr=0 conv=0 role=cover persSet=1 hpReal=80 stopPain=0 noLongPain=0 hpMax=1000 wp=mauser kar 98k wg=rifle pos=crouch atk=turret hasEnemy=1 foeEnt=39 foeCls=Actor foeTm=american org=-3857,-2270,160 dist=1520 see=0 tdis=salute tidl=idle alrm=0 supp=0
[2026-08-22 20:49:23 UTC-6.000] ^~^~^ PRB actor.snap t=140 n=351 ent=36 tn=mg42guy tm=german hp=1000  aiDis=1 noIdle=0 tbias=-6969 scene=0 surr=0 conv=0 role=- persSet=0 hpReal=40 stopPain=0 noLongPain=0 hpMax=1000 wp=- wg=unarmed pos=stand atk=machinegunner hasEnemy=0 foeEnt=- foeCls=- foeTm=- org=-6272,2177,640 dist=6515 see=0 tdis=machinegunner tidl=machinegunner alrm=0 supp=0
[2026-08-22 20:49:23 UTC-6.000] ^~^~^ PRB actor.snap t=140 n=352 ent=39 tn=friendly tm=american hp=17958  aiDis=0 noIdle=0 tbias=0 scene=0 surr=0 conv=0 role=- persSet=0 hpReal=-1 stopPain=1 noLongPain=1 hpMax=20000 wp=thompson wg=thompson pos=stand atk=turret hasEnemy=1 foeEnt=31 foeCls=Actor foeTm=german org=-2994,-2840,91 dist=503 see=0 tdis=salute tidl=runner alrm=0 supp=0
[2026-08-22 20:49:23 UTC-6.000] ^~^~^ PRB actor.snap t=140 n=353 ent=40 tn=friendly tm=american hp=19853  aiDis=0 noIdle=0 tbias=0 scene=0 surr=0 conv=0 role=- persSet=0 hpReal=-1 stopPain=1 noLongPain=1 hpMax=20000 wp=m1 garand wg=rifle pos=stand atk=turret hasEnemy=1 foeEnt=31 foeCls=Actor foeTm=german org=-4254,-2088,201 dist=1947 see=0 tdis=salute tidl=idle alrm=0 supp=0
[2026-08-22 20:49:23 UTC-6.000] ^~^~^ PRB actor.snap t=140 n=354 ent=64 tn=- tm=german hp=1000  aiDis=0 noIdle=0 tbias=0 scene=0 surr=0 conv=0 role=aggr persSet=1 hpReal=100 stopPain=0 noLongPain=0 hpMax=1000 wp=mauser kar 98k wg=rifle pos=crouch atk=cover hasEnemy=0 foeEnt=- foeCls=- foeTm=- org=-6333,1496,432 dist=5984 see=0 tdis=salute tidl=idle alrm=0 supp=0
[2026-08-22 20:49:23 UTC-6.000] ^~^~^ PRB actor.snap t=140 n=355 ent=104 tn=friendly tm=american hp=19315  aiDis=0 noIdle=0 tbias=0 scene=0 surr=0 conv=0 role=- persSet=0 hpReal=-1 stopPain=1 noLongPain=1 hpMax=20000 wp=m1 garand wg=rifle pos=run atk=turret hasEnemy=0 foeEnt=- foeCls=- foeTm=- org=-3322,-2805,143 dist=771 see=0 tdis=salute tidl=runner alrm=0 supp=0
[2026-08-22 20:49:23 UTC-6.000] ^~^~^ PRB actor.snap t=140 n=356 ent=110 tn=barrel_guy tm=german hp=1000  aiDis=0 noIdle=0 tbias=-6969 scene=0 surr=0 conv=0 role=- persSet=0 hpReal=80 stopPain=0 noLongPain=0 hpMax=1000 wp=mauser kar 98k wg=rifle pos=crouch atk=turret hasEnemy=1 foeEnt=39 foeCls=Actor foeTm=american org=-3860,-532,369 dist=2958 see=0 tdis=salute tidl=anim alrm=0 supp=0
[2026-08-22 20:49:23 UTC-6.000] ^~^~^ PRB actor.snap t=140 n=357 ent=112 tn=- tm=german hp=1000  aiDis=0 noIdle=0 tbias=0 scene=0 surr=0 conv=0 role=cover persSet=1 hpReal=80 stopPain=0 noLongPain=0 hpMax=1000 wp=mauser kar 98k wg=rifle pos=run atk=turret hasEnemy=1 foeEnt=40 foeCls=Actor foeTm=american org=-4320,-1046,402 dist=2748 see=0 tdis=salute tidl=idle alrm=0 supp=0
[2026-08-22 20:49:23 UTC-6.000] ^~^~^ PRB actor.snap t=140 n=358 ent=114 tn=bazooka_wall tm=german hp=1000  aiDis=0 noIdle=0 tbias=-6969 scene=0 surr=0 conv=0 role=- persSet=0 hpReal=160 stopPain=0 noLongPain=0 hpMax=1000 wp=panzerschreck wg=bazooka pos=stand atk=balcony_attack hasEnemy=1 foeEnt=40 foeCls=Actor foeTm=american org=-3407,-280,608 dist=3081 see=0 tdis=salute tidl=idle alrm=0 supp=0
[2026-08-22 20:49:23 UTC-6.000] ^~^~^ PRB actor.snap t=140 n=359 ent=116 tn=coop_mgnest1_gunner tm=german hp=1000  aiDis=0 noIdle=0 tbias=0 scene=0 surr=0 conv=0 role=- persSet=0 hpReal=5 stopPain=0 noLongPain=0 hpMax=1000 wp=- wg=unarmed pos=crouch atk=machinegunner hasEnemy=1 foeEnt=0 foeCls=Player foeTm=american org=-4201,583,435 dist=4121 see=0 tdis=machinegunner tidl=machinegunner alrm=0 supp=0
[2026-08-22 20:49:23 UTC-6.000] ^~^~^ PRB actor.snap t=140 n=360 ent=170 tn=bazooka_wall tm=german hp=1000  aiDis=0 noIdle=0 tbias=-6969 scene=0 surr=0 conv=0 role=- persSet=0 hpReal=160 stopPain=0 noLongPain=0 hpMax=1000 wp=panzerschreck wg=bazooka pos=stand atk=balcony_attack hasEnemy=1 foeEnt=40 foeCls=Actor foeTm=american org=-4656,-328,616 dist=3548 see=0 tdis=salute tidl=idle alrm=0 supp=0
[2026-08-22 20:49:23 UTC-6.000] ^~^~^ PRB actor.snap t=140 n=361 ent=192 tn=- tm=american hp=100  aiDis=1 noIdle=1 tbias=0 scene=1 surr=0 conv=0 role=- persSet=0 hpReal=-1 stopPain=1 noLongPain=1 hpMax=100 wp=mauser kar 98k wg=rifle pos=stand atk=turret hasEnemy=0 foeEnt=- foeCls=- foeTm=- org=-2167,-3437,31 dist=515 see=0 tdis=salute tidl=anim alrm=0 supp=0
[2026-08-22 20:49:23 UTC-6.000] ^~^~^ PRB actor.snap t=140 n=362 ent=193 tn=- tm=american hp=100  aiDis=1 noIdle=1 tbias=0 scene=1 surr=0 conv=0 role=- persSet=0 hpReal=-1 stopPain=1 noLongPain=1 hpMax=100 wp=colt 45 wg=pistol pos=stand atk=turret hasEnemy=0 foeEnt=- foeCls=- foeTm=- org=-2167,-3397,31 dist=504 see=1 tdis=salute tidl=anim alrm=0 supp=0
[2026-08-22 20:49:23 UTC-6.000] ^~^~^ PRB actor.snap t=140 n=363 ent=224 tn=- tm=german hp=1200  aiDis=0 noIdle=0 tbias=0 scene=0 surr=0 conv=0 role=aggr persSet=1 hpReal=-1 stopPain=1 noLongPain=1 hpMax=1200 wp=stg 44 wg=mp44 pos=stand atk=turret hasEnemy=1 foeEnt=0 foeCls=Player foeTm=american org=-4433,677,426 dist=4296 see=0 tdis=salute tidl=idle alrm=0 supp=0
[2026-08-22 20:49:23 UTC-6.000] ^~^~^ PRB actor.snap t=140 n=364 ent=231 tn=- tm=german hp=1000  aiDis=0 noIdle=0 tbias=0 scene=0 surr=0 conv=0 role=cover persSet=1 hpReal=20 stopPain=0 noLongPain=0 hpMax=1000 wp=mauser kar 98k wg=rifle pos=run atk=turret hasEnemy=1 foeEnt=104 foeCls=Actor foeTm=american org=-1600,-2762,108 dist=1162 see=0 tdis=salute tidl=idle alrm=0 supp=0
[2026-08-22 20:49:23 UTC-6.000] ^~^~^ PRB actor.snap t=140 n=365 ent=232 tn=- tm=german hp=1000  aiDis=0 noIdle=0 tbias=0 scene=0 surr=0 conv=0 role=cover persSet=1 hpReal=80 stopPain=0 noLongPain=0 hpMax=1000 wp=mauser kar 98k wg=rifle pos=run atk=turret hasEnemy=1 foeEnt=104 foeCls=Actor foeTm=american org=-1566,-2987,89 dist=1117 see=0 tdis=salute tidl=anim alrm=0 supp=0
[2026-08-22 20:49:23 UTC-6.000] ^~^~^ PRB actor.snap t=140 n=366 ent=233 tn=- tm=german hp=640  aiDis=0 noIdle=0 tbias=0 scene=0 surr=0 conv=0 role=cover persSet=1 hpReal=-1 stopPain=1 noLongPain=0 hpMax=640 wp=stg 44 wg=mp44 pos=stand atk=turret hasEnemy=1 foeEnt=0 foeCls=Player foeTm=american org=-4577,717,427 dist=4393 see=0 tdis=salute tidl=idle alrm=0 supp=0
[2026-08-22 20:49:23 UTC-6.000] ^~^~^ PRB actor.snap t=140 n=367 ent=239 tn=- tm=german hp=640  aiDis=0 noIdle=0 tbias=0 scene=0 surr=0 conv=0 role=aggr persSet=1 hpReal=-1 stopPain=1 noLongPain=0 hpMax=640 wp=stg 44 wg=mp44 pos=crouch atk=turret hasEnemy=1 foeEnt=0 foeCls=Player foeTm=american org=-4620,614,403 dist=4318 see=0 tdis=salute tidl=anim alrm=0 supp=0
[2026-08-22 20:49:23 UTC-6.000] ^~^~^ PRB player.snap t=140 n=368 ent=0 tn=player tm=american hp=750  hp=750 dbno=0 active=1 wp=- tbias=-100 lvlTbias=-100 org=-2682,-3235,122 yaw=0 disg=0 busted=0 lvlAlarm=0 lvlDisg=0 glued=0 notgt=0
[2026-08-22 20:49:23 UTC-6.000] ^~^~^ PRB player.snap t=140 n=369 ent=1 tn=player tm=american hp=750  hp=750 dbno=0 active=1 wp=- tbias=-100 lvlTbias=-100 org=-2647,-3269,122 yaw=14 disg=0 busted=0 lvlAlarm=0 lvlDisg=0 glued=0 notgt=0
[2026-08-22 20:49:23 UTC-6.000] ^~^~^ PRB census.total t=140 actors=19 surrendered=0 aiDisabled=3 engaging=14 canSeePlayer=1
[2026-08-22 20:49:23 UTC-6.000] ^~^~^ BPMGR psize=2 count=1 map=m1l1 [e0 act=1 found1=0 slot1=1] [e1 act=1 found1=0 slot1=1]
[2026-08-22 20:49:23 UTC-6.000] ^~^~^ RETREATDBG frac=0.450 active=1
[2026-08-22 20:49:23 UTC-6.000] ^~^~^ Reload default case for weapon panzerschreck - weapon type not supported
[2026-08-22 20:49:23 UTC-6.000] ^~^~^ Reload default case for weapon panzerschreck - weapon type not supported
[2026-08-22 20:49:24 UTC-6.000] ^~^~^ DISG SETTHINK ent=31 tn= oldthink=10 newthink=0 curstate=2

	-------------------------- IMPORTANT REMINDER --------------------------

	include 'main\ai_trace_m1l1_8_22_2049.log' in your bug report! 

	----------------------- END IMPORTANT REMINDER -----------------------


[2026-08-22 20:49:24 UTC-6.000] ^~^~^ XPKILL victim= attributed=Actor mod=18
[2026-08-22 20:49:24 UTC-6.000] No active weapon in slot #: "0"
[2026-08-22 20:49:24 UTC-6.000] No active weapon in slot #: "0"
[2026-08-22 20:49:24 UTC-6.000] ^~^~^ SQUAD clusters=5 engaged=4 alerts=0 search=0 bound=0
[2026-08-22 20:49:24 UTC-6.000] ^~^~^ SVFRAME worst=26ms mean=25ms over=2/40 budget=25ms
[2026-08-22 20:49:25 UTC-6.000] ^~^~^ MANEUVER attackState=11 candidates=4 runtoIssued=0 coverThink=0
[2026-08-22 20:49:25 UTC-6.000] No active weapon in slot #: "0"
[2026-08-22 20:49:25 UTC-6.000] No active weapon in slot #: "0"
[2026-08-22 20:49:25 UTC-6.000] ^~^~^ DISG SETTHINK ent=112 tn= oldthink=10 newthink=0 curstate=4

	-------------------------- IMPORTANT REMINDER --------------------------

	include 'main\ai_trace_m1l1_8_22_2049.log' in your bug report! 

	----------------------- END IMPORTANT REMINDER -----------------------


[2026-08-22 20:49:25 UTC-6.000] ^~^~^ XPKILL victim= attributed=Actor mod=18
[2026-08-22 20:49:25 UTC-6.000] ^~^~^ Reload default case for weapon panzerschreck - weapon type not supported
[2026-08-22 20:49:25 UTC-6.000] ^~^~^ Reload default case for weapon panzerschreck - weapon type not supported
[2026-08-22 20:49:25 UTC-6.000] ^~^~^ SQUAD clusters=5 engaged=4 alerts=0 search=0 bound=0
[2026-08-22 20:49:27 UTC-6.000] ^~^~^ AIBEHAV alive=12 engaging=10 moving=2 staticCombat=8 flanked=4 | aggr=3 cover=3 flank=0 prone=0 none=6
[2026-08-22 20:49:27 UTC-6.000] ^~^~^ AIBEHAV2 window=8s engagedMoved=2 repositioned=2 totalDist=956 avgDist=478
[2026-08-22 20:49:27 UTC-6.000] ^~^~^ MANEUVER attackState=10 candidates=3 runtoIssued=0 coverThink=0
[2026-08-22 20:49:27 UTC-6.000] ^~^~^ BPMGR psize=2 count=1 map=m1l1 [e0 act=1 found1=0 slot1=1] [e1 act=1 found1=0 slot1=1]
[2026-08-22 20:49:27 UTC-6.000] ^~^~^ Reload default case for weapon panzerschreck - weapon type not supported
[2026-08-22 20:49:27 UTC-6.000] ^~^~^ Reload default case for weapon panzerschreck - weapon type not supported
[2026-08-22 20:49:27 UTC-6.000] ^~^~^ SVFRAME worst=26ms mean=25ms over=3/40 budget=25ms
[2026-08-22 20:49:27 UTC-6.000] ^~^~^ SQUAD clusters=5 engaged=4 alerts=0 search=0 bound=0
[2026-08-22 20:49:28 UTC-6.000] ^~^~^ SVFRAME worst=26ms mean=25ms over=6/40 budget=25ms
[2026-08-22 20:49:28 UTC-6.000] No active weapon in slot #: "0"
[2026-08-22 20:49:28 UTC-6.000] No active weapon in slot #: "0"
[2026-08-22 20:49:29 UTC-6.000] ^~^~^ MANEUVER attackState=10 candidates=3 runtoIssued=0 coverThink=0
[2026-08-22 20:49:29 UTC-6.000] ^~^~^ Reload default case for weapon panzerschreck - weapon type not supported
[2026-08-22 20:49:29 UTC-6.000] ^~^~^ Reload default case for weapon panzerschreck - weapon type not supported
[2026-08-22 20:49:29 UTC-6.000] No active weapon in slot #: "0"
[2026-08-22 20:49:29 UTC-6.000] No active weapon in slot #: "0"
[2026-08-22 20:49:29 UTC-6.000] ^~^~^ SQUAD clusters=5 engaged=4 alerts=0 search=0 bound=0
[2026-08-22 20:49:29 UTC-6.000] ^~^~^ SVFRAME worst=26ms mean=25ms over=8/40 budget=25ms
[2026-08-22 20:49:29 UTC-6.000] ^~^~^ Reload default case for weapon  - weapon type not supported
[2026-08-22 20:49:30 UTC-6.000] ^~^~^ PERS actor=m1l1_baddie type=turret hasAlarm=0
[2026-08-22 20:49:30 UTC-6.000] ^~^~^ PERS actor=m1l1_baddie type=turret hasAlarm=0
[2026-08-22 20:49:30 UTC-6.000] ^~^~^ REPLICA ent=263 idx=0 at -3991.127 645.114 444.605 anchor -3873.209 634.861 446.679
[2026-08-22 20:49:30 UTC-6.000] ^~^~^ PERS actor= type=turret hasAlarm=0
[2026-08-22 20:49:30 UTC-6.000] ^~^~^ AIARRAY late-registered a replica team=german -> size 15
[2026-08-22 20:49:30 UTC-6.000] ^~^~^ PERS actor= type=turret hasAlarm=0
[2026-08-22 20:49:30 UTC-6.000] ^~^~^ PRONEDBG wg=rifle tries=0
[2026-08-22 20:49:30 UTC-6.000] ^~^~^ PRONEPOSE actor=m1l1_baddie wg=rifle
[2026-08-22 20:49:30 UTC-6.000] ^~^~^ PRB prone.target t=147 ent=234 tn=m1l1_baddie verdict=threatbias foeTbias=NIL
[2026-08-22 20:49:30 UTC-6.000] ^~^~^ Reload default case for weapon panzerschreck - weapon type not supported
[2026-08-22 20:49:30 UTC-6.000] ^~^~^ Reload default case for weapon panzerschreck - weapon type not supported
[2026-08-22 20:49:30 UTC-6.000] ^~^~^ PRONEDBG wg=pistol tries=0
[2026-08-22 20:49:30 UTC-6.000] ^~^~^ PRONEPOSE actor= wg=pistol
[2026-08-22 20:49:30 UTC-6.000] ^~^~^ PRB prone.target t=147 ent=263 tn=- verdict=threatbias foeTbias=NIL
[2026-08-22 20:49:31 UTC-6.000] ^~^~^ AGGRO actor=m1l1_baddie target=Player1 tgtDisguised=- alarm=0 enableDisg=0
[2026-08-22 20:49:31 UTC-6.000] ^~^~^ SQUAD clusters=5 engaged=4 alerts=1 search=1 bound=0
[2026-08-22 20:49:31 UTC-6.000] ^~^~^ Path not found in 'Actor::MoveToPatrolCurrentNode' for (entnum 106, radnum 584, targetname 'm1l1_baddie') from (-3951.987793 551.667175 440.140686) to (-2748.540283 -3036.599854 440.140686)
[2026-08-22 20:49:31 UTC-6.000] Reason: couldn't find end node
[2026-08-22 20:49:31 UTC-6.000] ^~^~^ AIBEHAV alive=15 engaging=10 moving=1 staticCombat=10 flanked=4 | aggr=4 cover=3 flank=0 prone=2 none=6
[2026-08-22 20:49:31 UTC-6.000] ^~^~^ MANEUVER attackState=10 candidates=3 runtoIssued=0 coverThink=0
[2026-08-22 20:49:31 UTC-6.000] ^~^~^ BPMGR psize=2 count=1 map=m1l1 [e0 act=1 found1=0 slot1=1] [e1 act=1 found1=0 slot1=1]
[2026-08-22 20:49:31 UTC-6.000] Captain said dfr_army_g06
[2026-08-22 20:49:31 UTC-6.000] Couldn't find animation 'dfr_army_g06' in 'models/human/2nd-ranger_captain.tik' - trying sound alias instead.
[2026-08-22 20:49:31 UTC-6.000] ^~^~^ Callback of sound 'dfr_army_g06' ignored.
[2026-08-22 20:49:32 UTC-6.000] ^~^~^ Reload default case for weapon panzerschreck - weapon type not supported
[2026-08-22 20:49:32 UTC-6.000] ^~^~^ Reload default case for weapon panzerschreck - weapon type not supported
[2026-08-22 20:49:32 UTC-6.000] ^~^~^ SQUAD clusters=5 engaged=4 alerts=0 search=0 bound=0
[2026-08-22 20:49:33 UTC-6.000] ^~^~^ MANEUVER attackState=11 candidates=3 runtoIssued=0 coverThink=0
[2026-08-22 20:49:33 UTC-6.000] ^~^~^ PRB actor.snap t=150 n=370 ent=9 tn=barrel_guy tm=german hp=1000  aiDis=0 noIdle=0 tbias=-6969 scene=0 surr=0 conv=0 role=- persSet=0 hpReal=80 stopPain=0 noLongPain=0 hpMax=1000 wp=mauser kar 98k wg=rifle pos=crouch atk=turret hasEnemy=1 foeEnt=104 foeCls=Actor foeTm=american org=-3788,-454,371 dist=3003 see=0 tdis=salute tidl=anim alrm=0 supp=0
[2026-08-22 20:49:33 UTC-6.000] ^~^~^ PRB actor.snap t=150 n=371 ent=36 tn=mg42guy tm=german hp=1000  aiDis=1 noIdle=0 tbias=-6969 scene=0 surr=0 conv=0 role=- persSet=0 hpReal=40 stopPain=0 noLongPain=0 hpMax=1000 wp=- wg=unarmed pos=stand atk=machinegunner hasEnemy=0 foeEnt=- foeCls=- foeTm=- org=-6272,2177,640 dist=6515 see=0 tdis=machinegunner tidl=machinegunner alrm=0 supp=0
[2026-08-22 20:49:33 UTC-6.000] ^~^~^ PRB actor.snap t=150 n=372 ent=39 tn=friendly tm=american hp=17958  aiDis=0 noIdle=0 tbias=0 scene=0 surr=0 conv=0 role=- persSet=0 hpReal=-1 stopPain=1 noLongPain=1 hpMax=20000 wp=thompson wg=thompson pos=run atk=turret hasEnemy=0 foeEnt=- foeCls=- foeTm=- org=-3349,-2143,171 dist=1279 see=0 tdis=salute tidl=runner alrm=0 supp=0
[2026-08-22 20:49:33 UTC-6.000] ^~^~^ PRB actor.snap t=150 n=373 ent=40 tn=friendly tm=american hp=19279  aiDis=0 noIdle=0 tbias=0 scene=0 surr=0 conv=0 role=- persSet=0 hpReal=-1 stopPain=1 noLongPain=1 hpMax=20000 wp=m1 garand wg=rifle pos=stand atk=turret hasEnemy=0 foeEnt=- foeCls=- foeTm=- org=-4023,-1564,285 dist=2148 see=0 tdis=salute tidl=idle alrm=0 supp=0
[2026-08-22 20:49:33 UTC-6.000] ^~^~^ PRB actor.snap t=150 n=374 ent=64 tn=- tm=german hp=1000  aiDis=0 noIdle=0 tbias=0 scene=0 surr=0 conv=0 role=aggr persSet=1 hpReal=100 stopPain=0 noLongPain=0 hpMax=1000 wp=mauser kar 98k wg=rifle pos=crouch atk=cover hasEnemy=0 foeEnt=- foeCls=- foeTm=- org=-6333,1496,432 dist=5984 see=0 tdis=salute tidl=idle alrm=0 supp=0
[2026-08-22 20:49:33 UTC-6.000] ^~^~^ PRB actor.snap t=150 n=375 ent=104 tn=friendly tm=american hp=19315  aiDis=0 noIdle=0 tbias=0 scene=0 surr=0 conv=0 role=- persSet=0 hpReal=-1 stopPain=1 noLongPain=1 hpMax=20000 wp=m1 garand wg=rifle pos=run atk=turret hasEnemy=0 foeEnt=- foeCls=- foeTm=- org=-4416,-2151,185 dist=2045 see=0 tdis=salute tidl=runner alrm=0 supp=0
[2026-08-22 20:49:33 UTC-6.000] ^~^~^ PRB actor.snap t=150 n=376 ent=106 tn=m1l1_baddie tm=german hp=1000  aiDis=0 noIdle=0 tbias=0 scene=0 surr=0 conv=0 role=aggr persSet=1 hpReal=100 stopPain=0 noLongPain=0 hpMax=1000 wp=walther p38 wg=pistol pos=stand atk=turret hasEnemy=1 foeEnt=0 foeCls=Player foeTm=american org=-3973,529,439 dist=3992 see=0 tdis=salute tidl=runner alrm=0 supp=0
[2026-08-22 20:49:33 UTC-6.000] ^~^~^ PRB actor.snap t=150 n=377 ent=110 tn=barrel_guy tm=german hp=1000  aiDis=0 noIdle=0 tbias=-6969 scene=0 surr=0 conv=0 role=- persSet=0 hpReal=80 stopPain=0 noLongPain=0 hpMax=1000 wp=mauser kar 98k wg=rifle pos=crouch atk=turret hasEnemy=1 foeEnt=104 foeCls=Actor foeTm=american org=-3860,-532,369 dist=2958 see=0 tdis=salute tidl=anim alrm=0 supp=0
[2026-08-22 20:49:33 UTC-6.000] ^~^~^ PRB actor.snap t=150 n=378 ent=114 tn=bazooka_wall tm=german hp=1000  aiDis=0 noIdle=0 tbias=-6969 scene=0 surr=0 conv=0 role=- persSet=0 hpReal=160 stopPain=0 noLongPain=0 hpMax=1000 wp=panzerschreck wg=bazooka pos=stand atk=balcony_attack hasEnemy=1 foeEnt=40 foeCls=Actor foeTm=american org=-3407,-280,608 dist=3081 see=0 tdis=salute tidl=idle alrm=0 supp=0
[2026-08-22 20:49:33 UTC-6.000] ^~^~^ PRB actor.snap t=150 n=379 ent=116 tn=coop_mgnest1_gunner tm=german hp=1000  aiDis=0 noIdle=0 tbias=0 scene=0 surr=0 conv=0 role=- persSet=0 hpReal=5 stopPain=0 noLongPain=0 hpMax=1000 wp=- wg=unarmed pos=crouch atk=machinegunner hasEnemy=1 foeEnt=0 foeCls=Player foeTm=american org=-4201,583,435 dist=4121 see=0 tdis=machinegunner tidl=machinegunner alrm=0 supp=0
[2026-08-22 20:49:33 UTC-6.000] ^~^~^ PRB actor.snap t=150 n=380 ent=170 tn=bazooka_wall tm=german hp=1000  aiDis=0 noIdle=0 tbias=-6969 scene=0 surr=0 conv=0 role=- persSet=0 hpReal=160 stopPain=0 noLongPain=0 hpMax=1000 wp=panzerschreck wg=bazooka pos=stand atk=balcony_attack hasEnemy=1 foeEnt=40 foeCls=Actor foeTm=american org=-4656,-328,616 dist=3548 see=0 tdis=salute tidl=idle alrm=0 supp=0
[2026-08-22 20:49:33 UTC-6.000] ^~^~^ PRB actor.snap t=150 n=381 ent=192 tn=- tm=american hp=100  aiDis=1 noIdle=1 tbias=0 scene=1 surr=0 conv=0 role=- persSet=0 hpReal=-1 stopPain=1 noLongPain=1 hpMax=100 wp=mauser kar 98k wg=rifle pos=stand atk=turret hasEnemy=0 foeEnt=- foeCls=- foeTm=- org=-2167,-3437,31 dist=515 see=0 tdis=salute tidl=anim alrm=0 supp=0
[2026-08-22 20:49:33 UTC-6.000] ^~^~^ PRB actor.snap t=150 n=382 ent=193 tn=- tm=american hp=100  aiDis=1 noIdle=1 tbias=0 scene=1 surr=0 conv=0 role=- persSet=0 hpReal=-1 stopPain=1 noLongPain=1 hpMax=100 wp=colt 45 wg=pistol pos=stand atk=turret hasEnemy=0 foeEnt=- foeCls=- foeTm=- org=-2167,-3397,31 dist=504 see=1 tdis=salute tidl=anim alrm=0 supp=0
[2026-08-22 20:49:33 UTC-6.000] ^~^~^ PRB actor.snap t=150 n=383 ent=224 tn=- tm=german hp=1200  aiDis=0 noIdle=0 tbias=0 scene=0 surr=0 conv=0 role=aggr persSet=1 hpReal=-1 stopPain=1 noLongPain=1 hpMax=1200 wp=stg 44 wg=mp44 pos=stand atk=turret hasEnemy=1 foeEnt=0 foeCls=Player foeTm=american org=-4433,677,426 dist=4296 see=0 tdis=salute tidl=idle alrm=0 supp=0
[2026-08-22 20:49:33 UTC-6.000] ^~^~^ PRB actor.snap t=150 n=384 ent=231 tn=- tm=german hp=1000  aiDis=0 noIdle=0 tbias=0 scene=0 surr=0 conv=0 role=cover persSet=1 hpReal=20 stopPain=0 noLongPain=0 hpMax=1000 wp=- wg=unarmed pos=stand atk=turret hasEnemy=1 foeEnt=193 foeCls=Actor foeTm=american org=-1670,-3253,31 dist=980 see=0 tdis=salute tidl=idle alrm=0 supp=0
[2026-08-22 20:49:33 UTC-6.000] ^~^~^ PRB actor.snap t=150 n=385 ent=232 tn=- tm=german hp=1000  aiDis=0 noIdle=0 tbias=0 scene=0 surr=0 conv=0 role=cover persSet=1 hpReal=80 stopPain=0 noLongPain=0 hpMax=1000 wp=- wg=unarmed pos=stand atk=turret hasEnemy=1 foeEnt=193 foeCls=Actor foeTm=american org=-1726,-3241,28 dist=925 see=1 tdis=salute tidl=anim alrm=0 supp=0
[2026-08-22 20:49:33 UTC-6.000] ^~^~^ PRB actor.snap t=150 n=386 ent=233 tn=- tm=german hp=640  aiDis=0 noIdle=0 tbias=0 scene=0 surr=0 conv=0 role=cover persSet=1 hpReal=-1 stopPain=1 noLongPain=0 hpMax=640 wp=stg 44 wg=mp44 pos=stand atk=turret hasEnemy=1 foeEnt=0 foeCls=Player foeTm=american org=-4577,717,427 dist=4393 see=0 tdis=salute tidl=idle alrm=0 supp=0
[2026-08-22 20:49:33 UTC-6.000] ^~^~^ PRB actor.snap t=150 n=387 ent=234 tn=m1l1_baddie tm=german hp=1000  aiDis=0 noIdle=0 tbias=0 scene=0 surr=0 conv=0 role=prone persSet=1 hpReal=100 stopPain=0 noLongPain=0 hpMax=1000 wp=mauser kar 98k wg=rifle pos=run atk=turret hasEnemy=0 foeEnt=- foeCls=- foeTm=- org=-3989,486,434 dist=3956 see=0 tdis=salute tidl=runner alrm=0 supp=0
[2026-08-22 20:49:33 UTC-6.000] ^~^~^ PRB actor.snap t=150 n=388 ent=239 tn=- tm=german hp=640  aiDis=0 noIdle=0 tbias=0 scene=0 surr=0 conv=0 role=aggr persSet=1 hpReal=-1 stopPain=1 noLongPain=0 hpMax=640 wp=stg 44 wg=mp44 pos=crouch atk=turret hasEnemy=1 foeEnt=0 foeCls=Player foeTm=american org=-4620,614,403 dist=4318 see=0 tdis=salute tidl=anim alrm=0 supp=0
[2026-08-22 20:49:33 UTC-6.000] ^~^~^ PRB actor.snap t=150 n=389 ent=263 tn=- tm=german hp=1000  aiDis=0 noIdle=0 tbias=0 scene=0 surr=0 conv=0 role=prone persSet=1 hpReal=100 stopPain=0 noLongPain=0 hpMax=1000 wp=walther p38 wg=pistol pos=stand atk=turret hasEnemy=0 foeEnt=- foeCls=- foeTm=- org=-3991,645,444 dist=4107 see=0 tdis=salute tidl=idle alrm=0 supp=0
[2026-08-22 20:49:33 UTC-6.000] ^~^~^ PRB player.snap t=150 n=390 ent=0 tn=player tm=american hp=750  hp=750 dbno=0 active=1 wp=- tbias=-100 lvlTbias=-100 org=-2682,-3235,122 yaw=0 disg=0 busted=0 lvlAlarm=0 lvlDisg=0 glued=0 notgt=0
[2026-08-22 20:49:33 UTC-6.000] ^~^~^ PRB player.snap t=150 n=391 ent=1 tn=player tm=american hp=750  hp=750 dbno=0 active=1 wp=- tbias=-100 lvlTbias=-100 org=-2647,-3269,122 yaw=14 disg=0 busted=0 lvlAlarm=0 lvlDisg=0 glued=0 notgt=0
[2026-08-22 20:49:33 UTC-6.000] ^~^~^ PRB census.total t=150 actors=20 surrendered=0 aiDisabled=3 engaging=11 canSeePlayer=2
[2026-08-22 20:49:33 UTC-6.000] ^~^~^ CHALUI export sent=0 rows=365
[2026-08-22 20:49:33 UTC-6.000] ^~^~^ CHALUI export sent=0 rows=365
[2026-08-22 20:49:33 UTC-6.000] ^~^~^ AIBEHAV3 prone=1 crouch=2 crate=1 crateblind=0 runfire=0 hitreact=1 dropgun=0 crawldeath=0 corner=0 cornernade=0 cornerdeath=0 fear=0 surrender=0 martyr=0 variant=4 g43=0 convert=0
[2026-08-22 20:49:34 UTC-6.000] ^~^~^ Reload default case for weapon panzerschreck - weapon type not supported
[2026-08-22 20:49:34 UTC-6.000] ^~^~^ Reload default case for weapon panzerschreck - weapon type not supported
[2026-08-22 20:49:34 UTC-6.000] ^~^~^ SQUAD clusters=5 engaged=4 alerts=0 search=0 bound=0
[2026-08-22 20:49:35 UTC-6.000] ^~^~^ AIBEHAV alive=15 engaging=11 moving=2 staticCombat=10 flanked=5 | aggr=4 cover=3 flank=0 prone=2 none=6
[2026-08-22 20:49:35 UTC-6.000] ^~^~^ AIBEHAV2 window=8s engagedMoved=2 repositioned=2 totalDist=467 avgDist=233
[2026-08-22 20:49:35 UTC-6.000] ^~^~^ MANEUVER attackState=11 candidates=3 runtoIssued=0 coverThink=0
[2026-08-22 20:49:35 UTC-6.000] ^~^~^ BPMGR psize=2 count=1 map=m1l1 [e0 act=1 found1=0 slot1=1] [e1 act=1 found1=0 slot1=1]
[2026-08-22 20:49:35 UTC-6.000] ^~^~^ (entnum 104, radnum 278, targetname 'friendly') cannot reach his leash home
[2026-08-22 20:49:36 UTC-6.000] ^~^~^ Reload default case for weapon panzerschreck - weapon type not supported
[2026-08-22 20:49:36 UTC-6.000] ^~^~^ Reload default case for weapon panzerschreck - weapon type not supported
[2026-08-22 20:49:36 UTC-6.000] ^~^~^ SQUAD clusters=5 engaged=4 alerts=0 search=0 bound=0
[2026-08-22 20:49:36 UTC-6.000] ^~^~^ SVFRAME worst=26ms mean=25ms over=1/40 budget=25ms
[2026-08-22 20:49:37 UTC-6.000] ^~^~^ MANEUVER attackState=11 candidates=3 runtoIssued=0 coverThink=0
[2026-08-22 20:49:37 UTC-6.000] ^~^~^ PERS actor=m1l1_baddie type=turret hasAlarm=0
[2026-08-22 20:49:37 UTC-6.000] ^~^~^ SVFRAME worst=26ms mean=25ms over=10/40 budget=25ms
[2026-08-22 20:49:37 UTC-6.000] ^~^~^ PERS actor= type=turret hasAlarm=0
[2026-08-22 20:49:37 UTC-6.000] ^~^~^ Reload default case for weapon panzerschreck - weapon type not supported
[2026-08-22 20:49:37 UTC-6.000] ^~^~^ Reload default case for weapon panzerschreck - weapon type not supported
[2026-08-22 20:49:37 UTC-6.000] ^~^~^ SQUAD clusters=5 engaged=4 alerts=0 search=0 bound=0
[2026-08-22 20:49:38 UTC-6.000] ^~^~^ SVFRAME worst=26ms mean=25ms over=9/40 budget=25ms
[2026-08-22 20:49:39 UTC-6.000] ^~^~^ AIBEHAV alive=15 engaging=13 moving=0 staticCombat=13 flanked=7 | aggr=6 cover=3 flank=0 prone=0 none=6
[2026-08-22 20:49:39 UTC-6.000] ^~^~^ MANEUVER attackState=13 candidates=3 runtoIssued=0 coverThink=0
[2026-08-22 20:49:39 UTC-6.000] ^~^~^ BPMGR psize=2 count=1 map=m1l1 [e0 act=1 found1=0 slot1=1] [e1 act=1 found1=0 slot1=1]
[2026-08-22 20:49:39 UTC-6.000] ^~^~^ SVFRAME worst=26ms mean=25ms over=1/40 budget=25ms
[2026-08-22 20:49:39 UTC-6.000] ^~^~^ Reload default case for weapon panzerschreck - weapon type not supported
[2026-08-22 20:49:39 UTC-6.000] ^~^~^ Reload default case for weapon panzerschreck - weapon type not supported
[2026-08-22 20:49:39 UTC-6.000] ^~^~^ SQUAD clusters=5 engaged=4 alerts=0 search=0 bound=0
[2026-08-22 20:49:41 UTC-6.000] ^~^~^ MANEUVER attackState=13 candidates=3 runtoIssued=0 coverThink=0
[2026-08-22 20:49:41 UTC-6.000] ^~^~^ Reload default case for weapon panzerschreck - weapon type not supported
[2026-08-22 20:49:41 UTC-6.000] ^~^~^ Reload default case for weapon panzerschreck - weapon type not supported
[2026-08-22 20:49:41 UTC-6.000] ^~^~^ SQUAD clusters=5 engaged=4 alerts=0 search=0 bound=0
[2026-08-22 20:49:42 UTC-6.000] ^~^~^ SQUAD clusters=5 engaged=4 alerts=0 search=0 bound=0
[2026-08-22 20:49:42 UTC-6.000] ^~^~^ Reload default case for weapon panzerschreck - weapon type not supported
[2026-08-22 20:49:42 UTC-6.000] ^~^~^ Reload default case for weapon panzerschreck - weapon type not supported
[2026-08-22 20:49:43 UTC-6.000] ^~^~^ AIBEHAV alive=15 engaging=13 moving=0 staticCombat=13 flanked=7 | aggr=6 cover=3 flank=0 prone=0 none=6
[2026-08-22 20:49:43 UTC-6.000] ^~^~^ AIBEHAV2 window=8s engagedMoved=3 repositioned=2 totalDist=506 avgDist=168
[2026-08-22 20:49:43 UTC-6.000] ^~^~^ MANEUVER attackState=13 candidates=3 runtoIssued=0 coverThink=0
[2026-08-22 20:49:43 UTC-6.000] ^~^~^ PRB actor.snap t=160 n=392 ent=9 tn=barrel_guy tm=german hp=1000  aiDis=0 noIdle=0 tbias=-6969 scene=0 surr=0 conv=0 role=- persSet=0 hpReal=80 stopPain=0 noLongPain=0 hpMax=1000 wp=mauser kar 98k wg=rifle pos=crouch atk=turret hasEnemy=1 foeEnt=39 foeCls=Actor foeTm=american org=-3788,-454,371 dist=3003 see=0 tdis=salute tidl=anim alrm=0 supp=0
[2026-08-22 20:49:43 UTC-6.000] ^~^~^ PRB actor.snap t=160 n=393 ent=36 tn=mg42guy tm=german hp=1000  aiDis=1 noIdle=0 tbias=-6969 scene=0 surr=0 conv=0 role=- persSet=0 hpReal=40 stopPain=0 noLongPain=0 hpMax=1000 wp=- wg=unarmed pos=stand atk=machinegunner hasEnemy=0 foeEnt=- foeCls=- foeTm=- org=-6272,2177,640 dist=6515 see=0 tdis=machinegunner tidl=machinegunner alrm=0 supp=0
[2026-08-22 20:49:43 UTC-6.000] ^~^~^ PRB actor.snap t=160 n=394 ent=39 tn=friendly tm=american hp=17748  aiDis=0 noIdle=0 tbias=0 scene=0 surr=0 conv=0 role=- persSet=0 hpReal=-1 stopPain=1 noLongPain=1 hpMax=20000 wp=thompson wg=thompson pos=stand atk=turret hasEnemy=0 foeEnt=- foeCls=- foeTm=- org=-3934,-1508,298 dist=2140 see=0 tdis=salute tidl=idle alrm=0 supp=0
[2026-08-22 20:49:43 UTC-6.000] ^~^~^ PRB actor.snap t=160 n=395 ent=40 tn=friendly tm=american hp=18894  aiDis=0 noIdle=0 tbias=0 scene=0 surr=0 conv=0 role=- persSet=0 hpReal=-1 stopPain=1 noLongPain=1 hpMax=20000 wp=m1 garand wg=rifle pos=stand atk=turret hasEnemy=0 foeEnt=- foeCls=- foeTm=- org=-4008,-1575,283 dist=2130 see=0 tdis=salute tidl=idle alrm=0 supp=0
[2026-08-22 20:49:43 UTC-6.000] ^~^~^ PRB actor.snap t=160 n=396 ent=64 tn=- tm=german hp=1000  aiDis=0 noIdle=0 tbias=0 scene=0 surr=0 conv=0 role=aggr persSet=1 hpReal=100 stopPain=0 noLongPain=0 hpMax=1000 wp=mauser kar 98k wg=rifle pos=crouch atk=cover hasEnemy=0 foeEnt=- foeCls=- foeTm=- org=-6333,1496,432 dist=5984 see=0 tdis=salute tidl=idle alrm=0 supp=0
[2026-08-22 20:49:43 UTC-6.000] ^~^~^ PRB actor.snap t=160 n=397 ent=104 tn=friendly tm=american hp=19315  aiDis=0 noIdle=0 tbias=0 scene=0 surr=0 conv=0 role=- persSet=0 hpReal=-1 stopPain=1 noLongPain=1 hpMax=20000 wp=m1 garand wg=rifle pos=stand atk=turret hasEnemy=0 foeEnt=- foeCls=- foeTm=- org=-4593,-1938,243 dist=2312 see=0 tdis=salute tidl=idle alrm=0 supp=0
[2026-08-22 20:49:43 UTC-6.000] ^~^~^ PRB actor.snap t=160 n=398 ent=106 tn=m1l1_baddie tm=german hp=1000  aiDis=0 noIdle=0 tbias=0 scene=0 surr=0 conv=0 role=aggr persSet=1 hpReal=100 stopPain=0 noLongPain=0 hpMax=1000 wp=walther p38 wg=pistol pos=stand atk=turret hasEnemy=1 foeEnt=0 foeCls=Player foeTm=american org=-3973,529,439 dist=3992 see=0 tdis=salute tidl=runner alrm=0 supp=0
[2026-08-22 20:49:43 UTC-6.000] ^~^~^ PRB actor.snap t=160 n=399 ent=110 tn=barrel_guy tm=german hp=1000  aiDis=0 noIdle=0 tbias=-6969 scene=0 surr=0 conv=0 role=- persSet=0 hpReal=80 stopPain=0 noLongPain=0 hpMax=1000 wp=mauser kar 98k wg=rifle pos=crouch atk=turret hasEnemy=1 foeEnt=39 foeCls=Actor foeTm=american org=-3860,-532,369 dist=2958 see=0 tdis=salute tidl=anim alrm=0 supp=0
[2026-08-22 20:49:43 UTC-6.000] ^~^~^ PRB actor.snap t=160 n=400 ent=114 tn=bazooka_wall tm=german hp=1000  aiDis=0 noIdle=0 tbias=-6969 scene=0 surr=0 conv=0 role=- persSet=0 hpReal=160 stopPain=0 noLongPain=0 hpMax=1000 wp=panzerschreck wg=bazooka pos=stand atk=balcony_attack hasEnemy=1 foeEnt=40 foeCls=Actor foeTm=american org=-3407,-280,608 dist=3081 see=0 tdis=salute tidl=idle alrm=0 supp=0
[2026-08-22 20:49:43 UTC-6.000] ^~^~^ PRB actor.snap t=160 n=401 ent=116 tn=coop_mgnest1_gunner tm=german hp=1000  aiDis=0 noIdle=0 tbias=0 scene=0 surr=0 conv=0 role=- persSet=0 hpReal=5 stopPain=0 noLongPain=0 hpMax=1000 wp=- wg=unarmed pos=crouch atk=machinegunner hasEnemy=1 foeEnt=0 foeCls=Player foeTm=american org=-4201,583,435 dist=4121 see=0 tdis=machinegunner tidl=machinegunner alrm=0 supp=0
[2026-08-22 20:49:43 UTC-6.000] ^~^~^ PRB actor.snap t=160 n=402 ent=170 tn=bazooka_wall tm=german hp=1000  aiDis=0 noIdle=0 tbias=-6969 scene=0 surr=0 conv=0 role=- persSet=0 hpReal=160 stopPain=0 noLongPain=0 hpMax=1000 wp=panzerschreck wg=bazooka pos=stand atk=balcony_attack hasEnemy=1 foeEnt=40 foeCls=Actor foeTm=american org=-4656,-328,616 dist=3548 see=0 tdis=salute tidl=idle alrm=0 supp=0
[2026-08-22 20:49:43 UTC-6.000] ^~^~^ PRB actor.snap t=160 n=403 ent=192 tn=- tm=american hp=100  aiDis=1 noIdle=1 tbias=0 scene=1 surr=0 conv=0 role=- persSet=0 hpReal=-1 stopPain=1 noLongPain=1 hpMax=100 wp=mauser kar 98k wg=rifle pos=stand atk=turret hasEnemy=0 foeEnt=- foeCls=- foeTm=- org=-2167,-3437,31 dist=515 see=0 tdis=salute tidl=anim alrm=0 supp=0
[2026-08-22 20:49:43 UTC-6.000] ^~^~^ PRB actor.snap t=160 n=404 ent=193 tn=- tm=american hp=100  aiDis=1 noIdle=1 tbias=0 scene=1 surr=0 conv=0 role=- persSet=0 hpReal=-1 stopPain=1 noLongPain=1 hpMax=100 wp=colt 45 wg=pistol pos=stand atk=turret hasEnemy=0 foeEnt=- foeCls=- foeTm=- org=-2167,-3397,31 dist=504 see=1 tdis=salute tidl=anim alrm=0 supp=0
[2026-08-22 20:49:43 UTC-6.000] ^~^~^ PRB actor.snap t=160 n=405 ent=224 tn=- tm=german hp=1200  aiDis=0 noIdle=0 tbias=0 scene=0 surr=0 conv=0 role=aggr persSet=1 hpReal=-1 stopPain=1 noLongPain=1 hpMax=1200 wp=stg 44 wg=mp44 pos=stand atk=turret hasEnemy=1 foeEnt=0 foeCls=Player foeTm=american org=-4433,677,426 dist=4296 see=0 tdis=salute tidl=idle alrm=0 supp=0
[2026-08-22 20:49:43 UTC-6.000] ^~^~^ PRB actor.snap t=160 n=406 ent=231 tn=- tm=german hp=1000  aiDis=0 noIdle=0 tbias=0 scene=0 surr=0 conv=0 role=cover persSet=1 hpReal=20 stopPain=0 noLongPain=0 hpMax=1000 wp=- wg=unarmed pos=stand atk=turret hasEnemy=1 foeEnt=193 foeCls=Actor foeTm=american org=-1722,-3309,28 dist=929 see=1 tdis=salute tidl=idle alrm=0 supp=0
[2026-08-22 20:49:43 UTC-6.000] ^~^~^ PRB actor.snap t=160 n=407 ent=232 tn=- tm=german hp=1000  aiDis=0 noIdle=0 tbias=0 scene=0 surr=0 conv=0 role=cover persSet=1 hpReal=80 stopPain=0 noLongPain=0 hpMax=1000 wp=- wg=unarmed pos=stand atk=turret hasEnemy=1 foeEnt=192 foeCls=Actor foeTm=american org=-1755,-3404,28 dist=906 see=1 tdis=salute tidl=anim alrm=0 supp=0
[2026-08-22 20:49:43 UTC-6.000] ^~^~^ PRB actor.snap t=160 n=408 ent=233 tn=- tm=german hp=640  aiDis=0 noIdle=0 tbias=0 scene=0 surr=0 conv=0 role=cover persSet=1 hpReal=-1 stopPain=1 noLongPain=0 hpMax=640 wp=stg 44 wg=mp44 pos=stand atk=turret hasEnemy=1 foeEnt=0 foeCls=Player foeTm=american org=-4577,717,427 dist=4393 see=0 tdis=salute tidl=idle alrm=0 supp=0
[2026-08-22 20:49:43 UTC-6.000] ^~^~^ PRB actor.snap t=160 n=409 ent=234 tn=m1l1_baddie tm=german hp=1000  aiDis=0 noIdle=0 tbias=0 scene=0 surr=0 conv=0 role=aggr persSet=1 hpReal=100 stopPain=0 noLongPain=0 hpMax=1000 wp=mauser kar 98k wg=rifle pos=crouch atk=turret hasEnemy=1 foeEnt=0 foeCls=Player foeTm=american org=-4091,-74,370 dist=3469 see=0 tdis=salute tidl=runner alrm=0 supp=0
[2026-08-22 20:49:43 UTC-6.000] ^~^~^ PRB actor.snap t=160 n=410 ent=239 tn=- tm=german hp=640  aiDis=0 noIdle=0 tbias=0 scene=0 surr=0 conv=0 role=aggr persSet=1 hpReal=-1 stopPain=1 noLongPain=0 hpMax=640 wp=stg 44 wg=mp44 pos=crouch atk=turret hasEnemy=1 foeEnt=0 foeCls=Player foeTm=american org=-4620,614,403 dist=4318 see=0 tdis=salute tidl=anim alrm=0 supp=0
[2026-08-22 20:49:43 UTC-6.000] ^~^~^ PRB actor.snap t=160 n=411 ent=263 tn=- tm=german hp=1000  aiDis=0 noIdle=0 tbias=0 scene=0 surr=0 conv=0 role=aggr persSet=1 hpReal=100 stopPain=0 noLongPain=0 hpMax=1000 wp=walther p38 wg=pistol pos=crouch atk=turret hasEnemy=1 foeEnt=0 foeCls=Player foeTm=american org=-3967,461,431 dist=3925 see=0 tdis=salute tidl=anim alrm=0 supp=0
[2026-08-22 20:49:43 UTC-6.000] ^~^~^ PRB player.snap t=160 n=412 ent=0 tn=player tm=american hp=750  hp=750 dbno=0 active=1 wp=- tbias=-100 lvlTbias=-100 org=-2682,-3235,122 yaw=0 disg=0 busted=0 lvlAlarm=0 lvlDisg=0 glued=0 notgt=0
[2026-08-22 20:49:43 UTC-6.000] ^~^~^ PRB player.snap t=160 n=413 ent=1 tn=player tm=american hp=750  hp=750 dbno=0 active=1 wp=- tbias=-100 lvlTbias=-100 org=-2647,-3269,122 yaw=14 disg=0 busted=0 lvlAlarm=0 lvlDisg=0 glued=0 notgt=0
[2026-08-22 20:49:43 UTC-6.000] ^~^~^ PRB census.total t=160 actors=20 surrendered=0 aiDisabled=3 engaging=13 canSeePlayer=3
[2026-08-22 20:49:43 UTC-6.000] ^~^~^ BPMGR psize=2 count=1 map=m1l1 [e0 act=1 found1=0 slot1=1] [e1 act=1 found1=0 slot1=1]
[2026-08-22 20:49:44 UTC-6.000] No active weapon in slot #: "0"
[2026-08-22 20:49:44 UTC-6.000] No active weapon in slot #: "0"
[2026-08-22 20:49:44 UTC-6.000] ^~^~^ SQUAD clusters=5 engaged=4 alerts=0 search=0 bound=0
[2026-08-22 20:49:44 UTC-6.000] ^~^~^ Reload default case for weapon panzerschreck - weapon type not supported
[2026-08-22 20:49:44 UTC-6.000] ^~^~^ Reload default case for weapon panzerschreck - weapon type not supported
[2026-08-22 20:49:44 UTC-6.000] No active weapon in slot #: "0"
[2026-08-22 20:49:44 UTC-6.000] No active weapon in slot #: "0"
[2026-08-22 20:49:45 UTC-6.000] ^~^~^ MANEUVER attackState=13 candidates=3 runtoIssued=0 coverThink=0
[2026-08-22 20:49:46 UTC-6.000] No active weapon in slot #: "0"
[2026-08-22 20:49:46 UTC-6.000] No active weapon in slot #: "0"
[2026-08-22 20:49:46 UTC-6.000] ^~^~^ SQUAD clusters=5 engaged=4 alerts=0 search=0 bound=0
[2026-08-22 20:49:46 UTC-6.000] ^~^~^ Reload default case for weapon panzerschreck - weapon type not supported
[2026-08-22 20:49:46 UTC-6.000] ^~^~^ Reload default case for weapon panzerschreck - weapon type not supported
[2026-08-22 20:49:46 UTC-6.000] No active weapon in slot #: "0"
[2026-08-22 20:49:46 UTC-6.000] No active weapon in slot #: "0"
[2026-08-22 20:49:47 UTC-6.000] ^~^~^ AIBEHAV alive=15 engaging=13 moving=4 staticCombat=9 flanked=3 | aggr=6 cover=3 flank=0 prone=0 none=6
[2026-08-22 20:49:47 UTC-6.000] ^~^~^ MANEUVER attackState=13 candidates=3 runtoIssued=0 coverThink=0
[2026-08-22 20:49:47 UTC-6.000] ^~^~^ BPMGR psize=2 count=1 map=m1l1 [e0 act=1 found1=0 slot1=1] [e1 act=1 found1=0 slot1=1]
[2026-08-22 20:49:47 UTC-6.000] ^~^~^ SVFRAME worst=26ms mean=25ms over=7/40 budget=25ms
[2026-08-22 20:49:47 UTC-6.000] No active weapon in slot #: "0"
[2026-08-22 20:49:47 UTC-6.000] No active weapon in slot #: "0"
[2026-08-22 20:49:48 UTC-6.000] No active weapon in slot #: "0"
[2026-08-22 20:49:48 UTC-6.000] No active weapon in slot #: "0"
[2026-08-22 20:49:48 UTC-6.000] ^~^~^ SQUAD clusters=5 engaged=4 alerts=0 search=0 bound=0
[2026-08-22 20:49:48 UTC-6.000] ^~^~^ Reload default case for weapon panzerschreck - weapon type not supported
[2026-08-22 20:49:48 UTC-6.000] ^~^~^ Reload default case for weapon panzerschreck - weapon type not supported
[2026-08-22 20:49:49 UTC-6.000] ^~^~^ MANEUVER attackState=13 candidates=3 runtoIssued=0 coverThink=0
[2026-08-22 20:49:49 UTC-6.000] No active weapon in slot #: "0"
[2026-08-22 20:49:49 UTC-6.000] No active weapon in slot #: "0"
[2026-08-22 20:49:49 UTC-6.000] ^~^~^ SQUAD clusters=5 engaged=4 alerts=0 search=0 bound=0
[2026-08-22 20:49:49 UTC-6.000] No active weapon in slot #: "0"
[2026-08-22 20:49:49 UTC-6.000] No active weapon in slot #: "0"
[2026-08-22 20:49:49 UTC-6.000] ^~^~^ DECAPTRY fired ent=113 mod=9 headsurfs=2 gibsurfs=6 headofs=(-1.7 -31.0 0.0) model=models/human/german_afrika_private.tik
[2026-08-22 20:49:49 UTC-6.000] ^~^~^ Reload default case for weapon panzerschreck - weapon type not supported
[2026-08-22 20:49:49 UTC-6.000] ^~^~^ Reload default case for weapon panzerschreck - weapon type not supported
[2026-08-22 20:49:50 UTC-6.000] ^~^~^ Reload clip default case for weapon walther p38 - weapon type not supported
[2026-08-22 20:49:50 UTC-6.000] ^~^~^ (entnum 39, radnum 40, targetname 'friendly') cannot reach his leash home
[2026-08-22 20:49:51 UTC-6.000] ^~^~^ AIBEHAV alive=15 engaging=12 moving=4 staticCombat=9 flanked=3 | aggr=6 cover=3 flank=0 prone=0 none=6
[2026-08-22 20:49:51 UTC-6.000] ^~^~^ AIBEHAV2 window=8s engagedMoved=7 repositioned=6 totalDist=4033 avgDist=576
[2026-08-22 20:49:51 UTC-6.000] ^~^~^ MANEUVER attackState=12 candidates=3 runtoIssued=0 coverThink=0
[2026-08-22 20:49:51 UTC-6.000] No active weapon in slot #: "0"
[2026-08-22 20:49:51 UTC-6.000] No active weapon in slot #: "0"
[2026-08-22 20:49:51 UTC-6.000] ^~^~^ BPMGR psize=2 count=1 map=m1l1 [e0 act=1 found1=0 slot1=1] [e1 act=1 found1=0 slot1=1]
[2026-08-22 20:49:51 UTC-6.000] ^~^~^ SQUAD clusters=5 engaged=4 alerts=0 search=0 bound=0
[2026-08-22 20:49:51 UTC-6.000] No active weapon in slot #: "0"
[2026-08-22 20:49:51 UTC-6.000] No active weapon in slot #: "0"
[2026-08-22 20:49:51 UTC-6.000] ^~^~^ Reload default case for weapon panzerschreck - weapon type not supported
[2026-08-22 20:49:51 UTC-6.000] ^~^~^ Reload default case for weapon panzerschreck - weapon type not supported
[2026-08-22 20:49:52 UTC-6.000] No active weapon in slot #: "0"
[2026-08-22 20:49:52 UTC-6.000] No active weapon in slot #: "0"
[2026-08-22 20:49:52 UTC-6.000] No active weapon in slot #: "0"
[2026-08-22 20:49:52 UTC-6.000] No active weapon in slot #: "0"
[2026-08-22 20:49:53 UTC-6.000] ^~^~^ SQUAD clusters=5 engaged=4 alerts=0 search=0 bound=0
[2026-08-22 20:49:53 UTC-6.000] ^~^~^ MANEUVER attackState=12 candidates=3 runtoIssued=0 coverThink=0
[2026-08-22 20:49:53 UTC-6.000] ^~^~^ PRB actor.snap t=170 n=414 ent=9 tn=barrel_guy tm=german hp=1000  aiDis=0 noIdle=0 tbias=-6969 scene=0 surr=0 conv=0 role=- persSet=0 hpReal=80 stopPain=0 noLongPain=0 hpMax=1000 wp=mauser kar 98k wg=rifle pos=crouch atk=turret hasEnemy=1 foeEnt=39 foeCls=Actor foeTm=american org=-3788,-454,371 dist=3003 see=0 tdis=salute tidl=anim alrm=0 supp=0
[2026-08-22 20:49:53 UTC-6.000] ^~^~^ PRB actor.snap t=170 n=415 ent=36 tn=mg42guy tm=german hp=1000  aiDis=1 noIdle=0 tbias=-6969 scene=0 surr=0 conv=0 role=- persSet=0 hpReal=40 stopPain=0 noLongPain=0 hpMax=1000 wp=- wg=unarmed pos=stand atk=machinegunner hasEnemy=0 foeEnt=- foeCls=- foeTm=- org=-6272,2177,640 dist=6515 see=0 tdis=machinegunner tidl=machinegunner alrm=0 supp=0
[2026-08-22 20:49:53 UTC-6.000] ^~^~^ PRB actor.snap t=170 n=416 ent=39 tn=friendly tm=american hp=16470  aiDis=0 noIdle=0 tbias=0 scene=0 surr=0 conv=0 role=- persSet=0 hpReal=-1 stopPain=1 noLongPain=1 hpMax=20000 wp=thompson wg=thompson pos=stand atk=turret hasEnemy=0 foeEnt=- foeCls=- foeTm=- org=-3727,-1452,327 dist=2076 see=0 tdis=salute tidl=idle alrm=0 supp=0
[2026-08-22 20:49:53 UTC-6.000] ^~^~^ PRB actor.snap t=170 n=417 ent=40 tn=friendly tm=american hp=17921  aiDis=0 noIdle=0 tbias=0 scene=0 surr=0 conv=0 role=- persSet=0 hpReal=-1 stopPain=1 noLongPain=1 hpMax=20000 wp=m1 garand wg=rifle pos=stand atk=turret hasEnemy=0 foeEnt=- foeCls=- foeTm=- org=-4006,-1587,281 dist=2119 see=0 tdis=salute tidl=idle alrm=0 supp=0
[2026-08-22 20:49:53 UTC-6.000] ^~^~^ PRB actor.snap t=170 n=418 ent=64 tn=- tm=german hp=1000  aiDis=0 noIdle=0 tbias=0 scene=0 surr=0 conv=0 role=aggr persSet=1 hpReal=100 stopPain=0 noLongPain=0 hpMax=1000 wp=mauser kar 98k wg=rifle pos=crouch atk=cover hasEnemy=0 foeEnt=- foeCls=- foeTm=- org=-6333,1496,432 dist=5984 see=0 tdis=salute tidl=idle alrm=0 supp=0
[2026-08-22 20:49:53 UTC-6.000] ^~^~^ PRB actor.snap t=170 n=419 ent=104 tn=friendly tm=american hp=19315  aiDis=0 noIdle=0 tbias=0 scene=0 surr=0 conv=0 role=- persSet=0 hpReal=-1 stopPain=1 noLongPain=1 hpMax=20000 wp=m1 garand wg=rifle pos=stand atk=turret hasEnemy=0 foeEnt=- foeCls=- foeTm=- org=-4591,-1943,242 dist=2308 see=0 tdis=salute tidl=idle alrm=0 supp=0
[2026-08-22 20:49:53 UTC-6.000] ^~^~^ PRB actor.snap t=170 n=420 ent=106 tn=m1l1_baddie tm=german hp=1000  aiDis=0 noIdle=0 tbias=0 scene=0 surr=0 conv=0 role=aggr persSet=1 hpReal=100 stopPain=0 noLongPain=0 hpMax=1000 wp=walther p38 wg=pistol pos=stand atk=turret hasEnemy=1 foeEnt=39 foeCls=Actor foeTm=american org=-4043,-562,370 dist=3009 see=0 tdis=salute tidl=runner alrm=0 supp=0
[2026-08-22 20:49:53 UTC-6.000] ^~^~^ PRB actor.snap t=170 n=421 ent=110 tn=barrel_guy tm=german hp=1000  aiDis=0 noIdle=0 tbias=-6969 scene=0 surr=0 conv=0 role=- persSet=0 hpReal=80 stopPain=0 noLongPain=0 hpMax=1000 wp=mauser kar 98k wg=rifle pos=crouch atk=turret hasEnemy=1 foeEnt=39 foeCls=Actor foeTm=american org=-3860,-532,369 dist=2958 see=0 tdis=salute tidl=anim alrm=0 supp=0
[2026-08-22 20:49:53 UTC-6.000] ^~^~^ PRB actor.snap t=170 n=422 ent=114 tn=bazooka_wall tm=german hp=1000  aiDis=0 noIdle=0 tbias=-6969 scene=0 surr=0 conv=0 role=- persSet=0 hpReal=160 stopPain=0 noLongPain=0 hpMax=1000 wp=panzerschreck wg=bazooka pos=stand atk=balcony_attack hasEnemy=1 foeEnt=39 foeCls=Actor foeTm=american org=-3407,-280,608 dist=3081 see=0 tdis=salute tidl=idle alrm=0 supp=0
[2026-08-22 20:49:53 UTC-6.000] ^~^~^ PRB actor.snap t=170 n=423 ent=116 tn=coop_mgnest1_gunner tm=german hp=1000  aiDis=0 noIdle=0 tbias=0 scene=0 surr=0 conv=0 role=- persSet=0 hpReal=5 stopPain=0 noLongPain=0 hpMax=1000 wp=- wg=unarmed pos=crouch atk=machinegunner hasEnemy=1 foeEnt=0 foeCls=Player foeTm=american org=-4201,583,435 dist=4121 see=0 tdis=machinegunner tidl=machinegunner alrm=0 supp=0
[2026-08-22 20:49:53 UTC-6.000] ^~^~^ PRB actor.snap t=170 n=424 ent=170 tn=bazooka_wall tm=german hp=1000  aiDis=0 noIdle=0 tbias=-6969 scene=0 surr=0 conv=0 role=- persSet=0 hpReal=160 stopPain=0 noLongPain=0 hpMax=1000 wp=panzerschreck wg=bazooka pos=stand atk=balcony_attack hasEnemy=1 foeEnt=40 foeCls=Actor foeTm=american org=-4656,-328,616 dist=3548 see=0 tdis=salute tidl=idle alrm=0 supp=0
[2026-08-22 20:49:53 UTC-6.000] ^~^~^ PRB actor.snap t=170 n=425 ent=192 tn=- tm=american hp=100  aiDis=1 noIdle=1 tbias=0 scene=1 surr=0 conv=0 role=- persSet=0 hpReal=-1 stopPain=1 noLongPain=1 hpMax=100 wp=mauser kar 98k wg=rifle pos=stand atk=turret hasEnemy=0 foeEnt=- foeCls=- foeTm=- org=-2167,-3437,31 dist=515 see=0 tdis=salute tidl=anim alrm=0 supp=0
[2026-08-22 20:49:53 UTC-6.000] ^~^~^ PRB actor.snap t=170 n=426 ent=193 tn=- tm=american hp=100  aiDis=1 noIdle=1 tbias=0 scene=1 surr=0 conv=0 role=- persSet=0 hpReal=-1 stopPain=1 noLongPain=1 hpMax=100 wp=colt 45 wg=pistol pos=stand atk=turret hasEnemy=0 foeEnt=- foeCls=- foeTm=- org=-2167,-3397,31 dist=504 see=1 tdis=salute tidl=anim alrm=0 supp=0
[2026-08-22 20:49:53 UTC-6.000] ^~^~^ PRB actor.snap t=170 n=427 ent=224 tn=- tm=german hp=1200  aiDis=0 noIdle=0 tbias=0 scene=0 surr=0 conv=0 role=aggr persSet=1 hpReal=-1 stopPain=1 noLongPain=1 hpMax=1200 wp=stg 44 wg=mp44 pos=run atk=turret hasEnemy=0 foeEnt=- foeCls=- foeTm=- org=-4335,371,406 dist=3977 see=0 tdis=salute tidl=runner alrm=0 supp=0
[2026-08-22 20:49:53 UTC-6.000] ^~^~^ PRB actor.snap t=170 n=428 ent=231 tn=- tm=german hp=1000  aiDis=0 noIdle=0 tbias=0 scene=0 surr=0 conv=0 role=cover persSet=1 hpReal=20 stopPain=0 noLongPain=0 hpMax=1000 wp=- wg=unarmed pos=stand atk=turret hasEnemy=1 foeEnt=193 foeCls=Actor foeTm=american org=-1659,-3257,32 dist=991 see=1 tdis=salute tidl=idle alrm=0 supp=0
[2026-08-22 20:49:53 UTC-6.000] ^~^~^ PRB actor.snap t=170 n=429 ent=232 tn=- tm=german hp=1000  aiDis=0 noIdle=0 tbias=0 scene=0 surr=0 conv=0 role=cover persSet=1 hpReal=80 stopPain=0 noLongPain=0 hpMax=1000 wp=- wg=unarmed pos=stand atk=turret hasEnemy=1 foeEnt=192 foeCls=Actor foeTm=american org=-1751,-3435,28 dist=916 see=1 tdis=salute tidl=anim alrm=0 supp=0
[2026-08-22 20:49:53 UTC-6.000] ^~^~^ PRB actor.snap t=170 n=430 ent=233 tn=- tm=german hp=640  aiDis=0 noIdle=0 tbias=0 scene=0 surr=0 conv=0 role=cover persSet=1 hpReal=-1 stopPain=1 noLongPain=0 hpMax=640 wp=stg 44 wg=mp44 pos=stand atk=turret hasEnemy=1 foeEnt=0 foeCls=Player foeTm=american org=-4577,717,427 dist=4393 see=0 tdis=salute tidl=idle alrm=0 supp=0
[2026-08-22 20:49:53 UTC-6.000] ^~^~^ PRB actor.snap t=170 n=431 ent=234 tn=m1l1_baddie tm=german hp=1000  aiDis=0 noIdle=0 tbias=0 scene=0 surr=0 conv=0 role=aggr persSet=1 hpReal=100 stopPain=0 noLongPain=0 hpMax=1000 wp=mauser kar 98k wg=rifle pos=run atk=turret hasEnemy=1 foeEnt=39 foeCls=Actor foeTm=american org=-4130,-489,373 dist=3114 see=0 tdis=salute tidl=runner alrm=0 supp=0
[2026-08-22 20:49:53 UTC-6.000] ^~^~^ PRB actor.snap t=170 n=432 ent=239 tn=- tm=german hp=640  aiDis=0 noIdle=0 tbias=0 scene=0 surr=0 conv=0 role=aggr persSet=1 hpReal=-1 stopPain=1 noLongPain=0 hpMax=640 wp=stg 44 wg=mp44 pos=run atk=turret hasEnemy=1 foeEnt=39 foeCls=Actor foeTm=american org=-4002,-557,366 dist=2995 see=0 tdis=salute tidl=anim alrm=0 supp=0
[2026-08-22 20:49:53 UTC-6.000] ^~^~^ PRB actor.snap t=170 n=433 ent=263 tn=- tm=german hp=1000  aiDis=0 noIdle=0 tbias=0 scene=0 surr=0 conv=0 role=aggr persSet=1 hpReal=100 stopPain=0 noLongPain=0 hpMax=1000 wp=walther p38 wg=pistol pos=stand atk=turret hasEnemy=1 foeEnt=0 foeCls=Player foeTm=american org=-4059,269,380 dist=3774 see=0 tdis=salute tidl=anim alrm=0 supp=0
[2026-08-22 20:49:53 UTC-6.000] ^~^~^ PRB player.snap t=170 n=434 ent=0 tn=player tm=american hp=750  hp=750 dbno=0 active=1 wp=- tbias=-100 lvlTbias=-100 org=-2682,-3235,122 yaw=0 disg=0 busted=0 lvlAlarm=0 lvlDisg=0 glued=0 notgt=0
[2026-08-22 20:49:53 UTC-6.000] ^~^~^ PRB player.snap t=170 n=435 ent=1 tn=player tm=american hp=750  hp=750 dbno=0 active=1 wp=- tbias=-100 lvlTbias=-100 org=-2647,-3269,122 yaw=14 disg=0 busted=0 lvlAlarm=0 lvlDisg=0 glued=0 notgt=0
[2026-08-22 20:49:53 UTC-6.000] ^~^~^ PRB census.total t=170 actors=20 surrendered=0 aiDisabled=3 engaging=12 canSeePlayer=3
[2026-08-22 20:49:53 UTC-6.000] No active weapon in slot #: "0"
[2026-08-22 20:49:53 UTC-6.000] No active weapon in slot #: "0"
[2026-08-22 20:49:53 UTC-6.000] ^~^~^ Reload default case for weapon panzerschreck - weapon type not supported
[2026-08-22 20:49:53 UTC-6.000] ^~^~^ Reload default case for weapon panzerschreck - weapon type not supported
[2026-08-22 20:49:54 UTC-6.000] No active weapon in slot #: "0"
[2026-08-22 20:49:54 UTC-6.000] No active weapon in slot #: "0"
