file	alias	pool	lang	whisper_prob	transcript	translation	retail_text	verdict	reason	frontline_source
sound/dialogue/generic/g/sighted/alt_g_001b.wav	coop_av_de_contact1	coop_av_de_contact	de	0.68	Der ist meiner!			KEEP		
sound/dialogue/generic/g/sighted/alt_g_001e.wav	coop_av_de_contact2	coop_av_de_contact	de	0.88	Hey, das ist meiner!			KEEP		
sound/dialogue/generic/g/sighted/alt_g_002b.wav	coop_av_de_contact3	coop_av_de_contact	de	0.92	Jetzt geht's los!			KEEP		
sound/dialogue/generic/g/sighted/alt_g_004a.wav	coop_av_de_contact4	coop_av_de_contact	de	0.90	Das macht Laune!			KEEP		
sound/dialogue/generic/g/sighted/alt_g_005a.wav	coop_av_de_contact5	coop_av_de_contact	de	0.98	Er ist fast in Reichweite.			KEEP		
sound/dialogue/generic/g/sighted/alt_o_003a.wav	coop_av_de_contact6	coop_av_de_contact	de	0.95	Mein Kommando abwarten!			KEEP		
sound/dialogue/generic/g/sighted/alt_o_004a.wav	coop_av_de_contact7	coop_av_de_contact	de	0.80	Nehmt ihn ins Visier, Männer!			KEEP		
sound/dialogue/generic/g/sighted/alt_o_005a.wav	coop_av_de_contact8	coop_av_de_contact	de	0.88	Keiner schießt aus der Reihe!			KEEP		
sound/dialogue/generic/g/sighted/sig_009a.wav	coop_av_de_spot1	coop_av_de_spot	de	0.80	Geradeaus!			KEEP		
sound/dialogue/generic/g/sighted/sig_009b.wav	coop_av_de_spot2	coop_av_de_spot	en	0.61	C'mon out!			KEEP		
sound/dialogue/generic/g/sighted/sig_014a.wav	coop_av_de_spot3	coop_av_de_spot	de	0.91	Da unten!			KEEP		
sound/dialogue/generic/g/sighted/sig_014b.wav	coop_av_de_spot4	coop_av_de_spot	de	0.18	Da unten!			KEEP		
sound/dialogue/generic/g/sighted/sig_015a.wav	coop_av_de_spot5	coop_av_de_spot	de	0.84	Feindbewegung!			KEEP		
sound/dialogue/generic/g/sighted/sig_015b.wav	coop_av_de_spot6	coop_av_de_spot	en	0.20	FIGHT BEVIGON!			KEEP		
sound/dialogue/generic/g/sighted/den_alarm_09d.wav	coop_av_de_backup1	coop_av_de_backup	de	0.92	Verstärkung anfordern!			KEEP		
sound/dialogue/generic/g/sighted/den_alarm_10a.wav	coop_av_de_backup2	coop_av_de_backup	de	0.31	Hilfe anfordern!			KEEP		
sound/dialogue/generic/g/sighted/den_alarm_10d.wav	coop_av_de_backup3	coop_av_de_backup	sv	0.39	Hjälp för faran!			KEEP	low-confidence transcript of a de-pool take; retail nation-specific bark, kept	
sound/dialogue/generic/g/sighted/den_alarm_11a.wav	coop_av_de_backup4	coop_av_de_backup	de	0.98	Verständigt die anderen!			KEEP		
sound/dialogue/generic/g/sighted/den_alarm_11d.wav	coop_av_de_backup5	coop_av_de_backup	de	0.95	Ja, dann verständigen!			KEEP		
sound/dialogue/generic/g/sighted/den_alarm_12a.wav	coop_av_de_backup6	coop_av_de_backup	de	0.97	Während die anderen!			KEEP		
sound/dialogue/generic/g/fear/cov_g_002b.wav	coop_av_de_cover1	coop_av_de_cover	hu	0.32	SZEVEK!			KEEP	low-confidence transcript of a de-pool take; retail nation-specific bark, kept	
sound/dialogue/generic/g/fear/cov_g_003b.wav	coop_av_de_cover2	coop_av_de_cover	fr	0.23	S'il te plait ! S'il te plait !			KEEP	low-confidence transcript of a de-pool take; retail nation-specific bark, kept	
sound/dialogue/generic/g/fear/cov_g_006a.wav	coop_av_de_cover3	coop_av_de_cover	de	0.86	Aufpassen!			KEEP		
sound/dialogue/generic/g/fear/cov_g_006b.wav	coop_av_de_cover4	coop_av_de_cover	en	0.85	I'LL FUSON!			KEEP		
sound/dialogue/generic/g/fear/cov_g_006e.wav	coop_av_de_cover5	coop_av_de_cover	de	0.90	Aufpassen!			KEEP		
sound/dialogue/generic/g/fear/cov_g_009b.wav	coop_av_de_cover6	coop_av_de_cover	de	0.87	Er ist am Rohr!			KEEP		
sound/dialogue/generic/g/fear/cov_g_011b.wav	coop_av_de_cover7	coop_av_de_cover	de	0.80	Ich seh nicht mehr!			KEEP		
sound/dialogue/generic/g/fear/cov_g_014a.wav	coop_av_de_cover8	coop_av_de_cover	de	0.73	Vorsicht!			KEEP		
sound/dialogue/generic/g/fear/cov_o_004a.wav	coop_av_de_cover9	coop_av_de_cover	nl	0.56	TECK ONZOEGEN!			KEEP		
sound/dialogue/generic/g/fear/cov_o_004e.wav	coop_av_de_cover10	coop_av_de_cover	nl	0.78	Daar kan ik zochen!			KEEP		
sound/dialogue/generic/g/fear/grn_001a.wav	coop_av_de_grenade1	coop_av_de_grenade	de	0.88	Granaten!		"~- ""incoming grenade!"""	KEEP		
sound/dialogue/generic/g/fear/grn_001b.wav	coop_av_de_grenade2	coop_av_de_grenade	de	0.39	Granaten!		"~- ""incoming grenade!"""	KEEP		
sound/dialogue/generic/g/fear/grn_001g.wav	coop_av_de_grenade3	coop_av_de_grenade	ar	0.39	كنابااااااااااااااااااااااا...		"~- ""incoming grenade!"""	KEEP	low-confidence transcript of a de-pool take; retail nation-specific bark, kept	
sound/dialogue/generic/g/fear/grn_007a.wav	coop_av_de_grenade4	coop_av_de_grenade	de	0.33	Schnell weg!		"~- ""incoming grenade!"""	KEEP		
sound/dialogue/generic/g/fear/grn_007b.wav	coop_av_de_grenade5	coop_av_de_grenade	ar	0.36	شنالبك		"~- ""incoming grenade!"""	KEEP	low-confidence transcript of a de-pool take; retail nation-specific bark, kept	
sound/dialogue/generic/g/fear/grn_007e.wav	coop_av_de_grenade6	coop_av_de_grenade	de	0.28	Schnell weg!		"~- ""incoming grenade!"""	KEEP		
sound/dialogue/generic/g/fear/grn_007g.wav	coop_av_de_grenade7	coop_av_de_grenade	en	0.36	SHNAME!		"~- ""incoming grenade!"""	KEEP		
sound/dialogue/generic/g/fear/ret_o_001a.wav	coop_av_de_fallback1	coop_av_de_fallback	de	0.28	Rückzug!			KEEP		
sound/dialogue/generic/g/fear/ret_o_002a.wav	coop_av_de_fallback2	coop_av_de_fallback	de	0.54	Weiter zurück, Männer!			KEEP		
sound/dialogue/generic/g/fear/ret_o_003a.wav	coop_av_de_fallback3	coop_av_de_fallback	de	0.99	Da werden Köpfe rollen!			KEEP		
sound/dialogue/generic/g/fear/ret_o_004a.wav	coop_av_de_fallback4	coop_av_de_fallback	de	0.96	Rette sich wer kann!			KEEP		
sound/dialogue/generic/g/fear/ret_o_005a.wav	coop_av_de_fallback5	coop_av_de_fallback	de	0.98	Hiergeblieben! Weiterkämpfen!			KEEP		
sound/dialogue/generic/g/fear/ret_o_006a.wav	coop_av_de_fallback6	coop_av_de_fallback	nl	0.33	Freiklinge!			KEEP	low-confidence transcript of a de-pool take; retail nation-specific bark, kept	
sound/dialogue/generic/g/attack/den_attack_075a.wav	coop_av_de_mandown1	coop_av_de_mandown	de	0.96	Du hast meinen Freund erschossen! Ah!			KEEP		
sound/dialogue/generic/g/attack/den_attack_075b.wav	coop_av_de_mandown2	coop_av_de_mandown	de	0.87	Das ist mein Freunderschuss!			KEEP		
sound/dialogue/generic/g/attack/den_attack_075d.wav	coop_av_de_mandown3	coop_av_de_mandown	en	0.26	HUSBAND CAMERAS DE CHOSEN!			KEEP		
sound/dialogue/generic/g/attack/ang_001a.wav	coop_av_de_taunt1	coop_av_de_taunt	en	0.83	Dwarf!			KEEP		
sound/dialogue/generic/g/attack/ang_001b.wav	coop_av_de_taunt2	coop_av_de_taunt	en	0.56	DOO!			KEEP		
sound/dialogue/generic/g/attack/ang_001e.wav	coop_av_de_taunt3	coop_av_de_taunt	en	0.41	D'oh!			KEEP		
sound/dialogue/generic/g/attack/ang_004a.wav	coop_av_de_taunt4	coop_av_de_taunt	en	0.75	Rrghh!			KEEP		
sound/dialogue/generic/g/attack/ang_004g.wav	coop_av_de_taunt5	coop_av_de_taunt	en	0.69	Rrrrrr.			KEEP		
sound/dialogue/generic/g/attack/ang_006b.wav	coop_av_de_taunt6	coop_av_de_taunt	en	0.94	NINE!			KEEP		
sound/dialogue/generic/g/attack/ang_007a.wav	coop_av_de_taunt7	coop_av_de_taunt	en	0.86	Bye bye. Senator!			KEEP		
sound/dialogue/generic/g/attack/ang_007g.wav	coop_av_de_taunt8	coop_av_de_taunt	en	0.78	HAAA!			KEEP		
sound/dialogue/generic/g/attack/vic_001a.wav	coop_av_de_kill1	coop_av_de_kill	de	0.90	Frist das du, Mieselspion!			CUT	spy-mission line (disguise maps only)	
sound/dialogue/generic/g/attack/vic_001b.wav	coop_av_de_kill2	coop_av_de_kill	de	0.93	Frist das, du Spion!			CUT	spy-mission line (disguise maps only)	
sound/dialogue/generic/g/attack/vic_002a.wav	coop_av_de_kill3	coop_av_de_kill	de	1.00	Du hättest nicht abhauen sollen!			KEEP		
sound/dialogue/generic/g/attack/vic_002b.wav	coop_av_de_kill4	coop_av_de_kill	de	0.96	Du hättest nicht abhauen sollen!			KEEP		
sound/dialogue/generic/g/attack/vic_003a.wav	coop_av_de_kill5	coop_av_de_kill	de	0.95	Jetzt hab ich dich!			KEEP		
sound/dialogue/generic/g/attack/vic_003b.wav	coop_av_de_kill6	coop_av_de_kill	de	0.97	Jetzt hab ich dich!			KEEP		
sound/dialogue/generic/g/attack/vic_004a.wav	coop_av_de_kill7	coop_av_de_kill	de	0.59	Zu leicht!			KEEP		
sound/dialogue/generic/g/attack/vic_004b.wav	coop_av_de_kill8	coop_av_de_kill	de	0.88	Viel zu leicht!			KEEP		
sound/dialogue/generic/g/attack/atk_g_001b.wav	coop_av_de_attack1	coop_av_de_attack	de	0.99	Macht ihn fertig!			KEEP		
sound/dialogue/generic/g/attack/atk_g_005a.wav	coop_av_de_attack2	coop_av_de_attack	en	0.46	To man-grip!			KEEP		
sound/dialogue/generic/g/attack/atk_g_010a.wav	coop_av_de_attack3	coop_av_de_attack	de	0.31	Eindringling!			CUT	not an attack bark (greeting/thanks/curious/grenade) - misfiled by the meaning-comment classifier	
sound/dialogue/generic/g/attack/atk_o_005g.wav	coop_av_de_attack4	coop_av_de_attack	en	0.57	ALEMAN FIRE!			KEEP		
sound/dialogue/generic/g/attack/atk_o_009e.wav	coop_av_de_attack5	coop_av_de_attack	en	0.62	OUTSHWAMEN!			KEEP		
sound/dialogue/generic/g/attack/atk_o_013a.wav	coop_av_de_attack6	coop_av_de_attack	ar	0.35	ألام جيران			KEEP	low-confidence transcript of a de-pool take; retail nation-specific bark, kept	
sound/dialogue/mission_1/axis/den_reload_gc5610tf2.mp3	coop_av_de_reload1	coop_av_de_reload	ru	0.32	ЭЛЛИЙ НАХ!			KEEP		
sound/dialogue/mission_1/axis/den_reload_gc5611tf1.mp3	coop_av_de_reload2	coop_av_de_reload	en	0.45	TURN THE DIN!			KEEP		
sound/dialogue/mission_1/axis/den_reload_gg5715tu1.mp3	coop_av_de_reload3	coop_av_de_reload	hi	0.25	ऐलेट नाग!			KEEP	low-confidence transcript of a de-pool take; retail nation-specific bark, kept	
sound/dialogue/mission_1/axis/den_reload_gs5815tp1.mp3	coop_av_de_reload4	coop_av_de_reload	fr	0.63	Élite-moi !			KEEP		
sound/dialogue/mission_1/axis/den_reload_gs5915tk1.mp3	coop_av_de_reload5	coop_av_de_reload	de	0.77	Er lehnt nach!			KEEP		
sound/dialogue/mission_1/axis/den_reload_gs5916tk1.mp3	coop_av_de_reload6	coop_av_de_reload	en	0.55	TURTEDEAN!			KEEP		
sound/dialogue/generic/a/sighted/dfr_sighted_01h_1.wav	coop_av_us_contact1	coop_av_us_contact	en	0.93	Germans!			KEEP		
sound/dialogue/generic/a/sighted/dfr_sighted_02e_1.wav	coop_av_us_contact2	coop_av_us_contact	en	0.98	Look out!		~- Enemy Patrol, Jerry, Heads up | ~- Germans, Look Out, It's them | ~- Hostiles | ~- I see someone, I think I see someone | ~- Over there | ~- We've got company	KEEP		
sound/dialogue/generic/a/sighted/dfr_sighted_03h_1.wav	coop_av_us_contact3	coop_av_us_contact	en	0.98	It's them!			KEEP		
sound/dialogue/generic/a/sighted/dfr_sighted_04a_1.wav	coop_av_us_contact4	coop_av_us_contact	en	0.98	Enemy Patrol!			KEEP		
sound/dialogue/generic/a/sighted/dfr_sighted_05a_1.wav	coop_av_us_contact5	coop_av_us_contact	en	0.97	Jerry!			KEEP		
sound/dialogue/generic/a/sighted/dfr_sighted_06a_1.wav	coop_av_us_contact6	coop_av_us_contact	en	0.99	Heads up.			KEEP		
sound/dialogue/generic/a/sighted/dfr_sighted_11h_1.wav	coop_av_us_contact7	coop_av_us_contact	en	0.99	over there!			KEEP		
sound/dialogue/generic/a/sighted/dfr_sighted_12h_1.wav	coop_av_us_contact8	coop_av_us_contact	en	0.99	Over there!			KEEP		
sound/dialogue/generic/a/sighted/dfr_sighted_13h_1.wav	coop_av_us_spot1	coop_av_us_spot	en	0.99	We've got company!			KEEP		
sound/dialogue/generic/a/sighted/dfr_sighted_15i_1.wav	coop_av_us_spot2	coop_av_us_spot	en	0.98	We've got company!			KEEP		
sound/dialogue/generic/a/sighted/dfr_sighted_16h_1.wav	coop_av_us_spot3	coop_av_us_spot	en	0.93	Hostiles!			KEEP		
sound/dialogue/generic/a/sighted/dfr_sighted_11m_1.wav	coop_av_us_spot4	coop_av_us_spot	en	0.99	over there			KEEP		
sound/dialogue/generic/a/cover/dfr_cover_01a_1.wav	coop_av_us_cover1	coop_av_us_cover	en	0.99	Take cover!			KEEP		
sound/dialogue/generic/a/cover/dfr_cover_01h_1.wav	coop_av_us_cover2	coop_av_us_cover	en	0.99	Take cover!			KEEP		
sound/dialogue/generic/a/cover/dfr_cover_02e_1.wav	coop_av_us_cover3	coop_av_us_cover	en	0.99	Move!			KEEP		
sound/dialogue/generic/a/cover/dfr_cover_03a_1.wav	coop_av_us_cover4	coop_av_us_cover	en	1.00	Get your head down!			KEEP		
sound/dialogue/generic/a/cover/dfr_cover_03h_1.wav	coop_av_us_cover5	coop_av_us_cover	en	0.99	Get your head down!			KEEP		
sound/dialogue/generic/a/cover/dfr_cover_04a_1.wav	coop_av_us_cover6	coop_av_us_cover	en	1.00	Hold up here, stay on the cover.			CUT	hold-position order ('staying in position')	
sound/dialogue/generic/a/cover/dfr_cover_05h_1.wav	coop_av_us_cover7	coop_av_us_cover	en	0.96	COVER!		Cover!	KEEP		
sound/dialogue/generic/a/cover/dfr_cover_06a_1.wav	coop_av_us_cover8	coop_av_us_cover	en	0.99	Get down!		Get down!	KEEP		
sound/dialogue/generic/a/attack/dfr_attack_13a_2.wav	coop_av_us_grenade1	coop_av_us_grenade	en	0.94	Grenade!		~- Grenade	KEEP		
sound/dialogue/generic/a/attack/dfr_attack_13c_1.wav	coop_av_us_grenade2	coop_av_us_grenade	en	0.95	Grenade!		~- Grenade	KEEP		
sound/dialogue/generic/a/attack/dfr_attack_13h_2.wav	coop_av_us_grenade3	coop_av_us_grenade	en	0.91	Grenade!		~- Grenade	KEEP		
sound/dialogue/generic/a/attack/dfr_attack_14a_2.wav	coop_av_us_grenade4	coop_av_us_grenade	en	0.98	FIRE IN THE HOLE!		~- Fire in the Hole	KEEP		
sound/dialogue/generic/a/attack/dfr_attack_14c_1.wav	coop_av_us_grenade5	coop_av_us_grenade	en	0.93	FIRE IN THE HOLE!		~- Fire in the Hole	KEEP		
sound/dialogue/generic/a/attack/dfr_attack_14h_1.wav	coop_av_us_grenade6	coop_av_us_grenade	en	0.99	FIRE IN THE HOLE!		~- Fire in the Hole	KEEP		
sound/dialogue/generic/a/panic/dfr_panic_33h_1.wav	coop_av_us_mandown1	coop_av_us_mandown	en	0.99	HE'S HIT!			KEEP		
sound/dialogue/generic/a/panic/dfr_panic_35c_1.wav	coop_av_us_mandown2	coop_av_us_mandown	en	0.96	He's here!			KEEP		
sound/dialogue/generic/a/panic/dfr_panic_35c_2.wav	coop_av_us_mandown3	coop_av_us_mandown	en	0.27	He's here!			KEEP		
sound/dialogue/generic/a/panic/dfr_panic_36c_1.wav	coop_av_us_mandown4	coop_av_us_mandown	en	0.99	Man down!			KEEP		
sound/dialogue/generic/a/panic/dfr_panic_36c_2.wav	coop_av_us_mandown5	coop_av_us_mandown	en	0.98	MAN DOWN!			KEEP		
sound/dialogue/generic/a/panic/dfr_panic_25j_1.wav	coop_av_us_fallback1	coop_av_us_fallback	en	0.98	He's here!			KEEP		
sound/dialogue/generic/a/panic/dfr_panic_26a_1.wav	coop_av_us_fallback2	coop_av_us_fallback	en	0.87	Medic!			KEEP		
sound/dialogue/generic/a/panic/dfr_panic_27j_1.wav	coop_av_us_fallback3	coop_av_us_fallback	en	0.98	He's been hit!			KEEP		
sound/dialogue/generic/a/panic/dfr_panic_28m_1.wav	coop_av_us_fallback4	coop_av_us_fallback	en	0.96	He's hit!			KEEP		
sound/dialogue/generic/a/kill/dfr_kill_002h_1.wav	coop_av_us_kill1	coop_av_us_kill	en	1.00	Got one.			KEEP		
sound/dialogue/generic/a/kill/dfr_kill_003a_1.wav	coop_av_us_kill2	coop_av_us_kill	en	0.99	Got one.			KEEP		
sound/dialogue/generic/a/kill/dfr_kill_004h_1.wav	coop_av_us_kill3	coop_av_us_kill	en	1.00	Got one!			KEEP		
sound/dialogue/generic/a/kill/dfr_kill_005a_1.wav	coop_av_us_kill4	coop_av_us_kill	en	0.99	One down.			KEEP		
sound/dialogue/generic/a/kill/dfr_kill_006h_1.wav	coop_av_us_kill5	coop_av_us_kill	en	0.99	One down.			KEEP		
sound/dialogue/generic/a/kill/dfr_kill_007h_1.wav	coop_av_us_kill6	coop_av_us_kill	en	0.99	Got him.			KEEP		
sound/dialogue/generic/a/attack/dfr_attack_01a_2.wav	coop_av_us_attack1	coop_av_us_attack	en	0.98	Open fire!		~- Attack | ~- Covering Fire | ~- Fire | ~- Get 'em | ~- Move In | ~- Open Fire	KEEP		
sound/dialogue/generic/a/attack/dfr_attack_02a_2.wav	coop_av_us_attack2	coop_av_us_attack	en	0.99	Covering fire!			KEEP		
sound/dialogue/generic/a/attack/dfr_attack_04h_1.wav	coop_av_us_attack3	coop_av_us_attack	en	0.97	Get em!		~- Attack | ~- Covering Fire | ~- Fire | ~- Get 'em | ~- Move In | ~- Open Fire	KEEP		
sound/dialogue/generic/a/attack/dfr_attack_09h_1.wav	coop_av_us_attack4	coop_av_us_attack	en	0.88	FIRE!		~- Attack | ~- Covering Fire | ~- Fire | ~- Get 'em | ~- Move In | ~- Open Fire	KEEP		
sound/dialogue/generic/a/attack/dfr_attack_10a_1.wav	coop_av_us_attack5	coop_av_us_attack	en	0.99	Move in!		~- Move In	KEEP		
sound/dialogue/generic/a/attack/dfr_attack_10h_1.wav	coop_av_us_attack6	coop_av_us_attack	en	0.99	Move in.		~- Move In	KEEP		
sound/dialogue/generic/a/attack/dfr_attack_09k_1.wav	coop_av_us_taunt1	coop_av_us_taunt	en	0.91	FIRE!		~- Attack | ~- Covering Fire | ~- Fire | ~- Get 'em | ~- Move In | ~- Open Fire	KEEP		
sound/dialogue/generic/a/attack/dfr_attack_09o_2.wav	coop_av_us_taunt2	coop_av_us_taunt	en	0.98	FIRE!		~- Attack | ~- Covering Fire | ~- Fire | ~- Get 'em | ~- Move In | ~- Open Fire	KEEP		
sound/dialogue/generic/a/attack/dfr_attack_10a_2.wav	coop_av_us_taunt3	coop_av_us_taunt	en	0.99	MOVE IN!		~- Move In	KEEP		
sound/dialogue/generic/a/attack/dfr_attack_10j_1.wav	coop_av_us_taunt4	coop_av_us_taunt	en	0.99	Move in!		~- Move In	KEEP		
sound/dialogue/generic/a/attack/dfr_attack_10c_2.wav	coop_av_us_taunt5	coop_av_us_taunt	en	0.90	Move in!		~- Move In	KEEP		
sound/dialogue/generic/a/attack/dfr_attack_10f.wav	coop_av_us_taunt6	coop_av_us_taunt	en	0.99	MOVE IN!		~- Move In	KEEP		
sound/dialogue/generic/us/dfrus_suppress_gw2063xa01.mp3	coop_av_us_backup1	coop_av_us_backup	en	0.96	COVERING FIRE!			KEEP		
sound/dialogue/generic/us/dfrus_suppress_gw2064xa01.mp3	coop_av_us_backup2	coop_av_us_backup	en	0.98	MOVE!			KEEP		
sound/dialogue/generic/us/dfrus_suppress_gw2065xa01.mp3	coop_av_us_backup3	coop_av_us_backup	en	0.96	GO! GO!			KEEP		
sound/dialogue/generic/us/dfrus_suppress_gw2066xa01.mp3	coop_av_us_backup4	coop_av_us_backup	en	0.96	I've got you covered!			KEEP		
sound/dialogue/generic/us/dfrus_suppress_lp2363xt01.mp3	coop_av_us_backup5	coop_av_us_backup	en	0.97	COVERING FIRE!			KEEP		
sound/dialogue/generic/us/dfrus_suppress_lp2364xt01.mp3	coop_av_us_backup6	coop_av_us_backup	en	0.92	MOVE!			KEEP		
sound/dialogue/generic/us/dfrus_reload_gw2060xa01.mp3	coop_av_us_reload1	coop_av_us_reload	en	0.97	Reloading!		~reload	KEEP		
sound/dialogue/generic/us/dfrus_reload_gw2061xa01.mp3	coop_av_us_reload2	coop_av_us_reload	en	0.93	Cover me!		~reload	KEEP		
sound/dialogue/generic/us/dfrus_reload_gw2062xa01.mp3	coop_av_us_reload3	coop_av_us_reload	en	0.99	Hold him off, Baker! I'm reloading!		~reload	CUT	named character (Hold them off, Baker/Barnes! I'm reloading!)	
sound/dialogue/generic/us/dfrus_reload_lp2360xt01.mp3	coop_av_us_reload4	coop_av_us_reload	en	0.97	Reloading!		~reload	KEEP		
sound/dialogue/generic/us/dfrus_reload_lp2361xt01.mp3	coop_av_us_reload5	coop_av_us_reload	en	0.99	Cover me!		~reload	KEEP		
sound/dialogue/generic/us/dfrus_reload_lp2362xt01.mp3	coop_av_us_reload6	coop_av_us_reload	en	0.99	Hold them off, Baker! I'm reloading!		~reload	CUT	named character (Hold them off, Baker/Barnes! I'm reloading!)	
sound/dialogue/generic/uk/dfruk_alert_pc3351xg01.mp3	coop_av_uk_contact1	coop_av_uk_contact	en	0.99	Over there!			KEEP		
sound/dialogue/generic/uk/dfruk_alert_pc3353xg01.mp3	coop_av_uk_contact2	coop_av_uk_contact	ja	0.53	ねえだよー!			KEEP		
sound/dialogue/generic/uk/dfruk_alert_pc3355xg01.mp3	coop_av_uk_contact3	coop_av_uk_contact	en	0.91	Look out!			KEEP		
sound/dialogue/generic/uk/dfruk_alert_pc3368xg01.mp3	coop_av_uk_contact4	coop_av_uk_contact	en	0.98	MOVE! MOVE! MOVE!			KEEP		
sound/dialogue/generic/uk/dfruk_alert_ts3662xh01.mp3	coop_av_uk_contact5	coop_av_uk_contact	en	0.99	Over there!			KEEP		
sound/dialogue/generic/uk/dfruk_alert_ts3663xh01.mp3	coop_av_uk_contact6	coop_av_uk_contact	en	0.90	Hades up!			KEEP		
sound/dialogue/generic/uk/dfruk_suppress_pc3377xg02.mp3	coop_av_uk_cover1	coop_av_uk_cover	en	0.99	COVERING FIRE!			KEEP		
sound/dialogue/generic/uk/dfruk_suppress_ts3674xh01.mp3	coop_av_uk_cover2	coop_av_uk_cover	en	0.98	COVERING FIRE!			KEEP		
sound/dialogue/generic/uk/dfruk_suppress_ts3675xh01.mp3	coop_av_uk_cover3	coop_av_uk_cover	en	0.86	NO!			KEEP		
sound/dialogue/generic/uk/dfruk_suppress_ts3676xh01.mp3	coop_av_uk_cover4	coop_av_uk_cover	en	0.95	GO! GO!			KEEP		
sound/dialogue/generic/uk/dfruk_suppress_ts3677xh01.mp3	coop_av_uk_cover5	coop_av_uk_cover	en	0.98	I GOT YOU CAVERED!			KEEP		
sound/dialogue/generic/uk/dfruk_suppress_ts3678xh01.mp3	coop_av_uk_cover6	coop_av_uk_cover	en	0.99	I got him! Move out!			KEEP		
sound/dialogue/generic/uk/dfruk_suppress_pc3377xg03.mp3	coop_av_uk_backup1	coop_av_uk_backup	en	0.98	COVERING FIRE!			KEEP		
sound/dialogue/generic/uk/dfruk_suppress_ts3674xh02.mp3	coop_av_uk_backup2	coop_av_uk_backup	en	0.98	COVERING FIRE!			KEEP		
sound/dialogue/generic/uk/dfruk_suppress_ts3675xh02.mp3	coop_av_uk_backup3	coop_av_uk_backup	en	0.89	NO!			KEEP		
sound/dialogue/generic/uk/dfruk_suppress_ts3676xh02.mp3	coop_av_uk_backup4	coop_av_uk_backup	en	0.96	GO! GO!			KEEP		
sound/dialogue/generic/uk/dfruk_suppress_ts3678xh02.mp3	coop_av_uk_backup5	coop_av_uk_backup	en	0.99	I got him! Move out!			KEEP		
sound/dialogue/generic/uk/dfruk_reload_pc3374xg03.mp3	coop_av_uk_reload1	coop_av_uk_reload	en	0.98	Reloading!			KEEP		
sound/dialogue/generic/uk/dfruk_reload_pc3375xg03.mp3	coop_av_uk_reload2	coop_av_uk_reload	en	0.98	Cover me!			KEEP		
sound/dialogue/generic/uk/dfruk_reload_pc3376xg01.mp3	coop_av_uk_reload3	coop_av_uk_reload	en	0.99	Hold him off, Baker! I'm reloading!			CUT	named character (Hold them off, Baker/Barnes! I'm reloading!)	
sound/dialogue/generic/uk/dfruk_reload_ts3671xh01.mp3	coop_av_uk_reload4	coop_av_uk_reload	en	0.98	Reloading!			KEEP		
sound/dialogue/generic/uk/dfruk_reload_ts3672xh02.mp3	coop_av_uk_reload5	coop_av_uk_reload	en	0.95	Cover me!			KEEP		
sound/dialogue/generic/uk/dfruk_reload_ts3673xh03.mp3	coop_av_uk_reload6	coop_av_uk_reload	en	0.89	Aldermorfbiker, on reloading!			KEEP		
sound/dialogue/generic/it/sighted/denit_alert_is7151xm02.mp3	coop_av_it_contact1	coop_av_it_contact	it	1.00	da quella parte!			KEEP		
sound/dialogue/generic/it/sighted/denit_alert_is7152xm02.mp3	coop_av_it_contact2	coop_av_it_contact	it	0.98	Ho chieberti!			KEEP		
sound/dialogue/generic/it/sighted/denit_alert_is7153xm01.mp3	coop_av_it_contact3	coop_av_it_contact	ar	0.49	اتوليلا			KEEP	low-confidence transcript of a it-pool take; retail nation-specific bark, kept	
sound/dialogue/generic/it/sighted/denit_alert_is7154xm01.mp3	coop_av_it_contact4	coop_av_it_contact	it	0.93	ALLERTA!			KEEP		
sound/dialogue/generic/it/fear/denit_fear_01xm01.mp3	coop_av_it_cover1	coop_av_it_cover	en	0.87	NNNNNNNNNNNNNNNNNNNNNNNNNNNNNNNNNNNNNNNNNNNNNNNNNNNNNNNNNNNNNNNNNNNNNNNNNNNNNNNNNNNNNNNNNNNNNNNNNNNNNNNNNNNNNNNNNNNNNNNNNNNNNNNNNNNNNNNNNNNNNNNNNNNNNNNNNNNNNNNNNNNNNNNNNNNNNNNNNNNNNNNNNNNNNNNNNNNNNNNNNNNNNNNNNNNNNNNNNNNNNNN			KEEP		
sound/dialogue/generic/it/fear/denit_fear_02xm01.mp3	coop_av_it_cover2	coop_av_it_cover	it	0.93	Ah, aspetta!			KEEP		
sound/dialogue/generic/it/fear/denit_fear_02xu01.mp3	coop_av_it_cover3	coop_av_it_cover	it	0.80	Ah, ah, ah, aspetta!			KEEP		
sound/dialogue/generic/it/fear/denit_feargrn_01xm01.mp3	coop_av_it_grenade1	coop_av_it_grenade	it	0.92	Una granata!			KEEP		
sound/dialogue/generic/it/fear/denit_feargrn_01xu04.mp3	coop_av_it_grenade2	coop_av_it_grenade	it	0.43	Una granata!			KEEP		
sound/dialogue/generic/it/fear/denit_feargrn_02xm01.mp3	coop_av_it_grenade3	coop_av_it_grenade	it	0.97	Ancela indietro!			KEEP		
sound/dialogue/generic/it/fear/denit_feargrn_02xu01.mp3	coop_av_it_grenade4	coop_av_it_grenade	it	0.99	lanciamela indietro!			KEEP		
sound/dialogue/generic/it/attack/denit_anger_01xm01.mp3	coop_av_it_taunt1	coop_av_it_taunt	en	0.64	Hey, you!			KEEP		
sound/dialogue/generic/it/attack/denit_anger_01xu01.mp3	coop_av_it_taunt2	coop_av_it_taunt	it	0.36	Ehi tu!			KEEP		
sound/dialogue/generic/it/attack/denit_anger_02xm01.mp3	coop_av_it_taunt3	coop_av_it_taunt	it	0.97	Ti faccio vedere io!			KEEP		
sound/dialogue/generic/it/curious/denit_curious_01xm01.mp3	coop_av_it_curious1	coop_av_it_curious	es	0.51	¡Vete sentito!			KEEP		
sound/dialogue/generic/it/curious/denit_curious_01xu01.mp3	coop_av_it_curious2	coop_av_it_curious	it	0.50	Avete sentito!			KEEP		
sound/dialogue/generic/it/curious/denit_curious_02xm01.mp3	coop_av_it_curious3	coop_av_it_curious	nn	0.34				KEEP	non-verbal effort/scream	
sound/dialogue/Multiplayer/Russian/dfr_mpsr_RS7551to2.mp3	coop_av_ru_contact1	coop_av_ru_contact	cs	0.42	Vrákap narůžem!		Enemy Spotted.	KEEP	low-confidence transcript of a ru-pool take; retail nation-specific bark, kept	
sound/dialogue/Multiplayer/Russian/dfr_mpic_RS7548to3.mp3	coop_av_ru_contact2	coop_av_ru_contact	ru	0.91	Открыть огонь!		Open fire!	KEEP		
sound/dialogue/Multiplayer/Russian/dfr_mpsr_RS7551to2.mp3	coop_av_ru_spot1	coop_av_ru_spot	cs	0.42	Vrákap narůžem!		Enemy Spotted.	KEEP	low-confidence transcript of a ru-pool take; retail nation-specific bark, kept	
sound/dialogue/Multiplayer/Russian/dfr_mpsr_RS7552to2.mp3	coop_av_ru_spot2	coop_av_ru_spot	ru	0.75	САПЕР!		Sniper!	KEEP		
sound/dialogue/Multiplayer/Russian/dfr_mpic_RS7547to2.mp3	coop_av_ru_attack1	coop_av_ru_attack	ja	0.25	アターカー!		Attack!	KEEP	low-confidence transcript of a ru-pool take; retail nation-specific bark, kept	
sound/dialogue/Multiplayer/Russian/dfr_mpic_RS7548to3.mp3	coop_av_ru_attack2	coop_av_ru_attack	ru	0.91	Открыть огонь!		Open fire!	KEEP		
sound/dialogue/Multiplayer/Russian/dfr_mpsc_RS7533to3.mp3	coop_av_ru_attack3	coop_av_ru_attack	ru	0.96	Рота! Вперёд!		Squad, move in!	KEEP		
sound/dialogue/Multiplayer/Russian/dfr_mpsc_RS7538to2.mp3	coop_av_ru_cover1	coop_av_ru_cover	ru	0.88	Рота! Прикройте!		Squad, covering fire!	KEEP		
sound/dialogue/Multiplayer/Russian/dfr_mpic_RS7541to3.mp3	coop_av_ru_cover2	coop_av_ru_cover	ru	0.70	Прикрой меня!		Cover me!	KEEP		
sound/dialogue/Multiplayer/Russian/dfr_mpic_RS7542to2.mp3	coop_av_ru_cover3	coop_av_ru_cover	ru	0.46	Я вас прикрою!		I'll cover you!	KEEP		
sound/dialogue/Multiplayer/Russian/dfr_mpsr_RS7553to3.mp3	coop_av_ru_grenade	coop_av_ru_grenade	ru	0.82	ГРОНАТОВ УКРЫТИЕ!		Grenade! Take Cover!	KEEP		
sound/dialogue/Multiplayer/Russian/dfr_mpsc_RS7534to2.mp3	coop_av_ru_fallback1	coop_av_ru_fallback	hu	0.46	RÓTA LEZÉT!		Squad, fall back!	KEEP	low-confidence transcript of a ru-pool take; retail nation-specific bark, kept	
sound/dialogue/Multiplayer/Russian/dfr_mpsc_RS7539to3.mp3	coop_av_ru_fallback2	coop_av_ru_fallback	ru	0.81	Рота! Перегруппровадца!		Squad, regroup!	KEEP		
sound/dialogue/Multiplayer/Russian/dfr_mpic_RS7545to6.mp3	coop_av_ru_backup1	coop_av_ru_backup	ru	0.83	Я под огнем нужна помощь!		Taking Fire!  Need some help!	KEEP		
sound/dialogue/Multiplayer/Russian/dfr_mpic_RS7541to3.mp3	coop_av_ru_backup2	coop_av_ru_backup	ru	0.70	Прикрой меня!		Cover me!	KEEP		
sound/dialogue/Multiplayer/Russian/dfr_mpgm_RS7525to3.mp3	coop_av_ru_kill1	coop_av_ru_kill	ru	0.99	ХОРОШЕЕ РОБОТА, РЕБЯТА!		Good job team!	KEEP		
sound/dialogue/Multiplayer/Russian/dfr_mpgm_RS7526to3.mp3	coop_av_ru_kill2	coop_av_ru_kill	ru	0.99	Хорошо!		Alright!	KEEP		
sound/dialogue/Multiplayer/Russian/dfr_mpgm_RS7527to2.mp3	coop_av_ru_kill3	coop_av_ru_kill	ru	0.99	Мы это сделали!		We've done it!	KEEP		
sound/dialogue/Multiplayer/Russian/dfr_mpt_RS7557to4.mp3	coop_av_ru_taunt1	coop_av_ru_taunt	ru	0.97	Кто хочет еще?		Who wants more?!	KEEP		
sound/dialogue/Multiplayer/Russian/dfr_mpt_RS7559to6.mp3	coop_av_ru_taunt2	coop_av_ru_taunt	ru	0.96	Это слишком просто!		This is too easy!	KEEP		
sound/dialogue/Multiplayer/Russian/dfr_mpt_RS7563to5.mp3	coop_av_ru_taunt3	coop_av_ru_taunt	ru	0.96	Эвы, трусы! Выходи!		Come on out you cowards!	KEEP		
sound/dialogue/Multiplayer/Russian/dfr_mpt_RS7564to10.mp3	coop_av_ru_taunt4	coop_av_ru_taunt	ru	0.97	Э-э-эй, где вы прячетесь?		Where are you hiding?	KEEP		
sound/dialogue/generic/a/panic/dfr_panic_25j_1.wav	coop_av_us_panic1	coop_av_us_panic	en	0.98	He's here!			KEEP		
sound/dialogue/generic/a/panic/dfr_panic_26a_1.wav	coop_av_us_panic2	coop_av_us_panic	en	0.87	Medic!			KEEP		
sound/dialogue/generic/a/panic/dfr_panic_26a_2.wav	coop_av_us_panic3	coop_av_us_panic		0.00				KEEP	"file ships LOOSE in GOG main/sound (not in a pak) - kept; earlier ""ghost"" verdict was wrong"	
sound/dialogue/generic/a/panic/dfr_panic_27j_1.wav	coop_av_us_panic4	coop_av_us_panic	en	0.98	He's been hit!			KEEP		
sound/dialogue/generic/a/panic/dfr_panic_27j_2.wav	coop_av_us_panic5	coop_av_us_panic		0.00				KEEP	"file ships LOOSE in GOG main/sound (not in a pak) - kept; earlier ""ghost"" verdict was wrong"	
sound/dialogue/generic/a/panic/dfr_panic_28m_1.wav	coop_av_us_panic6	coop_av_us_panic	en	0.96	He's hit!			KEEP		
sound/dialogue/generic/a/panic/dfr_panic_28m_2.wav	coop_av_us_panic7	coop_av_us_panic		0.00				KEEP	"file ships LOOSE in GOG main/sound (not in a pak) - kept; earlier ""ghost"" verdict was wrong"	
sound/dialogue/generic/a/panic/dfr_panic_28m_3.wav	coop_av_us_panic8	coop_av_us_panic		0.00				KEEP	"file ships LOOSE in GOG main/sound (not in a pak) - kept; earlier ""ghost"" verdict was wrong"	
sound/dialogue/generic/a/panic/dfr_panic_29e_1.wav	coop_av_us_panic9	coop_av_us_panic		0.00				KEEP	"file ships LOOSE in GOG main/sound (not in a pak) - kept; earlier ""ghost"" verdict was wrong"	
sound/dialogue/generic/a/panic/dfr_panic_29e_2.wav	coop_av_us_panic10	coop_av_us_panic		0.00				KEEP	"file ships LOOSE in GOG main/sound (not in a pak) - kept; earlier ""ghost"" verdict was wrong"	
sound/dialogue/generic/a/panic/dfr_panic_30f_1.wav	coop_av_us_panic11	coop_av_us_panic		0.00				KEEP	"file ships LOOSE in GOG main/sound (not in a pak) - kept; earlier ""ghost"" verdict was wrong"	
sound/dialogue/generic/a/panic/dfr_panic_31k_1.wav	coop_av_us_panic12	coop_av_us_panic		0.00				KEEP	"file ships LOOSE in GOG main/sound (not in a pak) - kept; earlier ""ghost"" verdict was wrong"	
sound/dialogue/generic/a/panic/dfr_panic_32o_1.wav	coop_av_us_panic13	coop_av_us_panic		0.00				KEEP	"file ships LOOSE in GOG main/sound (not in a pak) - kept; earlier ""ghost"" verdict was wrong"	
sound/dialogue/generic/a/panic/dfr_panic_34f_1.wav	coop_av_us_panic14	coop_av_us_panic		0.00				KEEP	"file ships LOOSE in GOG main/sound (not in a pak) - kept; earlier ""ghost"" verdict was wrong"	
sound/dialogue/generic/a/panic/dfr_panic_35c_2.wav	coop_av_us_panic15	coop_av_us_panic	en	0.27	He's here!			KEEP		
sound/dialogue/generic/a/panic/dfr_panic_36c_1.wav	coop_av_us_panic16	coop_av_us_panic	en	0.99	Man down!			KEEP		
sound/dialogue/generic/a/panic/dfr_panic_36c_2.wav	coop_av_us_panic17	coop_av_us_panic	en	0.98	MAN DOWN!			KEEP		
sound/dialogue/Generic/A/damage/dfr_damage_01a.wav	coop_av_us_wounded1	coop_av_us_wounded	en	0.68	UGH!			KEEP		
sound/dialogue/Generic/A/damage/dfr_damage_01c.wav	coop_av_us_wounded2	coop_av_us_wounded	en	0.81	Oh!			KEEP		
sound/dialogue/Generic/A/damage/dfr_damage_01d.wav	coop_av_us_wounded3	coop_av_us_wounded	en	0.32	YAH!			KEEP		
sound/dialogue/Generic/A/damage/dfr_damage_01e.wav	coop_av_us_wounded4	coop_av_us_wounded	en	0.39	Oh!			KEEP		
sound/dialogue/Generic/A/damage/dfr_damage_01f.wav	coop_av_us_wounded5	coop_av_us_wounded	en	0.72	NO!			KEEP		
sound/dialogue/Generic/A/damage/dfr_damage_01g.wav	coop_av_us_wounded6	coop_av_us_wounded	en	0.81	HUH			KEEP		
sound/dialogue/Generic/A/damage/dfr_damage_01i.wav	coop_av_us_wounded7	coop_av_us_wounded	en	0.60	Eugh!			KEEP		
sound/dialogue/Generic/A/damage/dfr_damage_01j.wav	coop_av_us_wounded8	coop_av_us_wounded	en	0.69	GAH!			KEEP		
sound/dialogue/Generic/A/damage/dfr_damage_01k.wav	coop_av_us_wounded9	coop_av_us_wounded	en	0.74	Oh!			KEEP		
sound/dialogue/Generic/A/damage/dfr_damage_01m.wav	coop_av_us_wounded10	coop_av_us_wounded	en	0.70	Duh!			KEEP		
sound/dialogue/Generic/A/damage/dfr_damage_01n.wav	coop_av_us_wounded11	coop_av_us_wounded	en	0.84	Ow!			KEEP		
sound/dialogue/Generic/A/damage/dfr_damage_02a.wav	coop_av_us_wounded12	coop_av_us_wounded	en	0.76	MMM!			KEEP		
sound/dialogue/Generic/A/damage/dfr_damage_02c.wav	coop_av_us_wounded13	coop_av_us_wounded	en	0.78	Ah!			KEEP		
sound/dialogue/Generic/A/damage/dfr_damage_02e.wav	coop_av_us_wounded14	coop_av_us_wounded	en	0.66	Oh!			KEEP		
sound/dialogue/Generic/A/damage/dfr_damage_02f.wav	coop_av_us_wounded15	coop_av_us_wounded	en	0.21	DOH!			KEEP		
sound/dialogue/Generic/A/damage/dfr_damage_02g.wav	coop_av_us_wounded16	coop_av_us_wounded	ja	0.41	うっ			KEEP	low-confidence transcript of a us-pool take; retail nation-specific bark, kept	
sound/dialogue/Generic/A/damage/dfr_damage_02h.wav	coop_av_us_wounded17	coop_av_us_wounded	en	0.36	MWAH!			KEEP		
sound/dialogue/Generic/A/damage/dfr_damage_02i.wav	coop_av_us_wounded18	coop_av_us_wounded	en	0.72	BOOM!			KEEP		
sound/dialogue/Generic/A/damage/dfr_damage_02j.wav	coop_av_us_wounded19	coop_av_us_wounded	en	0.72	UGH!			KEEP		
sound/dialogue/Generic/A/damage/dfr_damage_02o.wav	coop_av_us_wounded20	coop_av_us_wounded	en	0.77	Agh!			KEEP		
sound/dialogue/Generic/A/damage/dfr_damage_03b.wav	coop_av_us_wounded21	coop_av_us_wounded	en	0.60	Ah!			KEEP		
sound/dialogue/Generic/A/damage/dfr_damage_04h.wav	coop_av_us_wounded22	coop_av_us_wounded	en	0.79	Ah!			KEEP		
sound/dialogue/Generic/A/damage/dfr_damage_05b.wav	coop_av_us_wounded23	coop_av_us_wounded	en	0.71	Uh!			KEEP		
sound/dialogue/Generic/A/damage/dfr_damage_08d.wav	coop_av_us_wounded24	coop_av_us_wounded	en	0.75	Eugh!			KEEP		
sound/dialogue/Generic/A/damage/dpl_damage_13i.wav	coop_av_us_wounded25	coop_av_us_wounded	en	0.80	Ah!			KEEP		
sound/dialogue/Generic/A/death/dfr_death_01a.wav	coop_av_us_wounded26	coop_av_us_wounded	en	0.70	Oh.			KEEP		
sound/dialogue/Generic/A/death/dfr_death_01b.wav	coop_av_us_wounded27	coop_av_us_wounded	en	0.81	Augh!			KEEP		
sound/dialogue/Generic/A/death/dfr_death_01c.wav	coop_av_us_wounded28	coop_av_us_wounded	en	0.82	AAH!			KEEP		
sound/dialogue/Generic/A/death/dfr_death_01e.wav	coop_av_us_wounded29	coop_av_us_wounded	en	0.78	Oh!			KEEP		
sound/dialogue/Generic/A/death/dfr_death_01h.wav	coop_av_us_wounded30	coop_av_us_wounded	en	0.73	GAH!			KEEP		
sound/dialogue/Generic/A/death/dfr_death_01i.wav	coop_av_us_wounded31	coop_av_us_wounded	en	0.66	D'AH!			KEEP		
sound/dialogue/Generic/A/death/dfr_death_01j.wav	coop_av_us_wounded32	coop_av_us_wounded	en	0.66				KEEP	non-verbal effort/scream	
sound/dialogue/Generic/A/death/dfr_death_01k.wav	coop_av_us_wounded33	coop_av_us_wounded	en	0.61	OOOOOOHHHHHHHHHH			KEEP		
sound/dialogue/Generic/A/death/dfr_death_01m.wav	coop_av_us_wounded34	coop_av_us_wounded	en	0.74	AHH!			KEEP		
sound/dialogue/Generic/A/death/dfr_death_01n.wav	coop_av_us_wounded35	coop_av_us_wounded	en	0.72	UGH!			KEEP		
sound/dialogue/Generic/A/death/dfr_death_01o.wav	coop_av_us_wounded36	coop_av_us_wounded	en	0.53	Yeah.			KEEP		
sound/dialogue/Generic/A/death/dfr_death_02d.wav	coop_av_us_wounded37	coop_av_us_wounded	en	0.66	Ugh.			KEEP		
sound/dialogue/Generic/A/death/dfr_death_02f.wav	coop_av_us_wounded38	coop_av_us_wounded	en	0.68	UGH!			KEEP		
sound/dialogue/Generic/A/death/dfr_death_03g.wav	coop_av_us_wounded39	coop_av_us_wounded	en	0.76	HMMMMMMMMMMMMMMMMMMMMMMMMM			KEEP		
sound/dialogue/global/GM/DENGM_global_GS8002xl01.mp3	coop_av_de_attack7	coop_av_de_attack	sv	0.20	Fyra i videon!		~Return fire!	KEEP	low-confidence transcript of a de-pool take; retail nation-specific bark, kept	
sound/dialogue/global/GM/DENGM_global_GS8002xl03.mp3	coop_av_de_attack8	coop_av_de_attack	de	0.88	Feuer wieder!		~Return fire!	KEEP		
sound/dialogue/global/GM/DENGM_global_GS8002xl05.mp3	coop_av_de_attack9	coop_av_de_attack	sv	0.83	Feuer är vidan!		~Return fire!	KEEP		
sound/dialogue/global/GM/DENGM_global_GS8003xl01.mp3	coop_av_de_attack10	coop_av_de_attack	de	0.54	Ein Überfall!		~Ambush!	KEEP		
sound/dialogue/global/GM/DENGM_global_GS8003xl02.mp3	coop_av_de_attack11	coop_av_de_attack	de	0.64	Ein Überfall!		~Ambush!	KEEP		
sound/dialogue/global/GM/DENGM_global_GS8003xl03.mp3	coop_av_de_attack12	coop_av_de_attack	de	0.82	Ein Überfall!		~Ambush!	KEEP		
sound/dialogue/global/GM/DENGM_global_GS8004xl01.mp3	coop_av_de_attack13	coop_av_de_attack	fr	0.42	Si c'est du mal !		~They're everywhere!	KEEP	low-confidence transcript of a de-pool take; retail nation-specific bark, kept	
sound/dialogue/global/GM/DENGM_global_GS8004xl02.mp3	coop_av_de_attack14	coop_av_de_attack	fr	0.43	S'il te plait !		~They're everywhere!	KEEP	low-confidence transcript of a de-pool take; retail nation-specific bark, kept	
sound/dialogue/global/GM/DENGM_global_GS8005xl02.mp3	coop_av_de_attack15	coop_av_de_attack	ja	0.45	ダイエス!		~There he is!	KEEP	low-confidence transcript of a de-pool take; retail nation-specific bark, kept	
sound/dialogue/global/GM/DENGM_global_GS8006xl01.mp3	coop_av_de_attack16	coop_av_de_attack	en	0.84	That's working up!		~That was close.	KEEP		
sound/dialogue/global/GM/DENGM_global_GS8006xl02.mp3	coop_av_de_attack17	coop_av_de_attack	de	0.40	Das war knapp!		~That was close.	KEEP		
sound/dialogue/global/GM/DENGM_global_GS8007xl02.mp3	coop_av_de_attack18	coop_av_de_attack	sv	0.46	DAFANÄÄÄÄÄ			KEEP	low-confidence transcript of a de-pool take; retail nation-specific bark, kept	
sound/dialogue/global/GM/DENGM_global_GS8007xl03.mp3	coop_av_de_attack19	coop_av_de_attack	de	0.57	Da vorne!			KEEP		
sound/dialogue/global/GM/DENGM_global_GS8008xl01.mp3	coop_av_de_attack20	coop_av_de_attack	en	0.55	HIT THE ONCE!			KEEP		
sound/dialogue/global/GM/DENGM_global_GS8008xl02.mp3	coop_av_de_attack21	coop_av_de_attack	en	0.34	HIT ONCE!			KEEP		
sound/dialogue/global/GM/DENGM_global_GS8008xl03.mp3	coop_av_de_attack22	coop_av_de_attack	en	0.39	HIT DUNNNNNNNNNNNNNNN!			KEEP		
sound/dialogue/global/GM/DENGM_global_GS8009xl01.mp3	coop_av_de_attack23	coop_av_de_attack	de	0.81	Kämpfe Soldat!		~Fight soldier!	KEEP		
sound/dialogue/global/GM/DENGM_global_GS8009xl02.mp3	coop_av_de_attack24	coop_av_de_attack	de	0.45	Kämpfe Soldat!		~Fight soldier!	KEEP		
sound/dialogue/global/GM/DENGM_global_GS8009xl03.mp3	coop_av_de_attack25	coop_av_de_attack	de	0.80	Kämpfe Soldat!		~Fight soldier!	KEEP		
sound/dialogue/global/GM/DENGM_global_GS8010xl01.mp3	coop_av_de_attack26	coop_av_de_attack	de	0.81	Was war das?		~What was that?	CUT	not an attack bark (greeting/thanks/curious/grenade) - misfiled by the meaning-comment classifier	
sound/dialogue/global/GM/DENGM_global_GS8010xl02.mp3	coop_av_de_attack27	coop_av_de_attack	hi	0.35	वस्वारास!		~What was that?	KEEP	low-confidence transcript of a de-pool take; retail nation-specific bark, kept	
sound/dialogue/global/GM/DENGM_global_GS8010xl03.mp3	coop_av_de_attack28	coop_av_de_attack	en	0.38	PASMARAS!		~What was that?	KEEP		
sound/dialogue/global/GM/DENGM_global_GS8011xl01.mp3	coop_av_de_attack29	coop_av_de_attack	en	0.29	HEADFIRE!		~Help!	KEEP		
sound/dialogue/global/GM/DENGM_global_GS8011xl02.mp3	coop_av_de_attack30	coop_av_de_attack	en	0.33	HIFAAA!		~Help!	KEEP		
sound/dialogue/global/GM/DENGM_global_GS8012xl01.mp3	coop_av_de_attack31	coop_av_de_attack	de	0.75	Ich bin hier!		~I'm here!	KEEP		
sound/dialogue/global/GM/DENGM_global_GS8012xl02.mp3	coop_av_de_attack32	coop_av_de_attack	en	0.50	I'm here!		~I'm here!	KEEP		
sound/dialogue/global/GM/DENGM_global_GS8012xl03.mp3	coop_av_de_attack33	coop_av_de_attack	en	0.82	I'm here!		~I'm here!	KEEP		
sound/dialogue/global/GM/DENGM_global_GS8013xl02.mp3	coop_av_de_attack34	coop_av_de_attack	zh	0.18	表达		~Who's there!	KEEP	low-confidence transcript of a de-pool take; retail nation-specific bark, kept	
sound/dialogue/global/GM/DENGM_global_GS8013xl03.mp3	coop_av_de_attack35	coop_av_de_attack	zh	0.29	别打		~Who's there!	KEEP	low-confidence transcript of a de-pool take; retail nation-specific bark, kept	
sound/dialogue/global/GM/DENGM_global_GS8013xl09.mp3	coop_av_de_attack36	coop_av_de_attack	es	0.71	¡Esta!		~Who's there!	KEEP		
sound/dialogue/global/GM/DENGM_global_GS8013xl12.mp3	coop_av_de_attack37	coop_av_de_attack	es	0.91	¡Y ahí está!		~Who's there!	KEEP		
sound/dialogue/global/GM/DENGM_global_GS8014xl02.mp3	coop_av_de_attack38	coop_av_de_attack	zh	0.18	I TRIGGER		~Incoming!	KEEP	low-confidence transcript of a de-pool take; retail nation-specific bark, kept	
sound/dialogue/global/GM/DENGM_global_GS8014xl04.mp3	coop_av_de_attack39	coop_av_de_attack	en	0.56	I TIGER!		~Incoming!	KEEP		
sound/dialogue/global/GM/DENGM_global_GS8014xl05.mp3	coop_av_de_attack40	coop_av_de_attack	en	0.54	EINZLEGGER!		~Incoming!	KEEP		
sound/dialogue/global/GM/DENGM_global_GS8001xl02.mp3	coop_av_de_backup7	coop_av_de_backup	fr	0.58	Et dream!		~Over here!	KEEP		
sound/dialogue/global/GM/DENGM_global_GS8001xl03.mp3	coop_av_de_backup8	coop_av_de_backup	fr	0.69	HÉRE-TREM !!!		~Over here!	KEEP		
sound/dialogue/Generic/G/idle/Jok_001a.wav	coop_av_de_banter1	coop_av_de_banter	de	0.99	Aber Liebling, wir hatten doch Würstchen gestern Abend!			KEEP		
sound/dialogue/Generic/G/idle/Jok_006a.wav	coop_av_de_banter2	coop_av_de_banter	de	1.00	Und dann sagt sie, das ist doch gar nichts! Guck dir die mal an!			KEEP		
sound/dialogue/Generic/G/idle/Jok_005a.wav	coop_av_de_banter3	coop_av_de_banter	de	0.99	Ach, und dann kam der Hauptmann rein.			KEEP		
sound/dialogue/Generic/G/idle/Jok_008a.wav	coop_av_de_banter4	coop_av_de_banter	de	1.00	Da kannst du aber sicher sein, dass ich das nicht mehr esse!			KEEP		
sound/dialogue/Generic/G/idle/Jok_001f.wav	coop_av_de_banter5	coop_av_de_banter	de	1.00	Aber kleiner, wir hatten noch ein Wurstchen gestern Abend!			KEEP		
sound/dialogue/Generic/G/idle/Jok_006f.wav	coop_av_de_banter6	coop_av_de_banter	de	1.00	Und dann sagt die, das ist doch gar nichts. Guck dir die Heuere. Guck dir die Heuere.			KEEP		
sound/dialogue/Generic/G/idle/Jok_005f.wav	coop_av_de_banter7	coop_av_de_banter	de	0.99	Ach ja! Und dann kam die Hauptmelle rein!			KEEP		
sound/dialogue/Generic/G/idle/Jok_008f.wav	coop_av_de_banter8	coop_av_de_banter	de	0.99	Aber uns kann ich dir sagen, das ist ich nicht mehr.			KEEP		
sound/dialogue/Generic/G/idle/Jok_001b.wav	coop_av_de_banter9	coop_av_de_banter	de	1.00	Aber Süße! Wir hatten doch Würstchen gestern Abend!			KEEP		
sound/dialogue/Generic/G/idle/Jok_005b.wav	coop_av_de_banter10	coop_av_de_banter	de	0.97	Ja und dann, dann kam der Hauptball rein.			KEEP		
sound/dialogue/Generic/G/idle/Jok_006b.wav	coop_av_de_banter11	coop_av_de_banter	de	1.00	Dann sagt sie, das ist doch gar nichts. Guck dir die mal an!			KEEP		
sound/dialogue/Generic/G/idle/Jok_008b.wav	coop_av_de_banter12	coop_av_de_banter	de	0.99	Aber eins ist sicher, dass er sich nicht wieder...			KEEP		
sound/dialogue/Generic/G/idle/Laf_002a.wav	coop_av_de_banter13	coop_av_de_banter	sv	0.64	Hahahaha! Vad vart det var? Jag kring var. Jag kallade luft! Hahahaha!			KEEP		
sound/dialogue/Generic/G/idle/Laf_003a.wav	coop_av_de_banter14	coop_av_de_banter	pt	0.26	Vai, vai, vai! Vai, vai!			KEEP	low-confidence transcript of a de-pool take; retail nation-specific bark, kept	
sound/dialogue/Generic/G/idle/Laf_001a.wav	coop_av_de_banter15	coop_av_de_banter	de	0.43	Ehrlich?			KEEP		
sound/dialogue/Generic/G/idle/Laf_005a.wav	coop_av_de_banter16	coop_av_de_banter	en	0.65	Hahahaha Pfft Hahahaha Hahahaha Hahahaha			KEEP		
sound/dialogue/Generic/G/idle/Laf_005f.wav	coop_av_de_banter17	coop_av_de_banter	en	0.54	Pfft! Hahahahaha hope Hahahahahah			KEEP		
sound/dialogue/Generic/G/idle/Laf_001f.wav	coop_av_de_banter18	coop_av_de_banter	en	0.26	hahaha hahahaha hahahaha			KEEP		
sound/dialogue/Generic/G/idle/Laf_002f.wav	coop_av_de_banter19	coop_av_de_banter	de	0.83	Warte mal! Warte mal! Ich krieg keine Luft! Ich krieg keine Luft!			KEEP		
sound/dialogue/Generic/G/idle/Laf_003f.wav	coop_av_de_banter20	coop_av_de_banter	en	0.24	No! My ball! My ball! My ball!			KEEP		
sound/dialogue/Generic/G/idle/Laf_004f.wav	coop_av_de_banter21	coop_av_de_banter	en	0.43	Oh, no! Oh, oh, oh! Oh, oh, oh... Oh! Oh, oh, oh!			KEEP		
sound/dialogue/Generic/G/idle/Laf_001b.wav	coop_av_de_banter22	coop_av_de_banter	de	0.36	Ehrlich?			KEEP		
sound/dialogue/Generic/G/idle/Laf_002b.wav	coop_av_de_banter23	coop_av_de_banter	nl	0.67	Hahaha. Wacht even. Hahaha. Ik kreeg gewoon een lucht in. Hahaha.			KEEP		
sound/dialogue/Generic/G/idle/Laf_003b.wav	coop_av_de_banter24	coop_av_de_banter	en	0.77	Oh, my bow! My bow!			KEEP		
sound/dialogue/Generic/G/idle/Laf_004b.wav	coop_av_de_banter25	coop_av_de_banter	en	0.28	Oh, oh, oh, oh! Oh! Oh, oh, oh, oh, oh!			KEEP		
sound/dialogue/Generic/G/idle/Laf_005b.wav	coop_av_de_banter26	coop_av_de_banter	en	0.85	Bsssssssssssssss			KEEP		
sound/dialogue/Generic/G/fear/Cov_G_011b.wav	coop_av_de_fear1	coop_av_de_fear	de	0.80	Ich seh nicht mehr!			KEEP		
sound/dialogue/Generic/G/fear/Cov_G_011e.wav	coop_av_de_fear2	coop_av_de_fear	de	0.45	Ich sehe ihn nicht mehr!			KEEP		
sound/dialogue/Generic/G/fear/Cov_G_011f.wav	coop_av_de_fear3	coop_av_de_fear	de	0.98	Ich kann nicht sehen!			KEEP		
sound/dialogue/Generic/G/attack/Atk_O_005a.wav	coop_av_de_fear4	coop_av_de_fear	en	0.79	ALEMON FIRE!			KEEP		
sound/dialogue/Generic/G/attack/Atk_O_005g.wav	coop_av_de_fear5	coop_av_de_fear	en	0.57	ALEMAN FIRE!			KEEP		
sound/dialogue/Generic/G/fear/Cov_G_009b.wav	coop_av_de_fear6	coop_av_de_fear	de	0.87	Er ist am Rohr!			KEEP		
sound/dialogue/Generic/G/attack/Atk_G_020a.wav	coop_av_de_fear7	coop_av_de_fear	de	0.93	Ich hab ihn im Visier!			KEEP		
sound/dialogue/Generic/G/attack/Atk_G_020b.wav	coop_av_de_fear8	coop_av_de_fear	de	0.95	Ich hab ihn im Visier!			KEEP		
sound/dialogue/Generic/G/attack/Atk_G_020f.wav	coop_av_de_fear9	coop_av_de_fear	de	0.98	Ich hab ihn im Visier!			KEEP		
sound/dialogue/Generic/G/fear/den_fear_30b.wav	coop_av_de_fear10	coop_av_de_fear	en	0.93	Come there!			KEEP		
sound/dialogue/Generic/G/attack/Atk_G_005a.wav	coop_av_de_fear11	coop_av_de_fear	en	0.46	To man-grip!			KEEP		
sound/dialogue/Generic/G/attack/Atk_G_005b.wav	coop_av_de_fear12	coop_av_de_fear	en	0.30	UNGULP!			KEEP		
sound/dialogue/Generic/G/attack/Atk_G_005e.wav	coop_av_de_fear13	coop_av_de_fear	de	0.90	ANGRÜP!			KEEP		
sound/dialogue/Generic/G/attack/Atk_G_006a.wav	coop_av_de_fear14	coop_av_de_fear	de	0.67	Das ist meine!			KEEP		
sound/dialogue/Generic/G/attack/Atk_G_006b.wav	coop_av_de_fear15	coop_av_de_fear	de	0.80	EST MEINER!			KEEP		
sound/dialogue/Generic/G/attack/Atk_G_006e.wav	coop_av_de_fear16	coop_av_de_fear	en	0.66	That is mine now!			KEEP		
sound/dialogue/Generic/G/attack/Atk_G_008a.wav	coop_av_de_fear17	coop_av_de_fear	en	0.71	Tootsie-Dynamee!			KEEP		
sound/dialogue/Generic/G/attack/Atk_G_008b.wav	coop_av_de_fear18	coop_av_de_fear	en	0.21	TUTITANAMI!			KEEP		
sound/dialogue/Generic/G/attack/Atk_G_008e.wav	coop_av_de_fear19	coop_av_de_fear	en	0.21	CHETE TENAMI!			KEEP		
sound/dialogue/Generic/G/attack/den_attack_014a.wav	coop_av_de_fear20	coop_av_de_fear	de	0.92	Licht ihn um!			KEEP		
sound/dialogue/Generic/G/fear/den_fear_30d.wav	coop_av_de_fear21	coop_av_de_fear	de	0.56	Sie kommt näher!			KEEP		
sound/dialogue/Generic/G/fear/Cov_G_002b.wav	coop_av_de_fear22	coop_av_de_fear	hu	0.32	SZEVEK!			KEEP	low-confidence transcript of a de-pool take; retail nation-specific bark, kept	
sound/dialogue/Generic/G/fear/Cov_G_006a.wav	coop_av_de_fear23	coop_av_de_fear	de	0.86	Aufpassen!			KEEP		
sound/dialogue/Generic/G/fear/Cov_G_006b.wav	coop_av_de_fear24	coop_av_de_fear	en	0.85	I'LL FUSON!			KEEP		
sound/dialogue/Generic/G/fear/Cov_G_006e.wav	coop_av_de_fear25	coop_av_de_fear	de	0.90	Aufpassen!			KEEP		
sound/dialogue/Generic/G/fear/Cov_G_014a.wav	coop_av_de_fear26	coop_av_de_fear	de	0.73	Vorsicht!			KEEP		
sound/dialogue/Generic/G/fear/Cov_G_014b.wav	coop_av_de_fear27	coop_av_de_fear	en	0.43	PORTHIC!			KEEP		
sound/dialogue/Generic/G/fear/Cov_O_004a.wav	coop_av_de_fear28	coop_av_de_fear	nl	0.56	TECK ONZOEGEN!			KEEP		
sound/dialogue/Generic/G/fear/Cov_O_004e.wav	coop_av_de_fear29	coop_av_de_fear	nl	0.78	Daar kan ik zochen!			KEEP		
sound/dialogue/Generic/G/fear/Ret_G_008a.wav	coop_av_de_fear30	coop_av_de_fear	de	0.98	Ich hab keinen freien Schuss!			KEEP		
sound/dialogue/Generic/G/fear/Ret_G_008b.wav	coop_av_de_fear31	coop_av_de_fear	de	0.96	Ich hab keinen freien Schuss!			KEEP		
sound/dialogue/Generic/G/fear/Ret_G_008e.wav	coop_av_de_fear32	coop_av_de_fear	de	0.97	Ich hab keinen freien Schuss!			KEEP		
sound/dialogue/Generic/G/fear/Ret_G_008f.wav	coop_av_de_fear33	coop_av_de_fear	de	0.98	Ich hab keinen freien Schuss!			KEEP		
sound/dialogue/Generic/G/fear/Ret_G_008g.wav	coop_av_de_fear34	coop_av_de_fear	de	0.99	Ich hab keinen freien Schuss!			KEEP		
sound/dialogue/Generic/G/attack/Atk_O_002a.wav	coop_av_de_fear35	coop_av_de_fear	en	0.83	Attain menna!			KEEP		
sound/dialogue/Generic/G/attack/Atk_O_002g.wav	coop_av_de_fear36	coop_av_de_fear	de	0.48	Verteilen, Männer!			KEEP		
sound/dialogue/Generic/G/attack/Atk_O_009a.wav	coop_av_de_fear37	coop_av_de_fear	en	0.93	I WAS CRAMMING!			KEEP		
sound/dialogue/Generic/G/attack/Atk_O_009e.wav	coop_av_de_fear38	coop_av_de_fear	en	0.62	OUTSHWAMEN!			KEEP		
sound/dialogue/Generic/G/attack/Atk_O_009g.wav	coop_av_de_fear39	coop_av_de_fear	en	0.89	I'LL SHREEMAN!			KEEP		
sound/dialogue/Generic/G/fear/den_fear_11e.wav	coop_av_de_fear40	coop_av_de_fear	de	0.37	HATTAIDOIS!			KEEP		
sound/dialogue/Generic/G/fear/den_fear_08a.wav	coop_av_de_fear41	coop_av_de_fear	de	0.46	Vorsicht, Granate!		"~- ""incoming grenade!"""	KEEP		
sound/dialogue/Generic/G/fear/den_suicide_11b.wav	coop_av_de_fear42	coop_av_de_fear	en	0.46	SURE!			KEEP		
sound/dialogue/Generic/G/fear/den_suicide_11d.wav	coop_av_de_fear43	coop_av_de_fear	en	0.50	Strike!			KEEP		
sound/dialogue/Generic/G/fear/den_suicide_12a.wav	coop_av_de_fear44	coop_av_de_fear	nl	0.68	RETTETEUCH!			KEEP		
sound/dialogue/Generic/G/fear/den_suicide_12b.wav	coop_av_de_fear45	coop_av_de_fear	ja	0.19	カットドーイ!			KEEP	low-confidence transcript of a de-pool take; retail nation-specific bark, kept	
sound/dialogue/Generic/G/fear/den_suicide_13a.wav	coop_av_de_fear46	coop_av_de_fear	de	0.98	Auf Wiedersehen, Malene!			KEEP		
sound/dialogue/Generic/G/fear/den_suicide_14a.wav	coop_av_de_fear47	coop_av_de_fear	de	0.98	Es tut mir leid, Mutter!			KEEP		
sound/dialogue/Generic/G/fear/den_suicide_15a.wav	coop_av_de_fear48	coop_av_de_fear	de	0.78	Gott, verzei mir!			KEEP		
sound/dialogue/Generic/G/fear/den_suicide_15b.wav	coop_av_de_fear49	coop_av_de_fear	de	0.80	Gott, verzei mir!			KEEP		
sound/dialogue/Generic/G/fear/den_fear_03a.wav	coop_av_de_fear50	coop_av_de_fear	de	0.68	Entdecken gehen!			KEEP		
sound/dialogue/Generic/G/fear/den_fear_03d.wav	coop_av_de_fear51	coop_av_de_fear	en	0.71	IN DECK O'KEEPS!			KEEP		
sound/dialogue/Generic/G/fear/den_fear_03e.wav	coop_av_de_fear52	coop_av_de_fear	de	0.46	INDECKUNG!			KEEP		
sound/dialogue/Generic/G/fear/den_fear_05a.wav	coop_av_de_fear53	coop_av_de_fear	de	0.61	Laft um euer Leben!			KEEP		
sound/dialogue/Generic/G/fear/den_fear_05d.wav	coop_av_de_fear54	coop_av_de_fear	de	0.97	Rettet Eure Haut!			KEEP		
sound/dialogue/Generic/G/fear/den_fear_20a.wav	coop_av_de_fear55	coop_av_de_fear	de	0.94	Nenn so schnell du kannst!			KEEP		
sound/dialogue/Generic/G/fear/den_fear_20b.wav	coop_av_de_fear56	coop_av_de_fear	de	0.97	Wenn so schnell du kannst!			KEEP		
sound/dialogue/Generic/G/fear/den_fear_27a.wav	coop_av_de_fear57	coop_av_de_fear	de	0.93	Evakuieren!			KEEP		
sound/dialogue/Generic/G/fear/den_fear_27b.wav	coop_av_de_fear58	coop_av_de_fear	fi	0.39	ILAKKUIRIN!			KEEP	low-confidence transcript of a de-pool take; retail nation-specific bark, kept	
sound/dialogue/Generic/G/fear/den_fear_27d.wav	coop_av_de_fear59	coop_av_de_fear	en	0.44	RITZUK!			KEEP		
sound/dialogue/Generic/G/fear/den_fear_32b.wav	coop_av_de_fear60	coop_av_de_fear	de	0.73	Nicht schießen!			KEEP		
sound/dialogue/Generic/G/fear/Ret_G_001a.wav	coop_av_de_fear61	coop_av_de_fear	de	0.73	Weg hier!			KEEP		
sound/dialogue/Generic/G/fear/Ret_G_001b.wav	coop_av_de_fear62	coop_av_de_fear	en	0.88	Back here!			KEEP		
sound/dialogue/Generic/G/fear/Ret_G_001g.wav	coop_av_de_fear63	coop_av_de_fear	fr	0.36	Vécu !			KEEP	low-confidence transcript of a de-pool take; retail nation-specific bark, kept	
sound/dialogue/Generic/G/fear/Ret_G_002a.wav	coop_av_de_fear64	coop_av_de_fear	de	0.97	In Sicherheit bringen!			KEEP		
sound/dialogue/Generic/G/fear/Ret_G_002b.wav	coop_av_de_fear65	coop_av_de_fear	de	0.96	In Sicherheit bringen!			KEEP		
sound/dialogue/Generic/G/fear/Ret_G_002g.wav	coop_av_de_fear66	coop_av_de_fear	de	0.98	In Sicherheit bringen!			KEEP		
sound/dialogue/Generic/G/fear/Ret_G_003a.wav	coop_av_de_fear67	coop_av_de_fear	de	0.78	Nichts wie weg!			KEEP		
sound/dialogue/Generic/G/fear/Ret_G_003b.wav	coop_av_de_fear68	coop_av_de_fear	de	0.48	Nichts wie weg!			KEEP		
sound/dialogue/Generic/G/fear/Ret_G_003e.wav	coop_av_de_fear69	coop_av_de_fear	en	0.39	Next three back!			KEEP		
sound/dialogue/Generic/G/fear/Ret_G_003g.wav	coop_av_de_fear70	coop_av_de_fear	de	0.25	Nichts wie weg!			KEEP		
sound/dialogue/Generic/G/fear/Ret_G_004a.wav	coop_av_de_fear71	coop_av_de_fear	de	0.94	Wir sitzen in der Falle!			KEEP		
sound/dialogue/Generic/G/fear/den_fear_21b.wav	coop_av_de_fear72	coop_av_de_fear	de	0.82	Wir sitzen in der Pfanne!			KEEP		
sound/dialogue/Generic/G/fear/Ret_G_004b.wav	coop_av_de_fear73	coop_av_de_fear	de	0.82	Wir sitzen in der Pfanne!			KEEP		
sound/dialogue/Generic/G/fear/Ret_G_004e.wav	coop_av_de_fear74	coop_av_de_fear	de	0.98	Wir sitzen in der Falle!			KEEP		
sound/dialogue/Generic/G/fear/Ret_G_004g.wav	coop_av_de_fear75	coop_av_de_fear	de	0.94	Wir sitzen in der Falle!			KEEP		
sound/dialogue/Generic/G/fear/Ret_G_005a.wav	coop_av_de_fear76	coop_av_de_fear	de	0.68	Lass das hier!			KEEP		
sound/dialogue/Generic/G/fear/Ret_G_005b.wav	coop_av_de_fear77	coop_av_de_fear	en	0.47	Last time I saw you!			KEEP		
sound/dialogue/Generic/G/fear/Ret_G_005e.wav	coop_av_de_fear78	coop_av_de_fear	es	0.21	¡LAS ASÍA!			KEEP	low-confidence transcript of a de-pool take; retail nation-specific bark, kept	
sound/dialogue/Generic/G/fear/Ret_G_005g.wav	coop_av_de_fear79	coop_av_de_fear	de	0.92	Lass das hier!			KEEP		
sound/dialogue/Generic/G/fear/Ret_G_006a.wav	coop_av_de_fear80	coop_av_de_fear	en	0.58	LOOSE! LOOSE!			KEEP		
sound/dialogue/Generic/G/fear/Ret_G_006b.wav	coop_av_de_fear81	coop_av_de_fear	en	0.45	LOSS! LOSS!			KEEP		
sound/dialogue/Generic/G/fear/Ret_G_006e.wav	coop_av_de_fear82	coop_av_de_fear	en	0.41	LOSS! LOSS!			KEEP		
sound/dialogue/Generic/G/fear/Ret_G_007a.wav	coop_av_de_fear83	coop_av_de_fear	de	0.96	Die werden abgeschlachtet!			KEEP		
sound/dialogue/Generic/G/fear/den_fear_28a.wav	coop_av_de_fear84	coop_av_de_fear	de	0.91	Wie geht die Munition aus?			KEEP		
sound/dialogue/Generic/G/fear/Ret_G_007b.wav	coop_av_de_fear85	coop_av_de_fear	de	0.98	Wir werden abgeschlachtet!			KEEP		
sound/dialogue/Generic/G/fear/Ret_G_007e.wav	coop_av_de_fear86	coop_av_de_fear	de	0.97	Wir werden abgeschlachtet!			KEEP		
sound/dialogue/Generic/G/fear/Ret_G_007g.wav	coop_av_de_fear87	coop_av_de_fear	de	0.98	Die schlachten uns ab!			KEEP		
sound/dialogue/Generic/G/fear/Ret_G_008a.wav	coop_av_de_fear88	coop_av_de_fear	de	0.98	Ich hab keinen freien Schuss!			KEEP		
sound/dialogue/Generic/G/fear/Ret_G_008b.wav	coop_av_de_fear89	coop_av_de_fear	de	0.96	Ich hab keinen freien Schuss!			KEEP		
sound/dialogue/Generic/G/fear/Ret_G_008e.wav	coop_av_de_fear90	coop_av_de_fear	de	0.97	Ich hab keinen freien Schuss!			KEEP		
sound/dialogue/Generic/G/fear/Ret_G_008f.wav	coop_av_de_fear91	coop_av_de_fear	de	0.98	Ich hab keinen freien Schuss!			KEEP		
sound/dialogue/Generic/G/fear/Ret_G_008g.wav	coop_av_de_fear92	coop_av_de_fear	de	0.99	Ich hab keinen freien Schuss!			KEEP		
sound/dialogue/Generic/G/fear/Ret_G_009a.wav	coop_av_de_fear93	coop_av_de_fear	de	0.83	Alles vorbei!			KEEP		
sound/dialogue/Generic/G/fear/Ret_G_009b.wav	coop_av_de_fear94	coop_av_de_fear	en	0.67	And it's for bye!			KEEP		
sound/dialogue/Generic/G/fear/Ret_G_009e.wav	coop_av_de_fear95	coop_av_de_fear	de	0.82	Alles vorbei!			KEEP		
sound/dialogue/Generic/G/fear/den_fear_03e.wav	coop_av_de_fear96	coop_av_de_fear	de	0.46	INDECKUNG!			KEEP		
sound/dialogue/Generic/G/fear/Ret_G_009f.wav	coop_av_de_fear97	coop_av_de_fear	en	0.68	All right, it's over!			KEEP	generic bark (radio keyword false positive)	
sound/dialogue/Generic/G/fear/Ret_G_009g.wav	coop_av_de_fear98	coop_av_de_fear	en	0.86	And it's for bye!			KEEP		
sound/dialogue/Generic/G/fear/Ret_G_010a.wav	coop_av_de_fear99	coop_av_de_fear	de	0.98	Ich hab keine Munition mehr!			KEEP		
sound/dialogue/Generic/G/fear/Ret_G_010b.wav	coop_av_de_fear100	coop_av_de_fear	de	0.99	Ich hab keine Munition mehr!			KEEP		
sound/dialogue/Generic/G/fear/Ret_G_010e.wav	coop_av_de_fear101	coop_av_de_fear	de	0.95	Ich hab keine Munition mehr!			KEEP		
sound/dialogue/Generic/G/fear/Ret_G_011a.wav	coop_av_de_fear102	coop_av_de_fear	de	0.95	Wir sind im Eimer!			KEEP		
sound/dialogue/Generic/G/fear/Ret_G_011b.wav	coop_av_de_fear103	coop_av_de_fear	de	0.97	Wir sind verloren!			KEEP		
sound/dialogue/Generic/G/fear/Ret_G_011f.wav	coop_av_de_fear104	coop_av_de_fear	ja	0.36	見せてもらえれば!			KEEP	low-confidence transcript of a de-pool take; retail nation-specific bark, kept	
sound/dialogue/Generic/G/fear/Ret_G_011g.wav	coop_av_de_fear105	coop_av_de_fear	de	0.90	Wir sind verloren!			KEEP		
sound/dialogue/Generic/G/fear/Ret_G_012a.wav	coop_av_de_fear106	coop_av_de_fear	de	0.98	Sie sind uns überlegen!			KEEP		
sound/dialogue/Generic/G/fear/Ret_G_012b.wav	coop_av_de_fear107	coop_av_de_fear	de	0.79	Sie sind tot überlegen!			KEEP		
sound/dialogue/Generic/G/fear/den_fear_18d.wav	coop_av_de_fear108	coop_av_de_fear	de	0.95	Ich brauch einen Arzt!			KEEP		
sound/dialogue/Generic/G/fear/Ret_G_012f.wav	coop_av_de_fear109	coop_av_de_fear	de	0.96	Die sind uns überlegen!			KEEP		
sound/dialogue/Generic/G/fear/Ret_G_012g.wav	coop_av_de_fear110	coop_av_de_fear	de	0.96	Die sind uns überlegen!			KEEP		
sound/dialogue/Generic/G/fear/Ret_G_013a.wav	coop_av_de_fear111	coop_av_de_fear	de	0.96	Wir können nicht siegen!			KEEP		
sound/dialogue/Generic/G/fear/Ret_G_013b.wav	coop_av_de_fear112	coop_av_de_fear	de	0.98	Wir können nichts siegen!			KEEP		
sound/dialogue/Generic/G/fear/Ret_G_013f.wav	coop_av_de_fear113	coop_av_de_fear	de	0.97	Wir können nicht sieben!			KEEP		
sound/dialogue/Generic/G/fear/Ret_G_013g.wav	coop_av_de_fear114	coop_av_de_fear	de	0.99	Wir können nicht mehr siegen!			KEEP		
sound/dialogue/Generic/G/fear/Ret_G_014a.wav	coop_av_de_fear115	coop_av_de_fear	en	0.64	To work!			KEEP		
sound/dialogue/Generic/G/fear/Ret_G_014b.wav	coop_av_de_fear116	coop_av_de_fear	fr	0.39	TOUREC !			KEEP	low-confidence transcript of a de-pool take; retail nation-specific bark, kept	
sound/dialogue/Generic/G/fear/Ret_G_014f.wav	coop_av_de_fear117	coop_av_de_fear	en	0.17	To the next scene!			KEEP		
sound/dialogue/Generic/G/fear/Ret_G_014g.wav	coop_av_de_fear118	coop_av_de_fear	en	0.68	So long!			KEEP		
sound/dialogue/Generic/G/fear/Ret_O_001a.wav	coop_av_de_fear119	coop_av_de_fear	de	0.28	Rückzug!			KEEP		
sound/dialogue/Generic/G/fear/den_fear_32d.wav	coop_av_de_fear120	coop_av_de_fear	en	0.28	Next season!			KEEP		
sound/dialogue/Generic/G/fear/Ret_O_002a.wav	coop_av_de_fear121	coop_av_de_fear	de	0.54	Weiter zurück, Männer!			KEEP		
sound/dialogue/Generic/G/fear/Ret_O_002g.wav	coop_av_de_fear122	coop_av_de_fear	de	0.93	Zurück, Männer!			KEEP		
sound/dialogue/Generic/G/fear/Ret_O_003a.wav	coop_av_de_fear123	coop_av_de_fear	de	0.99	Da werden Köpfe rollen!			KEEP		
sound/dialogue/Generic/G/fear/Ret_O_003g.wav	coop_av_de_fear124	coop_av_de_fear	de	0.99	Da werden Kofferrollen!			KEEP		
sound/dialogue/Generic/G/fear/Ret_O_004a.wav	coop_av_de_fear125	coop_av_de_fear	de	0.96	Rette sich wer kann!			KEEP		
sound/dialogue/Generic/G/fear/Ret_O_004e.wav	coop_av_de_fear126	coop_av_de_fear	de	0.97	Rette sich wer kann!			KEEP		
sound/dialogue/Generic/G/fear/Ret_O_005a.wav	coop_av_de_fear127	coop_av_de_fear	de	0.98	Hiergeblieben! Weiterkämpfen!			KEEP		
sound/dialogue/Generic/G/fear/Ret_O_005e.wav	coop_av_de_fear128	coop_av_de_fear	de	0.95	Hier geblieben! Weiter kämpfen!			KEEP		
sound/dialogue/Generic/G/fear/Ret_O_006a.wav	coop_av_de_fear129	coop_av_de_fear	nl	0.33	Freiklinge!			KEEP	low-confidence transcript of a de-pool take; retail nation-specific bark, kept	
sound/dialogue/Generic/G/fear/Ret_O_006e.wav	coop_av_de_fear130	coop_av_de_fear	de	0.55	Feiglinge!			KEEP		
sound/dialogue/Generic/G/fear/Ret_O_006g.wav	coop_av_de_fear131	coop_av_de_fear	en	0.87	FAKING!			KEEP		
sound/dialogue/Generic/G/fear/Ret_O_007a.wav	coop_av_de_fear132	coop_av_de_fear	ar	0.36	زمان!			KEEP	low-confidence transcript of a de-pool take; retail nation-specific bark, kept	
sound/dialogue/Generic/G/fear/Ret_O_007e.wav	coop_av_de_fear133	coop_av_de_fear	fr	0.54	ZAMEL !			KEEP		
sound/dialogue/Generic/G/fear/Ret_O_007g.wav	coop_av_de_fear134	coop_av_de_fear	fr	0.59	SAMIL !			KEEP		
sound/dialogue/Generic/G/fear/Ret_O_009a.wav	coop_av_de_fear135	coop_av_de_fear	de	0.21	MIR NACH MENNA!			KEEP		
sound/dialogue/Generic/G/fear/Ret_O_009e.wav	coop_av_de_fear136	coop_av_de_fear	fr	0.20	MIA NACHE ! MENA !			KEEP	low-confidence transcript of a de-pool take; retail nation-specific bark, kept	
sound/dialogue/Generic/G/fear/Ret_O_009f.wav	coop_av_de_fear137	coop_av_de_fear	de	0.33	Mir nach, Männer!			KEEP		
sound/dialogue/Generic/G/fear/Ret_O_009g.wav	coop_av_de_fear138	coop_av_de_fear	de	0.36	Miedenachmene!			KEEP		
sound/dialogue/Generic/G/fear/Ret_O_010a.wav	coop_av_de_fear139	coop_av_de_fear	de	0.99	Von hier aus kriegen wir ihn nie!			KEEP		
sound/dialogue/Generic/G/fear/Ret_O_010e.wav	coop_av_de_fear140	coop_av_de_fear	de	0.95	Von hier aus kriegen wir ihn nie!			KEEP		
sound/dialogue/Generic/G/fear/den_fear_17d.wav	coop_av_de_fear141	coop_av_de_fear	en	0.59	SADEEE			KEEP		
sound/dialogue/Generic/G/fear/Ret_O_010f.wav	coop_av_de_fear142	coop_av_de_fear	de	0.99	Von hier aus kriegen wir ihn nie!			KEEP		
sound/dialogue/Generic/G/fear/Ret_O_010g.wav	coop_av_de_fear143	coop_av_de_fear	de	0.95	Von hier aus kriegen wir ihn nie!			KEEP		
sound/dialogue/Generic/G/fear/Ret_O_011a.wav	coop_av_de_fear144	coop_av_de_fear	de	0.85	Kratsch, raus da!			KEEP		
sound/dialogue/Generic/G/fear/Ret_O_012a.wav	coop_av_de_fear145	coop_av_de_fear	en	0.47	Here, here, menna!			KEEP		
sound/dialogue/Generic/G/fear/Ret_O_012f.wav	coop_av_de_fear146	coop_av_de_fear	en	0.82	Here I am, Anna!			KEEP		
sound/dialogue/Generic/G/fear/Ret_O_012g.wav	coop_av_de_fear147	coop_av_de_fear	en	0.71	Here, here, manna!			KEEP		
sound/dialogue/Generic/G/fear/Ret_O_013a.wav	coop_av_de_fear148	coop_av_de_fear	sv	0.46	ZIKORÄR TOT!			KEEP	low-confidence transcript of a de-pool take; retail nation-specific bark, kept	
sound/dialogue/Generic/G/fear/Ret_O_013f.wav	coop_av_de_fear149	coop_av_de_fear	hu	0.27	ZIGANATÓT!			KEEP	low-confidence transcript of a de-pool take; retail nation-specific bark, kept	
sound/dialogue/Generic/G/fear/Ret_O_013g.wav	coop_av_de_fear150	coop_av_de_fear	de	0.18	Sieg oder Tod!			KEEP		
sound/dialogue/Generic/G/fear/Ret_O_014f.wav	coop_av_de_fear151	coop_av_de_fear	en	0.26	BYE CHEF A RETA!			KEEP		
sound/dialogue/Generic/G/fear/Ret_O_014g.wav	coop_av_de_fear152	coop_av_de_fear	de	0.28	Deutsche Farida!			KEEP		
sound/dialogue/Generic/G/fear/Grn_001a.wav	coop_av_de_fear153	coop_av_de_fear	de	0.88	Granaten!		"~- ""incoming grenade!"""	KEEP		
sound/dialogue/Generic/G/fear/Grn_001b.wav	coop_av_de_fear154	coop_av_de_fear	de	0.39	Granaten!		"~- ""incoming grenade!"""	KEEP		
sound/dialogue/Generic/G/fear/Grn_001g.wav	coop_av_de_fear155	coop_av_de_fear	ar	0.39	كنابااااااااااااااااااااااا...		"~- ""incoming grenade!"""	KEEP	low-confidence transcript of a de-pool take; retail nation-specific bark, kept	
sound/dialogue/Generic/G/fear/Grn_007a.wav	coop_av_de_fear156	coop_av_de_fear	de	0.33	Schnell weg!		"~- ""incoming grenade!"""	KEEP		
sound/dialogue/Generic/G/fear/Grn_007b.wav	coop_av_de_fear157	coop_av_de_fear	ar	0.36	شنالبك		"~- ""incoming grenade!"""	KEEP	low-confidence transcript of a de-pool take; retail nation-specific bark, kept	
sound/dialogue/Generic/G/fear/Grn_007e.wav	coop_av_de_fear158	coop_av_de_fear	de	0.28	Schnell weg!		"~- ""incoming grenade!"""	KEEP		
sound/dialogue/Generic/G/fear/Grn_007g.wav	coop_av_de_fear159	coop_av_de_fear	en	0.36	SHNAME!		"~- ""incoming grenade!"""	KEEP		
sound/dialogue/Generic/G/fear/Grn_001a.wav	coop_av_de_fear160	coop_av_de_fear	de	0.88	Granaten!		"~- ""incoming grenade!"""	KEEP		
sound/dialogue/Generic/G/fear/Grn_001b.wav	coop_av_de_fear161	coop_av_de_fear	de	0.39	Granaten!		"~- ""incoming grenade!"""	KEEP		
sound/dialogue/Generic/G/fear/Grn_001g.wav	coop_av_de_fear162	coop_av_de_fear	ar	0.39	كنابااااااااااااااااااااااا...		"~- ""incoming grenade!"""	KEEP	low-confidence transcript of a de-pool take; retail nation-specific bark, kept	
sound/dialogue/Generic/G/fear/Grn_007a.wav	coop_av_de_fear163	coop_av_de_fear	de	0.33	Schnell weg!		"~- ""incoming grenade!"""	KEEP		
sound/dialogue/Generic/G/fear/Grn_007b.wav	coop_av_de_fear164	coop_av_de_fear	ar	0.36	شنالبك		"~- ""incoming grenade!"""	KEEP	low-confidence transcript of a de-pool take; retail nation-specific bark, kept	
sound/dialogue/Generic/G/fear/Grn_007e.wav	coop_av_de_fear165	coop_av_de_fear	de	0.28	Schnell weg!		"~- ""incoming grenade!"""	KEEP		
sound/dialogue/Generic/G/fear/Grn_007g.wav	coop_av_de_fear166	coop_av_de_fear	en	0.36	SHNAME!		"~- ""incoming grenade!"""	KEEP		
sound/dialogue/Generic/G/disguise/den_disguise_037a.wav	coop_av_de_handsup1	coop_av_de_handsup	en	0.52	HENDERHOL!		Hands Up! | Hands up!	KEEP		
sound/dialogue/Generic/G/disguise/den_disguise_037b.wav	coop_av_de_handsup2	coop_av_de_handsup	en	0.43	HENDERHORN!		Hands Up! | Hands up!	KEEP		
sound/dialogue/Generic/G/disguise/den_disguise_037f.wav	coop_av_de_handsup3	coop_av_de_handsup	en	0.95	HENDERHOL!		Hands Up! | Hands up!	KEEP		
sound/dialogue/global/IT/DENIT_global_IS7102xm01.mp3	coop_av_it_attack1	coop_av_it_attack	fr	0.40	Respondez-t-elle foie, encore !		~Return fire!	KEEP	low-confidence transcript of a it-pool take; retail nation-specific bark, kept	
sound/dialogue/global/IT/DENIT_global_IS7102xm02.mp3	coop_av_it_attack2	coop_av_it_attack	it	0.97	rispondete il fuoco!		~Return fire!	KEEP		
sound/dialogue/global/IT/DENIT_global_IS7102xm03.mp3	coop_av_it_attack3	coop_av_it_attack	it	0.79	Rispondite al fuoco!		~Return fire!	KEEP		
sound/dialogue/global/IT/DENIT_global_IS7202xn01.mp3	coop_av_it_attack4	coop_av_it_attack	it	0.91	Rispondete al fuoco!		~Return fire!	KEEP		
sound/dialogue/global/IT/DENIT_global_IS7202xn03.mp3	coop_av_it_attack5	coop_av_it_attack	it	0.98	rispondete al fuoco!		~Return fire!	KEEP		
sound/dialogue/global/IT/DENIT_global_IS7103xm01.mp3	coop_av_it_attack6	coop_av_it_attack	it	0.95	UN IMPOSCATA!		~Ambush!	KEEP		
sound/dialogue/global/IT/DENIT_global_IS7103xm02.mp3	coop_av_it_attack7	coop_av_it_attack	it	0.88	UN INBOSCATA!		~Ambush!	KEEP		
sound/dialogue/global/IT/DENIT_global_IS7103xm03.mp3	coop_av_it_attack8	coop_av_it_attack	it	0.87	Un'imposcata!		~Ambush!	KEEP		
sound/dialogue/global/IT/DENIT_global_IS7203xn01.mp3	coop_av_it_attack9	coop_av_it_attack	it	0.22	IN BOSCATA!		~Ambush!	KEEP		
sound/dialogue/global/IT/DENIT_global_IS7203xn02.mp3	coop_av_it_attack10	coop_av_it_attack	it	0.73	IMPOSCATA!		~Ambush!	KEEP		
sound/dialogue/global/IT/DENIT_global_IS7203xn04.mp3	coop_av_it_attack11	coop_av_it_attack	it	0.55	UN INBOSCATA!		~Ambush!	KEEP		
sound/dialogue/global/IT/DENIT_global_IS7203xn06.mp3	coop_av_it_attack12	coop_av_it_attack	it	0.92	UNIN BOSCATA!		~Ambush!	KEEP		
sound/dialogue/global/IT/DENIT_global_IS7104xm01.mp3	coop_av_it_attack13	coop_av_it_attack	it	0.97	Sono davunque!		~They're everywhere!	KEEP		
sound/dialogue/global/IT/DENIT_global_IS7104xm02.mp3	coop_av_it_attack14	coop_av_it_attack	ru	0.17	САРАДО ВОУУУУУУУУУУ! КУЭ!		~They're everywhere!	KEEP		
sound/dialogue/global/IT/DENIT_global_IS7104xm03.mp3	coop_av_it_attack15	coop_av_it_attack	fr	0.27	Salut d'avance !		~They're everywhere!	KEEP	low-confidence transcript of a it-pool take; retail nation-specific bark, kept	
sound/dialogue/global/IT/DENIT_global_IS7204xn01.mp3	coop_av_it_attack16	coop_av_it_attack	it	0.65	SONO DOVUNQUE!		~They're everywhere!	KEEP		
sound/dialogue/global/IT/DENIT_global_IS7204xn03.mp3	coop_av_it_attack17	coop_av_it_attack	it	0.58	Salute ovunque!		~They're everywhere!	KEEP		
sound/dialogue/global/IT/DENIT_global_IS7105xm01.mp3	coop_av_it_attack18	coop_av_it_attack	it	0.47	E' con ora!		~There he is!	KEEP		
sound/dialogue/global/IT/DENIT_global_IS7105xm02.mp3	coop_av_it_attack19	coop_av_it_attack	es	0.45	¡Ecorrola!		~There he is!	KEEP	low-confidence transcript of a it-pool take; retail nation-specific bark, kept	
sound/dialogue/global/IT/DENIT_global_IS7105xm03.mp3	coop_av_it_attack20	coop_av_it_attack	it	0.59	Eccolo là!		~There he is!	KEEP		
sound/dialogue/global/IT/DENIT_global_IS7205xn01.mp3	coop_av_it_attack21	coop_av_it_attack	it	0.75	Eccolo là!		~There he is!	KEEP		
sound/dialogue/global/IT/DENIT_global_IS7205xn03.mp3	coop_av_it_attack22	coop_av_it_attack	es	0.19	¡Escolola!		~There he is!	KEEP	low-confidence transcript of a it-pool take; retail nation-specific bark, kept	
sound/dialogue/global/IT/DENIT_global_IS7106xm06.mp3	coop_av_it_attack23	coop_av_it_attack	es	0.73	¡Pero un pelo!		~That was close.	KEEP		
sound/dialogue/global/IT/DENIT_global_IS7106xm11.mp3	coop_av_it_attack24	coop_av_it_attack	it	0.56	PER UN SOFIO!		~That was close.	KEEP		
sound/dialogue/global/IT/DENIT_global_IS7206xn05.mp3	coop_av_it_attack25	coop_av_it_attack	pt	0.50	PERO UM SOFIO!		~That was close.	KEEP		
sound/dialogue/global/IT/DENIT_global_IS7206xn06.mp3	coop_av_it_attack26	coop_av_it_attack	es	0.69	¡Pero un pelo!		~That was close.	KEEP		
sound/dialogue/global/IT/DENIT_global_IS7107xm01.mp3	coop_av_it_attack27	coop_av_it_attack	it	0.98	lì davanti!		~Up ahead!	KEEP		
sound/dialogue/global/IT/DENIT_global_IS7107xm02.mp3	coop_av_it_attack28	coop_av_it_attack	it	0.98	lì davanti!		~Up ahead!	KEEP		
sound/dialogue/global/IT/DENIT_global_IS7107xm03.mp3	coop_av_it_attack29	coop_av_it_attack	it	0.96	lì davanti!		~Up ahead!	KEEP		
sound/dialogue/global/IT/DENIT_global_IS7207xn01.mp3	coop_av_it_attack30	coop_av_it_attack	it	0.91	lì davanti!		~Up ahead!	KEEP		
sound/dialogue/global/IT/DENIT_global_IS7207xn02.mp3	coop_av_it_attack31	coop_av_it_attack	it	0.93	Lì davanti!		~Up ahead!	KEEP		
sound/dialogue/global/IT/DENIT_global_IS7108xm01.mp3	coop_av_it_attack32	coop_av_it_attack	es	0.63	¡DIETRO DE NOY!		~Behind us!	KEEP		
sound/dialogue/global/IT/DENIT_global_IS7108xm02.mp3	coop_av_it_attack33	coop_av_it_attack	it	0.71	dietro di noi!		~Behind us!	KEEP		
sound/dialogue/global/IT/DENIT_global_IS7108xm03.mp3	coop_av_it_attack34	coop_av_it_attack	it	0.98	DIETRO DI NOI!		~Behind us!	KEEP		
sound/dialogue/global/IT/DENIT_global_IS7208xn01.mp3	coop_av_it_attack35	coop_av_it_attack	it	0.97	dietro di noi!		~Behind us!	KEEP		
sound/dialogue/global/IT/DENIT_global_IS7208xn02.mp3	coop_av_it_attack36	coop_av_it_attack	it	0.44	dietro di noi!		~Behind us!	KEEP		
sound/dialogue/global/IT/DENIT_global_IS7208xn03.mp3	coop_av_it_attack37	coop_av_it_attack	it	0.83	dietro di noi!		~Behind us!	KEEP		
sound/dialogue/global/IT/DENIT_global_IS7109xm01.mp3	coop_av_it_attack38	coop_av_it_attack	it	0.87	combatti soldato		~Fight soldier!	KEEP		
sound/dialogue/global/IT/DENIT_global_IS7109xm02.mp3	coop_av_it_attack39	coop_av_it_attack	it	0.97	COMBATTI SOLDATO!		~Fight soldier!	KEEP		
sound/dialogue/global/IT/DENIT_global_IS7109xm03.mp3	coop_av_it_attack40	coop_av_it_attack	it	0.94	COMBATTI, SOLDATO!		~Fight soldier!	KEEP		
sound/dialogue/global/IT/DENIT_global_IS7109xm04.mp3	coop_av_it_attack41	coop_av_it_attack	it	0.90	COMBATTI SOLDATO!		~Fight soldier!	KEEP		
sound/dialogue/global/IT/DENIT_global_IS7209xn01.mp3	coop_av_it_attack42	coop_av_it_attack	it	0.89	combatti soldato		~Fight soldier!	KEEP		
sound/dialogue/global/IT/DENIT_global_IS7209xn02.mp3	coop_av_it_attack43	coop_av_it_attack	it	0.92	COMBATTI SOLDATO!		~Fight soldier!	KEEP		
sound/dialogue/global/IT/DENIT_global_IS7110xm01.mp3	coop_av_it_attack44	coop_av_it_attack	it	0.97	Cos'è stato?		~What was that?	KEEP		
sound/dialogue/global/IT/DENIT_global_IS7110xm02.mp3	coop_av_it_attack45	coop_av_it_attack	it	0.98	Cos'è stato?		~What was that?	KEEP		
sound/dialogue/global/IT/DENIT_global_IS7110xm03.mp3	coop_av_it_attack46	coop_av_it_attack	it	1.00	Cosa è stato?		~What was that?	CUT	not an attack bark (greeting/thanks/curious/grenade) - misfiled by the meaning-comment classifier	
sound/dialogue/global/IT/DENIT_global_IS7210xn01.mp3	coop_av_it_attack47	coop_av_it_attack	it	0.94	Cosa è stato?		~What was that?	CUT	not an attack bark (greeting/thanks/curious/grenade) - misfiled by the meaning-comment classifier	
sound/dialogue/global/IT/DENIT_global_IS7210xn04.mp3	coop_av_it_attack48	coop_av_it_attack	it	0.99	Cosa è stato?		~What was that?	CUT	not an attack bark (greeting/thanks/curious/grenade) - misfiled by the meaning-comment classifier	
sound/dialogue/global/IT/DENIT_global_IS7210xn06.mp3	coop_av_it_attack49	coop_av_it_attack	es	0.96	¡Cos estátuo!		~What was that?	KEEP		
sound/dialogue/global/IT/DENIT_global_IS7210xn08.mp3	coop_av_it_attack50	coop_av_it_attack	it	0.98	Cosa è stato?		~What was that?	CUT	not an attack bark (greeting/thanks/curious/grenade) - misfiled by the meaning-comment classifier	
sound/dialogue/global/IT/DENIT_global_IS7111xm01.mp3	coop_av_it_attack51	coop_av_it_attack	ja	0.53	アユウト!		~Help!	KEEP		
sound/dialogue/global/IT/DENIT_global_IS7111xm02.mp3	coop_av_it_attack52	coop_av_it_attack	it	0.44	Aiuto!		~Help!	CUT	not an attack bark (greeting/thanks/curious/grenade) - misfiled by the meaning-comment classifier	
sound/dialogue/global/IT/DENIT_global_IS7211xn01.mp3	coop_av_it_attack53	coop_av_it_attack	es	0.62	¡Ayuto!		~Help!	KEEP		
sound/dialogue/global/IT/DENIT_global_IS7211xn02.mp3	coop_av_it_attack54	coop_av_it_attack	es	0.73	¡Ayuto!		~Help!	KEEP		
sound/dialogue/global/IT/DENIT_global_IS7211xn05.mp3	coop_av_it_attack55	coop_av_it_attack	ja	0.78	アイオット!		~Help!	KEEP		
sound/dialogue/global/IT/DENIT_global_IS7112xm01.mp3	coop_av_it_attack56	coop_av_it_attack	fr	0.27	SONU QUI !		~I'm here!	KEEP	low-confidence transcript of a it-pool take; retail nation-specific bark, kept	
sound/dialogue/global/IT/DENIT_global_IS7112xm03.mp3	coop_av_it_attack57	coop_av_it_attack	en	0.34	SON OF QUEEN!		~I'm here!	KEEP		
sound/dialogue/global/IT/DENIT_global_IS7212xn01.mp3	coop_av_it_attack58	coop_av_it_attack	ja	0.38	そろこい!		~I'm here!	KEEP	low-confidence transcript of a it-pool take; retail nation-specific bark, kept	
sound/dialogue/global/IT/DENIT_global_IS7212xn02.mp3	coop_av_it_attack59	coop_av_it_attack	it	0.48	EI! SONO QUI!		~I'm here!	KEEP		
sound/dialogue/global/IT/DENIT_global_IS7212xn03.mp3	coop_av_it_attack60	coop_av_it_attack	ja	0.24	ソロクイー!		~I'm here!	KEEP	low-confidence transcript of a it-pool take; retail nation-specific bark, kept	
sound/dialogue/global/IT/DENIT_global_IS7113xm01.mp3	coop_av_it_attack61	coop_av_it_attack	fr	0.40	C'est tout !		~Is that you?	KEEP	low-confidence transcript of a it-pool take; retail nation-specific bark, kept	
sound/dialogue/global/IT/DENIT_global_IS7113xm02.mp3	coop_av_it_attack62	coop_av_it_attack	fr	0.37	C'EST TOUT !		~Is that you?	KEEP	low-confidence transcript of a it-pool take; retail nation-specific bark, kept	
sound/dialogue/global/IT/DENIT_global_IS7113xm03.mp3	coop_av_it_attack63	coop_av_it_attack	fr	0.40	C'EST TOUT !		~Is that you?	KEEP	low-confidence transcript of a it-pool take; retail nation-specific bark, kept	
sound/dialogue/global/IT/DENIT_global_IS7213xn01.mp3	coop_av_it_attack64	coop_av_it_attack	fr	0.71	C'est tout !		~Is that you?	KEEP		
sound/dialogue/global/IT/DENIT_global_IS7213xn03.mp3	coop_av_it_attack65	coop_av_it_attack	fr	0.76	C'est tout !		~Is that you?	KEEP		
sound/dialogue/global/IT/DENIT_global_IS7213xn04.mp3	coop_av_it_attack66	coop_av_it_attack	fr	0.54	C'est tout !		~Is that you?	KEEP		
sound/dialogue/global/IT/DENIT_global_IS7213xn06.mp3	coop_av_it_attack67	coop_av_it_attack	fr	0.80	C'est trop !		~Is that you?	KEEP		
sound/dialogue/global/IT/DENIT_global_IS7114xm01.mp3	coop_av_it_attack68	coop_av_it_attack	it	0.63	CI ATTACCANO!			KEEP		
sound/dialogue/global/IT/DENIT_global_IS7114xm02.mp3	coop_av_it_attack69	coop_av_it_attack	it	0.81	CI ATTACANO!			KEEP		
sound/dialogue/global/IT/DENIT_global_IS7114xm03.mp3	coop_av_it_attack70	coop_av_it_attack	fr	0.16	J'ATTACANON !			KEEP	low-confidence transcript of a it-pool take; retail nation-specific bark, kept	
sound/dialogue/global/IT/DENIT_global_IS7214xn01.mp3	coop_av_it_attack71	coop_av_it_attack	ja	0.82	じゃったっかの!			KEEP		
sound/dialogue/global/IT/DENIT_global_IS7214xn02.mp3	coop_av_it_attack72	coop_av_it_attack	ja	0.60	キャッタッカロー!			KEEP		
sound/dialogue/global/IT/DENIT_global_IS7214xn05.mp3	coop_av_it_attack73	coop_av_it_attack	es	0.33	¡Qué atacano!			KEEP	low-confidence transcript of a it-pool take; retail nation-specific bark, kept	
sound/dialogue/global/IT/DENIT_global_IS7101xm01.mp3	coop_av_it_backup1	coop_av_it_backup	it	1.00	Da quella parte!		~Over here!	KEEP		
sound/dialogue/global/IT/DENIT_global_IS7101xm02.mp3	coop_av_it_backup2	coop_av_it_backup	it	0.99	Da quella parte!		~Over here!	KEEP		
sound/dialogue/global/IT/DENIT_global_IS7101xm03.mp3	coop_av_it_backup3	coop_av_it_backup	it	0.99	da quella parte		~Over here!	KEEP		
sound/dialogue/global/IT/DENIT_global_IS7201xn01.mp3	coop_av_it_backup4	coop_av_it_backup	it	0.99	DA QUESTA PARTE!		~Over here!	KEEP		
sound/dialogue/global/IT/DENIT_global_IS7201xn02.mp3	coop_av_it_backup5	coop_av_it_backup	it	0.99	D'A QUESTA PARTE!		~Over here!	KEEP		
sound/dialogue/global/IT/DENIT_global_IS7201xn03.mp3	coop_av_it_backup6	coop_av_it_backup	it	0.99	TA QUESTA PARTE		~Over here!	KEEP		
sound/dialogue/global/UK/DFRUK_global_BS5002xj01.mp3	coop_av_uk_attack1	coop_av_uk_attack	en	0.90	RETURN FOR-		~Return fire!	KEEP		
sound/dialogue/global/UK/DFRUK_global_BS5002xj02.mp3	coop_av_uk_attack2	coop_av_uk_attack	en	0.92	RETURN FIRE!		~Return fire!	KEEP		
sound/dialogue/global/UK/DFRUK_global_BS5002xj03.mp3	coop_av_uk_attack3	coop_av_uk_attack	en	0.98	RETURN FILE!		~Return fire!	KEEP		
sound/dialogue/global/UK/DFRUK_global_BS5003xj03.mp3	coop_av_uk_attack4	coop_av_uk_attack	fr	0.31	Abonnez-vous !		~Ambush!	KEEP	low-confidence transcript of a uk-pool take; retail nation-specific bark, kept	
sound/dialogue/global/UK/DFRUK_global_BS5003xj04.mp3	coop_av_uk_attack5	coop_av_uk_attack	en	0.42	HANBUSH!		~Ambush!	KEEP		
sound/dialogue/global/UK/DFRUK_global_BS5004xj02.mp3	coop_av_uk_attack6	coop_av_uk_attack	en	0.98	They're everywhere!		~They're everywhere!	KEEP		
sound/dialogue/global/UK/DFRUK_global_BS5005xj02.mp3	coop_av_uk_attack7	coop_av_uk_attack	en	0.96	THERE HE IS!		~There he is.	KEEP		
sound/dialogue/global/UK/DFRUK_global_BS5005xj03.mp3	coop_av_uk_attack8	coop_av_uk_attack	en	0.97	There he is!		~There he is.	KEEP		
sound/dialogue/global/UK/DFRUK_global_BS5006xj01.mp3	coop_av_uk_attack9	coop_av_uk_attack	en	0.99	That was close!		~That was close.	KEEP		
sound/dialogue/global/UK/DFRUK_global_BS5006xj03.mp3	coop_av_uk_attack10	coop_av_uk_attack	en	0.98	That was close!		~That was close.	KEEP		
sound/dialogue/global/UK/DFRUK_global_BS5007xj01.mp3	coop_av_uk_attack11	coop_av_uk_attack	en	0.70	HAPPY HEAD!		~Up ahead!	KEEP		
sound/dialogue/global/UK/DFRUK_global_BS5007xj02.mp3	coop_av_uk_attack12	coop_av_uk_attack	en	0.97	UP AHEAD!		~Up ahead!	KEEP		
sound/dialogue/global/UK/DFRUK_global_BS5007xj03.mp3	coop_av_uk_attack13	coop_av_uk_attack	en	0.94	UP AHEAD!		~Up ahead!	KEEP		
sound/dialogue/global/UK/DFRUK_global_BS5008xj01.mp3	coop_av_uk_attack14	coop_av_uk_attack	en	0.77	BEHIND US!		~Behind us!	KEEP		
sound/dialogue/global/UK/DFRUK_global_BS5008xj02.mp3	coop_av_uk_attack15	coop_av_uk_attack	en	0.69	BEHIND US!		~Behind us!	KEEP		
sound/dialogue/global/UK/DFRUK_global_BS5008xj03.mp3	coop_av_uk_attack16	coop_av_uk_attack	en	0.70	BEHIND US!		~Behind us!	KEEP		
sound/dialogue/global/UK/DFRUK_global_BS5009xj01.mp3	coop_av_uk_attack17	coop_av_uk_attack	en	0.96	Fight, soldier!		~Fight soldier!	KEEP		
sound/dialogue/global/UK/DFRUK_global_BS5010xj01.mp3	coop_av_uk_attack18	coop_av_uk_attack	en	0.93	What was that?		~What was that?	CUT	not an attack bark (greeting/thanks/curious/grenade) - misfiled by the meaning-comment classifier	
sound/dialogue/global/UK/DFRUK_global_BS5010xj02.mp3	coop_av_uk_attack19	coop_av_uk_attack	en	0.30	BUBBLEDOT!		~What was that?	KEEP		
sound/dialogue/global/UK/DFRUK_global_BS5010xj03.mp3	coop_av_uk_attack20	coop_av_uk_attack	en	0.76	What was that?		~What was that?	CUT	not an attack bark (greeting/thanks/curious/grenade) - misfiled by the meaning-comment classifier	
sound/dialogue/global/UK/DFRUK_global_BS5010xj05.mp3	coop_av_uk_attack21	coop_av_uk_attack	ja	0.66	オーバーザー!		~What was that?	KEEP		
sound/dialogue/global/UK/DFRUK_global_BS5010xj06.mp3	coop_av_uk_attack22	coop_av_uk_attack	en	0.93	What was that?		~What was that?	CUT	not an attack bark (greeting/thanks/curious/grenade) - misfiled by the meaning-comment classifier	
sound/dialogue/global/UK/DFRUK_global_BS5011xj01.mp3	coop_av_uk_attack23	coop_av_uk_attack	en	0.93	HOPE		~Help!	CUT	not an attack bark (greeting/thanks/curious/grenade) - misfiled by the meaning-comment classifier	
sound/dialogue/global/UK/DFRUK_global_BS5011xj02.mp3	coop_av_uk_attack24	coop_av_uk_attack	en	0.93	HELP!		~Help!	CUT	not an attack bark (greeting/thanks/curious/grenade) - misfiled by the meaning-comment classifier	
sound/dialogue/global/UK/DFRUK_global_BS5011xj03.mp3	coop_av_uk_attack25	coop_av_uk_attack	en	0.97	HELP!		~Help!	CUT	not an attack bark (greeting/thanks/curious/grenade) - misfiled by the meaning-comment classifier	
sound/dialogue/global/UK/DFRUK_global_BS5011xj04.mp3	coop_av_uk_attack26	coop_av_uk_attack	en	0.93	HELP!		~Help!	CUT	not an attack bark (greeting/thanks/curious/grenade) - misfiled by the meaning-comment classifier	
sound/dialogue/global/UK/DFRUK_global_BS5012xj01.mp3	coop_av_uk_attack27	coop_av_uk_attack	en	0.89	HELLO!		~Hello!	CUT	not an attack bark (greeting/thanks/curious/grenade) - misfiled by the meaning-comment classifier	
sound/dialogue/global/UK/DFRUK_global_BS5012xj03.mp3	coop_av_uk_attack28	coop_av_uk_attack	en	0.72	Hello!		~Hello!	CUT	not an attack bark (greeting/thanks/curious/grenade) - misfiled by the meaning-comment classifier	
sound/dialogue/global/UK/DFRUK_global_BS5012xj04.mp3	coop_av_uk_attack29	coop_av_uk_attack	en	0.85	Hello?		~Hello!	CUT	not an attack bark (greeting/thanks/curious/grenade) - misfiled by the meaning-comment classifier	
sound/dialogue/global/UK/DFRUK_global_BS5012xj05.mp3	coop_av_uk_attack30	coop_av_uk_attack	en	0.95	Hello!		~Hello!	CUT	not an attack bark (greeting/thanks/curious/grenade) - misfiled by the meaning-comment classifier	
sound/dialogue/global/UK/DFRUK_global_BS5013xj01.mp3	coop_av_uk_attack31	coop_av_uk_attack	en	0.93	Hello?		~Hello?	CUT	not an attack bark (greeting/thanks/curious/grenade) - misfiled by the meaning-comment classifier	
sound/dialogue/global/UK/DFRUK_global_BS5013xj02.mp3	coop_av_uk_attack32	coop_av_uk_attack	en	0.94	Hello?		~Hello?	CUT	not an attack bark (greeting/thanks/curious/grenade) - misfiled by the meaning-comment classifier	
sound/dialogue/global/UK/DFRUK_global_BS5013xj03.mp3	coop_av_uk_attack33	coop_av_uk_attack	en	0.86	Hello?		~Hello?	CUT	not an attack bark (greeting/thanks/curious/grenade) - misfiled by the meaning-comment classifier	
sound/dialogue/global/UK/DFRUK_global_BS5014xj02.mp3	coop_av_uk_attack34	coop_av_uk_attack	en	0.84	IN COMING!		~Incoming!	CUT	not an attack bark (greeting/thanks/curious/grenade) - misfiled by the meaning-comment classifier	
sound/dialogue/global/UK/DFRUK_global_BS5014xj04.mp3	coop_av_uk_attack35	coop_av_uk_attack	en	0.92	AND COMING!		~Incoming!	KEEP		
sound/dialogue/global/UK/DFRUK_global_BS5019xj03.mp3	coop_av_uk_attack36	coop_av_uk_attack	en	0.95	Thanks!		~Thanks!	CUT	not an attack bark (greeting/thanks/curious/grenade) - misfiled by the meaning-comment classifier	
sound/dialogue/global/UK/DFRUK_alert_TS3651xh01.mp3	coop_av_uk_attack37	coop_av_uk_attack	en	0.99	Thanks!		~Thanks!	CUT	not an attack bark (greeting/thanks/curious/grenade) - misfiled by the meaning-comment classifier	
sound/dialogue/global/UK/DFRUK_alert_TS3651xh02.mp3	coop_av_uk_attack38	coop_av_uk_attack	en	0.98	Thanks!		~Thanks!	CUT	not an attack bark (greeting/thanks/curious/grenade) - misfiled by the meaning-comment classifier	
sound/dialogue/global/UK/DFRUK_alert_TS3651xh03.mp3	coop_av_uk_attack39	coop_av_uk_attack	en	0.99	Thanks!		~Thanks!	CUT	not an attack bark (greeting/thanks/curious/grenade) - misfiled by the meaning-comment classifier	
sound/dialogue/global/UK/DFRUK_alert_DW3451xe01.mp3	coop_av_uk_attack40	coop_av_uk_attack	en	0.95	Thanks!		~Thanks!	CUT	not an attack bark (greeting/thanks/curious/grenade) - misfiled by the meaning-comment classifier	
sound/dialogue/global/UK/DFRUK_alert_DW3451xe02.mp3	coop_av_uk_attack41	coop_av_uk_attack	en	0.95	Thanks!		~Thanks!	CUT	not an attack bark (greeting/thanks/curious/grenade) - misfiled by the meaning-comment classifier	
sound/dialogue/global/UK/DFRUK_global_BS5021xj01.mp3	coop_av_uk_attack42	coop_av_uk_attack	en	0.81	To the left!		~To the left!	KEEP		
sound/dialogue/global/UK/DFRUK_global_BS5021xj02.mp3	coop_av_uk_attack43	coop_av_uk_attack	en	0.87	To the left!		~To the left!	KEEP		
sound/dialogue/global/UK/DFRUK_global_BS5021xj03.mp3	coop_av_uk_attack44	coop_av_uk_attack	en	0.89	To the left!		~To the left!	KEEP		
sound/dialogue/global/UK/DFRUK_alert_DW3453xe01.mp3	coop_av_uk_attack45	coop_av_uk_attack	zh	0.78	真的啦		~To the left!	KEEP		
sound/dialogue/global/UK/DFRUK_alert_DW3453xe02.mp3	coop_av_uk_attack46	coop_av_uk_attack	zh	0.93	吃豆腐		~To the left!	KEEP		
sound/dialogue/global/UK/DFRUK_alert_TS3653xh01.mp3	coop_av_uk_attack47	coop_av_uk_attack	en	0.63	To the left!		~To the left!	KEEP		
sound/dialogue/global/UK/DFRUK_alert_TS3653xh02.mp3	coop_av_uk_attack48	coop_av_uk_attack	en	0.97	To the left!		~To the left!	KEEP		
sound/dialogue/global/UK/DFRUK_alert_TS3653xh03.mp3	coop_av_uk_attack49	coop_av_uk_attack	en	0.26	To the left!		~To the left!	KEEP		
sound/dialogue/global/UK/DFRUK_global_BS5022xj01.mp3	coop_av_uk_attack50	coop_av_uk_attack	en	0.98	To the right!		~To the right!	KEEP		
sound/dialogue/global/UK/DFRUK_global_BS5022xj02.mp3	coop_av_uk_attack51	coop_av_uk_attack	en	0.92	To the right!		~To the right!	KEEP		
sound/dialogue/global/UK/DFRUK_alert_DW3454xe01.mp3	coop_av_uk_attack52	coop_av_uk_attack	en	0.96	To the right!		~To the right!	KEEP		
sound/dialogue/global/UK/DFRUK_alert_DW3454xe02.mp3	coop_av_uk_attack53	coop_av_uk_attack	en	0.97	To the right!		~To the right!	KEEP		
sound/dialogue/global/UK/DFRUK_alert_DW3454xe03.mp3	coop_av_uk_attack54	coop_av_uk_attack	en	0.95	To the right!		~To the right!	KEEP		
sound/dialogue/global/UK/DFRUK_alert_TS3654xh01.mp3	coop_av_uk_attack55	coop_av_uk_attack	en	0.99	To the right!		~To the right!	KEEP		
sound/dialogue/global/UK/DFRUK_alert_TS3654xh02.mp3	coop_av_uk_attack56	coop_av_uk_attack	en	0.98	To the right!		~To the right!	KEEP		
sound/dialogue/global/UK/DFRUK_alert_TS3654xh03.mp3	coop_av_uk_attack57	coop_av_uk_attack	en	0.98	To the right!		~To the right!	KEEP		
sound/dialogue/global/UK/DFRUK_global_BS5023xj01.mp3	coop_av_uk_attack58	coop_av_uk_attack	en	0.91	Thank you!		~Behind you!	CUT	not an attack bark (greeting/thanks/curious/grenade) - misfiled by the meaning-comment classifier	
sound/dialogue/global/UK/DFRUK_global_BS5023xj02.mp3	coop_av_uk_attack59	coop_av_uk_attack	en	0.94	Behind you!		~Behind you!	KEEP		
sound/dialogue/global/UK/DFRUK_alert_DW3455xe01.mp3	coop_av_uk_attack60	coop_av_uk_attack	en	0.85	BEHIND YOU!		~Behind you!	KEEP		
sound/dialogue/global/UK/DFRUK_alert_DW3455xe03.mp3	coop_av_uk_attack61	coop_av_uk_attack	en	0.98	Behind you!		~Behind you!	KEEP		
sound/dialogue/global/UK/DFRUK_alert_TS3655xh01.mp3	coop_av_uk_attack62	coop_av_uk_attack	en	0.99	BEYOND YOU!		~Behind you!	KEEP		
sound/dialogue/global/UK/DFRUK_alert_TS3655xh02.mp3	coop_av_uk_attack63	coop_av_uk_attack	en	0.98	BEYOND YOU!		~Behind you!	KEEP		
sound/dialogue/global/UK/DFRUK_global_BS5024xj01.mp3	coop_av_uk_attack64	coop_av_uk_attack	en	0.92	GERMAN'S DEADHEAD!		~Germans.  Dead ahead.	KEEP		
sound/dialogue/global/UK/DFRUK_global_BS5024xj03.mp3	coop_av_uk_attack65	coop_av_uk_attack	en	0.91	JOURNALS, GET AHEAD!		~Germans.  Dead ahead.	KEEP		
sound/dialogue/global/UK/DFRUK_alert_DW3456xe01.mp3	coop_av_uk_attack66	coop_av_uk_attack	en	0.93	Germans dead ahead		~Germans.  Dead ahead.	KEEP		
sound/dialogue/global/UK/DFRUK_alert_DW3456xe02.mp3	coop_av_uk_attack67	coop_av_uk_attack	en	0.92	Germans, get ahead!		~Germans.  Dead ahead.	KEEP		
sound/dialogue/global/UK/DFRUK_alert_DW3456xe03.mp3	coop_av_uk_attack68	coop_av_uk_attack	en	0.97	Germans, get ahead!		~Germans.  Dead ahead.	KEEP		
sound/dialogue/global/UK/DFRUK_alert_TS3656xh01.mp3	coop_av_uk_attack69	coop_av_uk_attack	en	0.80	Germans today		~Germans.  Dead ahead.	KEEP		
sound/dialogue/global/UK/DFRUK_alert_TS3656xh02.mp3	coop_av_uk_attack70	coop_av_uk_attack	en	0.75	GERMANS! DE-DE-DE-DE-DE-DE!		~Germans.  Dead ahead.	KEEP		
sound/dialogue/global/UK/DFRUK_global_BS5025xj01.mp3	coop_av_uk_attack71	coop_av_uk_attack	en	0.97	Good to see you, Sergeant!		~Good to see you Sergeant!	CUT	addresses a rank (story/briefing tone)	
sound/dialogue/global/UK/DFRUK_global_BS5025xj02.mp3	coop_av_uk_attack72	coop_av_uk_attack	en	0.99	Good to see you, Sergeant!		~Good to see you Sergeant!	CUT	addresses a rank (story/briefing tone)	
sound/dialogue/global/UK/DFRUK_alert_DW3457xe01.mp3	coop_av_uk_attack73	coop_av_uk_attack	en	0.43	Good to see you sergeant.		~Good to see you Sergeant!	CUT	addresses a rank (story/briefing tone)	
sound/dialogue/global/UK/DFRUK_alert_DW3457xe02.mp3	coop_av_uk_attack74	coop_av_uk_attack	en	0.98	Good to see you, Sergeant!		~Good to see you Sergeant!	CUT	addresses a rank (story/briefing tone)	
sound/dialogue/global/UK/DFRUK_alert_DW3457xe03.mp3	coop_av_uk_attack75	coop_av_uk_attack	en	0.95	Good to see you, Sergeant!		~Good to see you Sergeant!	CUT	addresses a rank (story/briefing tone)	
sound/dialogue/global/UK/DFRUK_alert_TS3657xh01.mp3	coop_av_uk_attack76	coop_av_uk_attack	en	0.99	Good to see you, Sergeant!		~Good to see you Sergeant!	CUT	addresses a rank (story/briefing tone)	
sound/dialogue/global/UK/DFRUK_alert_TS3657xh02.mp3	coop_av_uk_attack77	coop_av_uk_attack	en	0.98	Good to see you, Sergeant!		~Good to see you Sergeant!	CUT	addresses a rank (story/briefing tone)	
sound/dialogue/global/UK/DFRUK_alert_TS3657xh03.mp3	coop_av_uk_attack78	coop_av_uk_attack	en	0.96	Good to see you, Sergeant!		~Good to see you Sergeant!	CUT	addresses a rank (story/briefing tone)	
sound/dialogue/global/UK/DFRUK_global_BS5026xj01.mp3	coop_av_uk_attack79	coop_av_uk_attack	en	0.97	Let's get out of here!		~Let's get out of here!	KEEP		
sound/dialogue/global/UK/DFRUK_alert_DW3458xe01.mp3	coop_av_uk_attack80	coop_av_uk_attack	en	0.97	Let's get out of here!		~Let's get out of here!	KEEP		
sound/dialogue/global/UK/DFRUK_alert_DW3458xe02.mp3	coop_av_uk_attack81	coop_av_uk_attack	en	0.97	Let's get out of here!		~Let's get out of here!	KEEP		
sound/dialogue/global/UK/DFRUK_alert_DW3458xe03.mp3	coop_av_uk_attack82	coop_av_uk_attack	en	0.99	Let's get out of here!		~Let's get out of here!	KEEP		
sound/dialogue/global/UK/DFRUK_alert_TS3658xh01.mp3	coop_av_uk_attack83	coop_av_uk_attack	en	0.98	Let's get outta here!		~Let's get out of here!	KEEP		
sound/dialogue/global/UK/DFRUK_alert_TS3658xh02.mp3	coop_av_uk_attack84	coop_av_uk_attack	en	0.97	Let's get outta here!		~Let's get out of here!	KEEP		
sound/dialogue/global/UK/DFRUK_alert_TS3658xh03.mp3	coop_av_uk_attack85	coop_av_uk_attack	en	0.98	Let's get outta here!		~Let's get out of here!	KEEP		
sound/dialogue/global/UK/DFRUK_global_BS5027xj02.mp3	coop_av_uk_attack86	coop_av_uk_attack	en	0.72	Take your positions!		~Take your positions!	CUT	position/objective/place order	
sound/dialogue/global/UK/DFRUK_global_BS5027xj03.mp3	coop_av_uk_attack87	coop_av_uk_attack	en	0.77	Take your positions!		~Take your positions!	CUT	position/objective/place order	
sound/dialogue/global/UK/DFRUK_alert_DW3459xe01.mp3	coop_av_uk_attack88	coop_av_uk_attack	en	0.62	Take your positions!		~Take your positions!	CUT	position/objective/place order	
sound/dialogue/global/UK/DFRUK_alert_DW3459xe02.mp3	coop_av_uk_attack89	coop_av_uk_attack	en	0.81	Thank you, Positions!		~Take your positions!	CUT	position/objective/place order	
sound/dialogue/global/UK/DFRUK_alert_TS3659xh03.mp3	coop_av_uk_attack90	coop_av_uk_attack	en	0.98	TAKE YOUR POSITIONS!		~Take your positions!	CUT	position/objective/place order	
sound/dialogue/global/UK/DFRUK_alert_TS3659xh04.mp3	coop_av_uk_attack91	coop_av_uk_attack	en	0.98	TAKE YOUR POSITIONS!		~Take your positions!	CUT	position/objective/place order	
sound/dialogue/global/UK/DFRUK_alert_TS3659xh06.mp3	coop_av_uk_attack92	coop_av_uk_attack	en	0.94	TAKE YOUR POSITIONS!		~Take your positions!	CUT	position/objective/place order	
sound/dialogue/global/UK/DFRUK_global_BS5028xj01.mp3	coop_av_uk_attack93	coop_av_uk_attack	en	0.84	BOOM! BOOM! BOOM!		~Move!  Move!  Move!	KEEP		
sound/dialogue/global/UK/DFRUK_global_BS5028xj02.mp3	coop_av_uk_attack94	coop_av_uk_attack	en	0.56	MOVE! MOVE! MOVE!		~Move!  Move!  Move!	KEEP		
sound/dialogue/global/UK/DFRUK_global_BS5028xj03.mp3	coop_av_uk_attack95	coop_av_uk_attack	en	0.76	BOOM! BOOM! BOOM!		~Move!  Move!  Move!	KEEP		
sound/dialogue/global/UK/DFRUK_global_BS5036xj02.mp3	coop_av_uk_attack96	coop_av_uk_attack	en	0.51	FUUUUU-		~Move!  Move!  Move!	KEEP		
sound/dialogue/global/UK/DFRUK_alert_DW3460xe01.mp3	coop_av_uk_attack97	coop_av_uk_attack	en	0.98	MOVE! MOVE! MOVE!		~Move!  Move!  Move!	KEEP		
sound/dialogue/global/UK/DFRUK_alert_TS3660xh01.mp3	coop_av_uk_attack98	coop_av_uk_attack	en	0.93	MOVE! MOVE! MOVE!		~Move!  Move!  Move!	KEEP		
sound/dialogue/global/UK/DFRUK_alert_TS3660xh02.mp3	coop_av_uk_attack99	coop_av_uk_attack	en	0.99	Move! Move! Move!		~Move!  Move!  Move!	KEEP		
sound/dialogue/global/UK/DFRUK_global_BS5045xj01.mp3	coop_av_uk_attack100	coop_av_uk_attack	en	0.93	Bloody hell!		~Bloody hell!	KEEP		
sound/dialogue/global/UK/DFRUK_global_BS5045xj03.mp3	coop_av_uk_attack101	coop_av_uk_attack	en	0.90	Bloody hell!		~Bloody hell!	KEEP		
sound/dialogue/global/UK/DFRUK_alert_TS3661xh01.mp3	coop_av_uk_attack102	coop_av_uk_attack	en	0.92	Bloody hell!		~Bloody hell!	KEEP		
sound/dialogue/global/UK/DFRUK_alert_TS3661xh02.mp3	coop_av_uk_attack103	coop_av_uk_attack	en	0.96	Bloody hell!		~Bloody hell!	KEEP		
sound/dialogue/global/UK/DFRUK_global_BS5001xj01.mp3	coop_av_uk_backup6	coop_av_uk_backup	en	0.93	I'M A HELL		~Over here!	KEEP		
sound/dialogue/global/UK/DFRUK_global_BS5001xj02.mp3	coop_av_uk_backup7	coop_av_uk_backup	en	0.83	Over here!		~Over here!	KEEP		
sound/dialogue/global/UK/DFRUK_global_BS5020xj01.mp3	coop_av_uk_cover7	coop_av_uk_cover	en	0.46	Take them up!		~Take cover!	KEEP		
sound/dialogue/global/UK/DFRUK_global_BS5020xj02.mp3	coop_av_uk_cover8	coop_av_uk_cover	ja	0.64	タイカラー!		~Take cover!	KEEP		
sound/dialogue/global/UK/DFRUK_global_BS5020xj03.mp3	coop_av_uk_cover9	coop_av_uk_cover	en	0.73	Take cover!		~Take cover!	KEEP		
sound/dialogue/global/UK/DFRUK_alert_DW3452xe04.mp3	coop_av_uk_cover10	coop_av_uk_cover	en	0.92	Take cover!		~Take cover!	KEEP		
sound/dialogue/global/UK/DFRUK_alert_DW3452xe05.mp3	coop_av_uk_cover11	coop_av_uk_cover	en	0.94	Take cover!		~Take cover!	KEEP		
sound/dialogue/global/UK/DFRUK_alert_DW3452xe06.mp3	coop_av_uk_cover12	coop_av_uk_cover	en	0.86	Take cover!		~Take cover!	KEEP		
sound/dialogue/global/UK/DFRUK_alert_TS3652xh04.mp3	coop_av_uk_cover13	coop_av_uk_cover	en	0.96	TAKE COVER!		~Take cover!	KEEP		
sound/dialogue/global/UK/DFRUK_alert_TS3652xh05.mp3	coop_av_uk_cover14	coop_av_uk_cover	en	0.80	CHECK COVER!		~Take cover!	KEEP		
sound/dialogue/global/UK/DFRUK_alert_TS3652xh06.mp3	coop_av_uk_cover15	coop_av_uk_cover	en	0.76	TAKE CARE!		~Take cover!	KEEP		
sound/dialogue/Mission_1/Allies/dfr_reload_BC6952ta1.mp3	coop_av_uk_reload7	coop_av_uk_reload	en	0.97	Reloading!			KEEP		
sound/dialogue/Mission_1/Allies/dfr_reload_BC6952ta2.mp3	coop_av_uk_reload8	coop_av_uk_reload	en	0.98	Reloading!			KEEP		
sound/dialogue/Mission_1/Allies/dfr_reload_BC6952ta3.mp3	coop_av_uk_reload9	coop_av_uk_reload	en	0.98	RELOADING!			KEEP		
sound/dialogue/Mission_1/Allies/dfr_reload_BC6953ta1.mp3	coop_av_uk_reload10	coop_av_uk_reload	en	0.94	Cover me!			KEEP		
sound/dialogue/Mission_1/Allies/dfr_reload_BC6953ta2.mp3	coop_av_uk_reload11	coop_av_uk_reload	en	0.96	Cover me!			KEEP		
sound/dialogue/Mission_1/Allies/dfr_reload_BC6953ta3.mp3	coop_av_uk_reload12	coop_av_uk_reload	en	0.99	Cover me!			KEEP		
sound/dialogue/Mission_1/Allies/dfr_reload_BC6954ta4.mp3	coop_av_uk_reload13	coop_av_uk_reload	en	0.98	Hold him off, Barnes! I'm reloading!			CUT	named character (Hold them off, Baker/Barnes! I'm reloading!)	
sound/dialogue/Mission_1/Allies/dfr_reload_BC6954ta5.mp3	coop_av_uk_reload14	coop_av_uk_reload	en	0.98	Hold them off, Farns! I'm reloading!			CUT	named character (Hold them off, Baker/Barnes! I'm reloading!)	
sound/dialogue/Mission_1/Allies/dfr_reload_BC6954ta6.mp3	coop_av_uk_reload15	coop_av_uk_reload	en	0.97	Hold them off, Barnes! I'm reloading!			CUT	named character (Hold them off, Baker/Barnes! I'm reloading!)	
sound/dialogue/Mission_1/Allies/dfr_reload_BS6027tc4.mp3	coop_av_uk_reload16	coop_av_uk_reload	en	0.92	RELYING!			KEEP		
sound/dialogue/Mission_1/Allies/dfr_reload_BS6027tc6.mp3	coop_av_uk_reload17	coop_av_uk_reload	en	0.94	Reloading!			KEEP		
sound/dialogue/Mission_1/Allies/dfr_reload_BS6028tc1.mp3	coop_av_uk_reload18	coop_av_uk_reload	en	0.70	Cover me!			KEEP		
sound/dialogue/Mission_1/Allies/dfr_reload_BS6028tc3.mp3	coop_av_uk_reload19	coop_av_uk_reload	en	0.50	Kappa B!			KEEP		
sound/dialogue/Mission_1/Allies/dfr_reload_BS6028tc4.mp3	coop_av_uk_reload20	coop_av_uk_reload	fr	0.35	CA FAUVEZ !			KEEP	low-confidence transcript of a uk-pool take; retail nation-specific bark, kept	
sound/dialogue/Mission_1/Allies/dfr_reload_BS6029tc1.mp3	coop_av_uk_reload21	coop_av_uk_reload	en	0.98	Hold it off, Bobs! I'm reloading!			CUT	named character (Hold them off, Baker/Barnes! I'm reloading!)	
sound/dialogue/Mission_1/Allies/dfr_reload_BS6029tc2.mp3	coop_av_uk_reload22	coop_av_uk_reload	en	0.98	Hold them off, Bards! I'm reloading!			CUT	named character (Hold them off, Baker/Barnes! I'm reloading!)	
sound/dialogue/Mission_1/Allies/dfr_reload_BS6126td1.mp3	coop_av_uk_reload23	coop_av_uk_reload	en	0.98	Reloading!			KEEP		
sound/dialogue/Mission_1/Allies/dfr_reload_BS6126td2.mp3	coop_av_uk_reload24	coop_av_uk_reload	en	0.97	Reloading!			KEEP		
sound/dialogue/Mission_1/Allies/dfr_reload_BS6126td3.mp3	coop_av_uk_reload25	coop_av_uk_reload	en	0.98	Reloading!			KEEP		
sound/dialogue/Mission_1/Allies/dfr_reload_BS6127td1.mp3	coop_av_uk_reload26	coop_av_uk_reload	en	0.96	Cover me!			KEEP		
sound/dialogue/Mission_1/Allies/dfr_reload_BS6127td2.mp3	coop_av_uk_reload27	coop_av_uk_reload	en	0.97	Cover me!			KEEP		
sound/dialogue/Mission_1/Allies/dfr_reload_BS6127td3.mp3	coop_av_uk_reload28	coop_av_uk_reload	en	0.96	Cover me!			KEEP		
sound/dialogue/Mission_1/Allies/dfr_reload_BS6128td1.mp3	coop_av_uk_reload29	coop_av_uk_reload	en	0.98	Hold them off, Barnes! I'm reloading!			CUT	named character (Hold them off, Baker/Barnes! I'm reloading!)	
sound/dialogue/Mission_1/Allies/dfr_reload_BS6128td2.mp3	coop_av_uk_reload30	coop_av_uk_reload	en	0.98	Hold them off, barns! I'm reloading!			CUT	named character (Hold them off, Baker/Barnes! I'm reloading!)	
sound/dialogue/Mission_1/Allies/dfr_reload_BS6128td3.mp3	coop_av_uk_reload31	coop_av_uk_reload	en	0.99	Hold him off, Barnes! I'm reloading!			CUT	named character (Hold them off, Baker/Barnes! I'm reloading!)	
sound/dialogue/Mission_2/Allies/dfr_reload_AS3051ty1.mp3	coop_av_uk_reload32	coop_av_uk_reload	en	0.99	Reloading		~reload	KEEP		
sound/dialogue/Mission_2/Allies/dfr_reload_AS3051ty2.mp3	coop_av_uk_reload33	coop_av_uk_reload	en	0.98	Reloading!		~reload	KEEP		
sound/dialogue/Mission_2/Allies/dfr_reload_AS3051ty3.mp3	coop_av_uk_reload34	coop_av_uk_reload	en	0.98	RELONING!		~reload	KEEP		
sound/dialogue/Mission_2/Allies/dfr_reload_AS3052ty1.mp3	coop_av_uk_reload35	coop_av_uk_reload	en	0.99	Cover me!		~reload	KEEP		
sound/dialogue/Mission_2/Allies/dfr_reload_AS3052ty2.mp3	coop_av_uk_reload36	coop_av_uk_reload	en	0.98	Cover me!		~reload	KEEP		
sound/dialogue/Mission_2/Allies/dfr_reload_AS3052ty3.mp3	coop_av_uk_reload37	coop_av_uk_reload	en	0.99	Cover me!		~reload	KEEP		
sound/dialogue/Mission_2/Allies/dfr_reload_AS3053ty1.mp3	coop_av_uk_reload38	coop_av_uk_reload	en	1.00	Hold them off Barnes! I'm reloading!		~reload	CUT	named character (Hold them off, Baker/Barnes! I'm reloading!)	
sound/dialogue/Mission_2/Allies/dfr_reload_AS3053ty2.mp3	coop_av_uk_reload39	coop_av_uk_reload	en	0.99	Hold them off, Barnes! I'm reloading!		~reload	CUT	named character (Hold them off, Baker/Barnes! I'm reloading!)	
sound/dialogue/Mission_2/Allies/dfr_reload_AS3053ty3.mp3	coop_av_uk_reload40	coop_av_uk_reload	en	1.00	Hold them off, Barnes! I'm reloading!		~reload	CUT	named character (Hold them off, Baker/Barnes! I'm reloading!)	
sound/dialogue/Mission_2/Allies/dfr_supress_AS2952th1.mp3	coop_av_uk_reload41	coop_av_uk_reload	en	0.99	Cover me!		~reload	KEEP		
sound/dialogue/Mission_2/Allies/dfr_supress_AS2952th2.mp3	coop_av_uk_reload42	coop_av_uk_reload	en	0.99	Cover me!		~reload	KEEP		
sound/dialogue/Mission_2/Allies/dfr_supress_AS2952th3.mp3	coop_av_uk_reload43	coop_av_uk_reload	en	0.99	Cover me!		~reload	KEEP		
sound/dialogue/Mission_2/Allies/dfr_reload_AS2853tw1.mp3	coop_av_uk_reload44	coop_av_uk_reload	en	0.99	Reloading!		~reload	KEEP		
sound/dialogue/Mission_2/Allies/dfr_reload_AS2853tw2.mp3	coop_av_uk_reload45	coop_av_uk_reload	en	0.99	Reloading!		~reload	KEEP		
sound/dialogue/Mission_2/Allies/dfr_reload_AS2853tw3.mp3	coop_av_uk_reload46	coop_av_uk_reload	en	0.98	Reloading!		~reload	KEEP		
sound/dialogue/Mission_2/Allies/dfr_reload_AS2854tw1.mp3	coop_av_uk_reload47	coop_av_uk_reload	en	0.99	Cover me!		~reload	KEEP		
sound/dialogue/Mission_2/Allies/dfr_reload_AS2854tw2.mp3	coop_av_uk_reload48	coop_av_uk_reload	en	0.98	Cover me!		~reload	KEEP		
sound/dialogue/Mission_2/Allies/dfr_reload_AS2854tw3.mp3	coop_av_uk_reload49	coop_av_uk_reload	en	0.99	Cover me!		~reload	KEEP		
sound/dialogue/Mission_2/Allies/dfr_reload_AS2855tw1.mp3	coop_av_uk_reload50	coop_av_uk_reload	en	0.99	Hold them off, Barnes! I'm reloading!		~reload	CUT	named character (Hold them off, Baker/Barnes! I'm reloading!)	
sound/dialogue/Mission_2/Allies/dfr_reload_AS2855tw2.mp3	coop_av_uk_reload51	coop_av_uk_reload	en	0.99	Hold them off, Bards! I'm reloading!		~reload	CUT	named character (Hold them off, Baker/Barnes! I'm reloading!)	
sound/dialogue/Mission_2/Allies/dfr_reload_AS2855tw3.mp3	coop_av_uk_reload52	coop_av_uk_reload	en	1.00	Hold him off, Barnes! I'm reloading!		~reload	CUT	named character (Hold them off, Baker/Barnes! I'm reloading!)	
sound/dialogue/Mission_2/Allies/dfr_reload_AC9065tg1.mp3	coop_av_uk_reload53	coop_av_uk_reload	en	0.99	Reloading!		~reload	KEEP		
sound/dialogue/Mission_2/Allies/dfr_reload_AC9065tg2.mp3	coop_av_uk_reload54	coop_av_uk_reload	en	0.98	Reloading!		~reload	KEEP		
sound/dialogue/Mission_2/Allies/dfr_reload_AC9065tg3.mp3	coop_av_uk_reload55	coop_av_uk_reload	en	0.97	Reloading!		~reload	KEEP		
sound/dialogue/Mission_2/Allies/dfr_reload_AC9066tg1.mp3	coop_av_uk_reload56	coop_av_uk_reload	en	0.99	Cover me!		~reload	KEEP		
sound/dialogue/Mission_2/Allies/dfr_reload_AC9066tg2.mp3	coop_av_uk_reload57	coop_av_uk_reload	en	0.99	Cover me!		~reload	KEEP		
sound/dialogue/Mission_2/Allies/dfr_reload_AC9066tg3.mp3	coop_av_uk_reload58	coop_av_uk_reload	en	0.99	Cover me!		~reload	KEEP		
sound/dialogue/Mission_2/Allies/dfr_reload_AC9067tg1.mp3	coop_av_uk_reload59	coop_av_uk_reload	en	0.99	Hold them off, barns! I'm reloading!		~reload	CUT	named character (Hold them off, Baker/Barnes! I'm reloading!)	
sound/dialogue/Mission_2/Allies/dfr_reload_AC9067tg2.mp3	coop_av_uk_reload60	coop_av_uk_reload	en	0.99	Hold them off, Barnes! I'm reloading!		~reload	CUT	named character (Hold them off, Baker/Barnes! I'm reloading!)	
sound/dialogue/Mission_2/Allies/dfr_reload_AP4351tm1.mp3	coop_av_uk_reload61	coop_av_uk_reload	en	0.96	Reloading!		~reload	KEEP		
sound/dialogue/Mission_2/Allies/dfr_reload_AP4351tm2.mp3	coop_av_uk_reload62	coop_av_uk_reload	en	0.98	RELOADING!		~reload	KEEP		
sound/dialogue/Mission_2/Allies/dfr_reload_AP4351tm3.mp3	coop_av_uk_reload63	coop_av_uk_reload	en	0.98	RELOADING!		~reload	KEEP		
sound/dialogue/Mission_2/Allies/dfr_reload_AP4352tm1.mp3	coop_av_uk_reload64	coop_av_uk_reload	en	0.93	Cover me!		~reload	KEEP		
sound/dialogue/Mission_2/Allies/dfr_reload_AP4352tm2.mp3	coop_av_uk_reload65	coop_av_uk_reload	en	0.99	Cover me!		~reload	KEEP		
sound/dialogue/Mission_2/Allies/dfr_reload_AP4352tm3.mp3	coop_av_uk_reload66	coop_av_uk_reload	en	0.98	Cover me!		~reload	KEEP		
sound/dialogue/Mission_2/Allies/dfr_reload_AP4353tm1.mp3	coop_av_uk_reload67	coop_av_uk_reload	en	0.99	Hold them off Barnes! I'm reloading!		~reload	CUT	named character (Hold them off, Baker/Barnes! I'm reloading!)	
sound/dialogue/Mission_2/Allies/dfr_reload_AP4353tm2.mp3	coop_av_uk_reload68	coop_av_uk_reload	en	0.99	HOLD THEM OFF BARDS! I'M RELOADING!		~reload	CUT	named character (Hold them off, Baker/Barnes! I'm reloading!)	
sound/dialogue/Mission_2/Allies/dfr_reload_AP4353tm3.mp3	coop_av_uk_reload69	coop_av_uk_reload	en	0.98	HOLD THEM OFF BARDS! I'M RELOADING!		~reload	CUT	named character (Hold them off, Baker/Barnes! I'm reloading!)	
sound/dialogue/Mission_3/Allies/dfr_reload_RS7920tr1.mp3	coop_av_uk_reload70	coop_av_uk_reload	en	0.30	Feliz de rechario!		~reload	KEEP		
sound/dialogue/Mission_3/Allies/dfr_reload_RS7920tr2.mp3	coop_av_uk_reload71	coop_av_uk_reload	fr	0.33	T'es insolite !		~reload	KEEP	low-confidence transcript of a uk-pool take; retail nation-specific bark, kept	
sound/dialogue/Mission_3/Allies/dfr_reload_RS7920tr3.mp3	coop_av_uk_reload72	coop_av_uk_reload	pt	0.57	PERIZERJAYO!		~reload	KEEP		
sound/dialogue/Mission_3/Allies/dfr_reload_RS7921tr1.mp3	coop_av_uk_reload73	coop_av_uk_reload	ru	0.93	Прикрой меня!		~reload	KEEP		
sound/dialogue/Mission_3/Allies/dfr_reload_RS7921tr2.mp3	coop_av_uk_reload74	coop_av_uk_reload	ru	0.98	Прикрой меня!		~reload	KEEP		
sound/dialogue/Mission_3/Allies/dfr_reload_RS7921tr3.mp3	coop_av_uk_reload75	coop_av_uk_reload	ru	0.92	Прикрой меня!		~reload	KEEP		
sound/dialogue/Mission_3/Allies/dfr_reload_RS7922tr1.mp3	coop_av_uk_reload76	coop_av_uk_reload	ru	0.91	Держи их подальше, я перезаряжаю!		~reload	KEEP		
sound/dialogue/Mission_3/Allies/dfr_reload_RS7922tr2.mp3	coop_av_uk_reload77	coop_av_uk_reload	ru	0.89	Держи их подальше! Я пересереживаю!		~reload	KEEP		
sound/dialogue/Mission_3/Allies/dfr_reload_RS7922tr3.mp3	coop_av_uk_reload78	coop_av_uk_reload	ru	0.55	Держи их подальше, я перезаряжаю!		~reload	KEEP		
sound/dialogue/Mission_3/Allies/dfr_reload_RS7821ts1.mp3	coop_av_uk_reload79	coop_av_uk_reload	pt	0.53	ERIZAREJAYU!		~reload	KEEP		
sound/dialogue/Mission_3/Allies/dfr_reload_RS7821ts2.mp3	coop_av_uk_reload80	coop_av_uk_reload	pt	0.55	ERIZÁRIA JÁRIA!		~reload	KEEP		
sound/dialogue/Mission_3/Allies/dfr_reload_RS7821ts3.mp3	coop_av_uk_reload81	coop_av_uk_reload	pt	0.34	Eu lhes alejando!		~reload	KEEP	low-confidence transcript of a uk-pool take; retail nation-specific bark, kept	
sound/dialogue/Mission_3/Allies/dfr_reload_RS7822ts2.mp3	coop_av_uk_reload82	coop_av_uk_reload	ru	0.71	Рекрой меня!		~reload	KEEP		
sound/dialogue/Mission_3/Allies/dfr_reload_RS7822ts3.mp3	coop_av_uk_reload83	coop_av_uk_reload	en	0.31	Pre-crime me, yeah!		~reload	KEEP		
sound/dialogue/Mission_3/Allies/dfr_reload_RS7822ts4.mp3	coop_av_uk_reload84	coop_av_uk_reload	ru	0.27	Прикрой меня!		~reload	KEEP		
sound/dialogue/Mission_3/Allies/dfr_reload_RS7823ts1.mp3	coop_av_uk_reload85	coop_av_uk_reload	ru	0.88	Держи их подальше! Я перезаряжаю!		~reload	KEEP		
sound/dialogue/Mission_3/Allies/dfr_reload_RS7823ts2.mp3	coop_av_uk_reload86	coop_av_uk_reload	ru	0.83	Юржи подальше! Я перезаряжаю!		~reload	KEEP		
sound/dialogue/Mission_3/Allies/dfr_reload_RS7823ts3.mp3	coop_av_uk_reload87	coop_av_uk_reload	ru	0.90	Держи их подальше! Я перезаряжаю!		~reload	KEEP		
sound/dialogue/Mission_3/Allies/dfr_reload_RS7721te1.mp3	coop_av_uk_reload88	coop_av_uk_reload	ru	0.62	Переслежаю!		~reload	KEEP		
sound/dialogue/Mission_3/Allies/dfr_reload_RS7721te2.mp3	coop_av_uk_reload89	coop_av_uk_reload	ru	0.93	Перезаряжаю!		~reload	KEEP		
sound/dialogue/Mission_3/Allies/dfr_reload_RS7721te3.mp3	coop_av_uk_reload90	coop_av_uk_reload	ru	0.41	Перезаряжаю!		~reload	KEEP		
sound/dialogue/Mission_3/Allies/dfr_reload_RS7722te1.mp3	coop_av_uk_reload91	coop_av_uk_reload	ru	0.94	Прикрой меня!		~reload	KEEP		
sound/dialogue/Mission_3/Allies/dfr_reload_RS7722te2.mp3	coop_av_uk_reload92	coop_av_uk_reload	ru	0.97	Прикрой меня!		~reload	KEEP		
sound/dialogue/Mission_3/Allies/dfr_reload_RS7722te3.mp3	coop_av_uk_reload93	coop_av_uk_reload	ru	0.84	Прикрой меня!		~reload	KEEP		
sound/dialogue/Mission_3/Allies/dfr_reload_RS7723te1.mp3	coop_av_uk_reload94	coop_av_uk_reload	ru	0.93	Держи их подальше, я перезаряжаю!		~reload	KEEP		
sound/dialogue/Mission_3/Allies/dfr_reload_RS7723te2.mp3	coop_av_uk_reload95	coop_av_uk_reload	ru	0.95	Держи их подальше! Я перезаряжаю!		~reload	KEEP		
sound/dialogue/Mission_3/Allies/dfr_reload_RS7723te4.mp3	coop_av_uk_reload96	coop_av_uk_reload	ru	0.92	Держи их подальше, я бережу, заряжаю!		~reload	KEEP		
sound/dialogue/Mission_1/Allies/dfr_reload_BC6952ta1.mp3	coop_av_uk_reload97	coop_av_uk_reload	en	0.97	Reloading!			KEEP		
sound/dialogue/Mission_1/Allies/dfr_reload_BC6952ta2.mp3	coop_av_uk_reload98	coop_av_uk_reload	en	0.98	Reloading!			KEEP		
sound/dialogue/Mission_1/Allies/dfr_reload_BC6952ta3.mp3	coop_av_uk_reload99	coop_av_uk_reload	en	0.98	RELOADING!			KEEP		
sound/dialogue/Mission_1/Allies/dfr_reload_BC6953ta1.mp3	coop_av_uk_reload100	coop_av_uk_reload	en	0.94	Cover me!			KEEP		
sound/dialogue/Mission_1/Allies/dfr_reload_BC6953ta2.mp3	coop_av_uk_reload101	coop_av_uk_reload	en	0.96	Cover me!			KEEP		
sound/dialogue/Mission_1/Allies/dfr_reload_BC6953ta3.mp3	coop_av_uk_reload102	coop_av_uk_reload	en	0.99	Cover me!			KEEP		
sound/dialogue/Mission_1/Allies/dfr_reload_BC6954ta4.mp3	coop_av_uk_reload103	coop_av_uk_reload	en	0.98	Hold him off, Barnes! I'm reloading!			CUT	named character (Hold them off, Baker/Barnes! I'm reloading!)	
sound/dialogue/Mission_1/Allies/dfr_reload_BC6954ta5.mp3	coop_av_uk_reload104	coop_av_uk_reload	en	0.98	Hold them off, Farns! I'm reloading!			CUT	named character (Hold them off, Baker/Barnes! I'm reloading!)	
sound/dialogue/Mission_1/Allies/dfr_reload_BC6954ta6.mp3	coop_av_uk_reload105	coop_av_uk_reload	en	0.97	Hold them off, Barnes! I'm reloading!			CUT	named character (Hold them off, Baker/Barnes! I'm reloading!)	
sound/dialogue/Mission_1/Allies/dfr_reload_BS6027tc4.mp3	coop_av_uk_reload106	coop_av_uk_reload	en	0.92	RELYING!			KEEP		
sound/dialogue/Mission_1/Allies/dfr_reload_BS6027tc6.mp3	coop_av_uk_reload107	coop_av_uk_reload	en	0.94	Reloading!			KEEP		
sound/dialogue/Mission_1/Allies/dfr_reload_BS6028tc1.mp3	coop_av_uk_reload108	coop_av_uk_reload	en	0.70	Cover me!			KEEP		
sound/dialogue/Mission_1/Allies/dfr_reload_BS6028tc3.mp3	coop_av_uk_reload109	coop_av_uk_reload	en	0.50	Kappa B!			KEEP		
sound/dialogue/Mission_1/Allies/dfr_reload_BS6028tc4.mp3	coop_av_uk_reload110	coop_av_uk_reload	fr	0.35	CA FAUVEZ !			KEEP	low-confidence transcript of a uk-pool take; retail nation-specific bark, kept	
sound/dialogue/Mission_1/Allies/dfr_reload_BS6029tc1.mp3	coop_av_uk_reload111	coop_av_uk_reload	en	0.98	Hold it off, Bobs! I'm reloading!			CUT	named character (Hold them off, Baker/Barnes! I'm reloading!)	
sound/dialogue/Mission_1/Allies/dfr_reload_BS6029tc2.mp3	coop_av_uk_reload112	coop_av_uk_reload	en	0.98	Hold them off, Bards! I'm reloading!			CUT	named character (Hold them off, Baker/Barnes! I'm reloading!)	
sound/dialogue/Mission_1/Allies/dfr_reload_BS6126td1.mp3	coop_av_uk_reload113	coop_av_uk_reload	en	0.98	Reloading!			KEEP		
sound/dialogue/Mission_1/Allies/dfr_reload_BS6126td2.mp3	coop_av_uk_reload114	coop_av_uk_reload	en	0.97	Reloading!			KEEP		
sound/dialogue/Mission_1/Allies/dfr_reload_BS6126td3.mp3	coop_av_uk_reload115	coop_av_uk_reload	en	0.98	Reloading!			KEEP		
sound/dialogue/Mission_1/Allies/dfr_reload_BS6127td1.mp3	coop_av_uk_reload116	coop_av_uk_reload	en	0.96	Cover me!			KEEP		
sound/dialogue/Mission_1/Allies/dfr_reload_BS6127td2.mp3	coop_av_uk_reload117	coop_av_uk_reload	en	0.97	Cover me!			KEEP		
sound/dialogue/Mission_1/Allies/dfr_reload_BS6127td3.mp3	coop_av_uk_reload118	coop_av_uk_reload	en	0.96	Cover me!			KEEP		
sound/dialogue/Mission_1/Allies/dfr_reload_BS6128td1.mp3	coop_av_uk_reload119	coop_av_uk_reload	en	0.98	Hold them off, Barnes! I'm reloading!			CUT	named character (Hold them off, Baker/Barnes! I'm reloading!)	
sound/dialogue/Mission_1/Allies/dfr_reload_BS6128td2.mp3	coop_av_uk_reload120	coop_av_uk_reload	en	0.98	Hold them off, barns! I'm reloading!			CUT	named character (Hold them off, Baker/Barnes! I'm reloading!)	
sound/dialogue/Mission_1/Allies/dfr_reload_BS6128td3.mp3	coop_av_uk_reload121	coop_av_uk_reload	en	0.99	Hold him off, Barnes! I'm reloading!			CUT	named character (Hold them off, Baker/Barnes! I'm reloading!)	
sound/dialogue/generic/UK/DFRUK_global_BS5037xj02.mp3	coop_av_uk_reload122	coop_av_uk_reload	en	0.78	Reloading!			KEEP		
sound/dialogue/generic/UK/DFRUK_global_BS5037xj03.mp3	coop_av_uk_reload123	coop_av_uk_reload	en	0.89	Reloading!			KEEP		
sound/dialogue/generic/UK/DFRUK_global_BS5038xj01.mp3	coop_av_uk_reload124	coop_av_uk_reload	en	0.37	Cover me!			KEEP		
sound/dialogue/generic/UK/DFRUK_global_BS5038xj02.mp3	coop_av_uk_reload125	coop_av_uk_reload	en	0.94	Cover me!			KEEP		
sound/dialogue/generic/UK/DFRUK_global_BS5039xj01.mp3	coop_av_uk_reload126	coop_av_uk_reload	en	0.90	Hold him up, Baker! I'm reloading!			CUT	named character (Hold them off, Baker/Barnes! I'm reloading!)	
sound/dialogue/generic/UK/DFRUK_global_BS5039xj02.mp3	coop_av_uk_reload127	coop_av_uk_reload	en	0.99	I'm a half baker, I'm reloading!			CUT	named character (Hold them off, Baker/Barnes! I'm reloading!)	
sound/dialogue/generic/UK/DFRUK_global_BS5039xj03.mp3	coop_av_uk_reload128	coop_av_uk_reload	en	0.91	Hold up, Baker! I'm reloading!			CUT	named character	
sound/dialogue/generic/UK/DFRUK_reload_PC3374xg03.mp3	coop_av_uk_reload129	coop_av_uk_reload	en	0.98	Reloading!			KEEP		
sound/dialogue/generic/UK/DFRUK_reload_PC3374xg04.mp3	coop_av_uk_reload130	coop_av_uk_reload	en	0.98	Reloading!			KEEP		
sound/dialogue/generic/UK/DFRUK_reload_PC3375xg03.mp3	coop_av_uk_reload131	coop_av_uk_reload	en	0.98	Cover me!			KEEP		
sound/dialogue/generic/UK/DFRUK_reload_PC3376xg01.mp3	coop_av_uk_reload132	coop_av_uk_reload	en	0.99	Hold him off, Baker! I'm reloading!			CUT	named character (Hold them off, Baker/Barnes! I'm reloading!)	
sound/dialogue/generic/UK/DFRUK_reload_TS3671xh01.mp3	coop_av_uk_reload133	coop_av_uk_reload	en	0.98	Reloading!			KEEP		
sound/dialogue/generic/UK/DFRUK_reload_TS3671xh02.mp3	coop_av_uk_reload134	coop_av_uk_reload	en	0.99	RELOADING!			KEEP		
sound/dialogue/generic/UK/DFRUK_reload_TS3671xh03.mp3	coop_av_uk_reload135	coop_av_uk_reload	en	0.99	RELOADING!			KEEP		
sound/dialogue/generic/UK/DFRUK_reload_TS3672xh02.mp3	coop_av_uk_reload136	coop_av_uk_reload	en	0.95	Cover me!			KEEP		
sound/dialogue/generic/UK/DFRUK_reload_TS3672xh03.mp3	coop_av_uk_reload137	coop_av_uk_reload	en	0.92	Cover me!			KEEP		
sound/dialogue/generic/UK/DFRUK_reload_TS3673xh03.mp3	coop_av_uk_reload138	coop_av_uk_reload	en	0.89	Aldermorfbiker, on reloading!			KEEP		
sound/dialogue/Mission_1/Allies/dfr_supress_BC6947ta1.mp3	coop_av_uk_suppress1	coop_av_uk_suppress	en	0.97	Covering fire!			KEEP		
sound/dialogue/Mission_1/Allies/dfr_supress_BC6947ta2.mp3	coop_av_uk_suppress2	coop_av_uk_suppress	en	0.97	COVERING FIRE!			KEEP		
sound/dialogue/Mission_1/Allies/dfr_supress_BC6947ta3.mp3	coop_av_uk_suppress3	coop_av_uk_suppress	en	0.98	COVERING FIRE!			KEEP		
sound/dialogue/Mission_1/Allies/dfr_supress_BC6948ta1.mp3	coop_av_uk_suppress4	coop_av_uk_suppress	en	0.80	MOVE!			KEEP		
sound/dialogue/Mission_1/Allies/dfr_supress_BC6948ta2.mp3	coop_av_uk_suppress5	coop_av_uk_suppress	en	0.90	MOVE!			KEEP		
sound/dialogue/Mission_1/Allies/dfr_supress_BC6948ta3.mp3	coop_av_uk_suppress6	coop_av_uk_suppress	en	0.96	MOVE!			KEEP		
sound/dialogue/Mission_1/Allies/dfr_supress_BC6949ta1.mp3	coop_av_uk_suppress7	coop_av_uk_suppress	en	0.91	GO! GO!			KEEP		
sound/dialogue/Mission_1/Allies/dfr_supress_BC6949ta2.mp3	coop_av_uk_suppress8	coop_av_uk_suppress	en	0.87	Go! Go!			KEEP		
sound/dialogue/Mission_1/Allies/dfr_supress_BC6949ta3.mp3	coop_av_uk_suppress9	coop_av_uk_suppress	en	0.96	GO! GO!			KEEP		
sound/dialogue/Mission_1/Allies/dfr_supress_BC6950ta2.mp3	coop_av_uk_suppress10	coop_av_uk_suppress	en	0.95	I got you covered!			KEEP		
sound/dialogue/Mission_1/Allies/dfr_supress_BC6950ta3.mp3	coop_av_uk_suppress11	coop_av_uk_suppress	en	0.98	I GOT YOU COVERED!			KEEP		
sound/dialogue/Mission_1/Allies/dfr_supress_BC6950ta4.mp3	coop_av_uk_suppress12	coop_av_uk_suppress	en	0.98	I GOT YOU COVERED!			KEEP		
sound/dialogue/Mission_1/Allies/dfr_supress_BC6951ta8.mp3	coop_av_uk_suppress13	coop_av_uk_suppress	en	0.99	I got him! Move out!			KEEP		
sound/dialogue/Mission_1/Allies/dfr_supress_BC6951ta9.mp3	coop_av_uk_suppress14	coop_av_uk_suppress	en	0.99	I got him! Move out!			KEEP		
sound/dialogue/Mission_1/Allies/dfr_supress_BC6951ta10.mp3	coop_av_uk_suppress15	coop_av_uk_suppress	en	0.99	I GOT EM! MOVE OUT!			KEEP		
sound/dialogue/Mission_1/Allies/dfr_supress_BS6022tc1.mp3	coop_av_uk_suppress16	coop_av_uk_suppress	en	0.96	COVERING FOP!			KEEP		
sound/dialogue/Mission_1/Allies/dfr_supress_BS6022tc2.mp3	coop_av_uk_suppress17	coop_av_uk_suppress	en	0.87	Covering fire!			KEEP		
sound/dialogue/Mission_1/Allies/dfr_supress_BS6022tc3.mp3	coop_av_uk_suppress18	coop_av_uk_suppress	en	0.93	February 4th!			KEEP		
sound/dialogue/Mission_1/Allies/dfr_supress_BS6023tc1.mp3	coop_av_uk_suppress19	coop_av_uk_suppress	en	0.95	MOVE!			KEEP		
sound/dialogue/Mission_1/Allies/dfr_supress_BS6023tc2.mp3	coop_av_uk_suppress20	coop_av_uk_suppress	en	0.95	MOVE!			KEEP		
sound/dialogue/Mission_1/Allies/dfr_supress_BS6023tc3.mp3	coop_av_uk_suppress21	coop_av_uk_suppress	en	0.92	BOOF!			KEEP		
sound/dialogue/Mission_1/Allies/dfr_supress_BS6024tc1.mp3	coop_av_uk_suppress22	coop_av_uk_suppress	en	0.94	GO! GO!			KEEP		
sound/dialogue/Mission_1/Allies/dfr_supress_BS6024tc2.mp3	coop_av_uk_suppress23	coop_av_uk_suppress	en	0.89	GO GO!			KEEP		
sound/dialogue/Mission_1/Allies/dfr_supress_BS6024tc3.mp3	coop_av_uk_suppress24	coop_av_uk_suppress	en	0.91	GO! GO!			KEEP		
sound/dialogue/Mission_1/Allies/dfr_supress_BS6025tc1.mp3	coop_av_uk_suppress25	coop_av_uk_suppress	en	0.94	I got your cannon!			KEEP		
sound/dialogue/Mission_1/Allies/dfr_supress_BS6025tc2.mp3	coop_av_uk_suppress26	coop_av_uk_suppress	en	0.92	What are you covered?			KEEP		
sound/dialogue/Mission_1/Allies/dfr_supress_BS6025tc3.mp3	coop_av_uk_suppress27	coop_av_uk_suppress	en	0.86	I GOT YOU COVERED!			KEEP		
sound/dialogue/Mission_1/Allies/dfr_supress_BS6026tc1.mp3	coop_av_uk_suppress28	coop_av_uk_suppress	en	0.94	I got him! My lap!			KEEP		
sound/dialogue/Mission_1/Allies/dfr_supress_BS6026tc2.mp3	coop_av_uk_suppress29	coop_av_uk_suppress	en	0.99	I gotta move out!			KEEP		
sound/dialogue/Mission_1/Allies/dfr_supress_BS6121td1.mp3	coop_av_uk_suppress30	coop_av_uk_suppress	en	0.96	Cover in fire!			KEEP		
sound/dialogue/Mission_1/Allies/dfr_supress_BS6121td2.mp3	coop_av_uk_suppress31	coop_av_uk_suppress	en	0.95	Cover in fire!			KEEP		
sound/dialogue/Mission_1/Allies/dfr_supress_BS6121td3.mp3	coop_av_uk_suppress32	coop_av_uk_suppress	en	0.98	COVER IN FIRE!			KEEP		
sound/dialogue/Mission_1/Allies/dfr_supress_BS6122td1.mp3	coop_av_uk_suppress33	coop_av_uk_suppress	en	0.78	MOVE!			KEEP		
sound/dialogue/Mission_1/Allies/dfr_supress_BS6122td2.mp3	coop_av_uk_suppress34	coop_av_uk_suppress	en	0.98	MOVE!			KEEP		
sound/dialogue/Mission_1/Allies/dfr_supress_BS6122td3.mp3	coop_av_uk_suppress35	coop_av_uk_suppress	en	0.94	MOVE!			KEEP		
sound/dialogue/Mission_1/Allies/dfr_supress_BS6123td2.mp3	coop_av_uk_suppress36	coop_av_uk_suppress	en	0.90	GO GO!			KEEP		
sound/dialogue/Mission_1/Allies/dfr_supress_BS6123td3.mp3	coop_av_uk_suppress37	coop_av_uk_suppress	en	0.91	GO GO!			KEEP		
sound/dialogue/Mission_1/Allies/dfr_supress_BS6123td4.mp3	coop_av_uk_suppress38	coop_av_uk_suppress	en	0.93	GO GO!			KEEP		
sound/dialogue/Mission_1/Allies/dfr_supress_BS6124td1.mp3	coop_av_uk_suppress39	coop_av_uk_suppress	en	0.99	I got you covered!			KEEP		
sound/dialogue/Mission_1/Allies/dfr_supress_BS6124td2.mp3	coop_av_uk_suppress40	coop_av_uk_suppress	en	0.98	I'VE GOT YOU COVERED!			KEEP		
sound/dialogue/Mission_1/Allies/dfr_supress_BS6124td3.mp3	coop_av_uk_suppress41	coop_av_uk_suppress	en	0.98	I've got you covered!			KEEP		
sound/dialogue/Mission_1/Allies/dfr_supress_BS6125td1.mp3	coop_av_uk_suppress42	coop_av_uk_suppress	en	0.98	I got him! Move out!			KEEP		
sound/dialogue/Mission_1/Allies/dfr_supress_BS6125td2.mp3	coop_av_uk_suppress43	coop_av_uk_suppress	en	0.99	I got him! Move out!			KEEP		
sound/dialogue/Mission_1/Allies/dfr_supress_BS6125td3.mp3	coop_av_uk_suppress44	coop_av_uk_suppress	en	0.99	I got him! Move out!			KEEP		
sound/dialogue/Mission_1/Allies/dfr_supress_BP6724tb1.mp3	coop_av_uk_suppress45	coop_av_uk_suppress	en	0.95	COVERING FIRE!			KEEP		
sound/dialogue/Mission_1/Allies/dfr_supress_BP6724tb2.mp3	coop_av_uk_suppress46	coop_av_uk_suppress	en	0.97	Covering fire!			KEEP		
sound/dialogue/Mission_1/Allies/dfr_supress_BP6724tb3.mp3	coop_av_uk_suppress47	coop_av_uk_suppress	en	0.98	COVERING FIRE!			KEEP		
sound/dialogue/Mission_1/Allies/dfr_supress_BP6725tb1.mp3	coop_av_uk_suppress48	coop_av_uk_suppress	en	0.95	MOVE!			KEEP		
sound/dialogue/Mission_1/Allies/dfr_supress_BP6725tb2.mp3	coop_av_uk_suppress49	coop_av_uk_suppress	en	0.95	BOOM!			KEEP		
sound/dialogue/Mission_1/Allies/dfr_supress_BP6725tb3.mp3	coop_av_uk_suppress50	coop_av_uk_suppress	en	0.58	BOOM!			KEEP		
sound/dialogue/Mission_1/Allies/dfr_supress_BP6726tb2.mp3	coop_av_uk_suppress51	coop_av_uk_suppress	en	0.97	GO GO!			KEEP		
sound/dialogue/Mission_1/Allies/dfr_supress_BP6726tb3.mp3	coop_av_uk_suppress52	coop_av_uk_suppress	en	0.96	GO! GO!			KEEP		
sound/dialogue/Mission_1/Allies/dfr_supress_BP6727tb1.mp3	coop_av_uk_suppress53	coop_av_uk_suppress	en	0.97	I GOT YOU COVERED!			KEEP		
sound/dialogue/Mission_1/Allies/dfr_supress_BP6727tb2.mp3	coop_av_uk_suppress54	coop_av_uk_suppress	en	0.98	I GOT YOU COVERED!			KEEP		
sound/dialogue/Mission_1/Allies/dfr_supress_BP6727tb3.mp3	coop_av_uk_suppress55	coop_av_uk_suppress	en	0.96	I GOT YOU COVERED!			KEEP		
sound/dialogue/Mission_1/Allies/dfr_supress_BP6728tb1.mp3	coop_av_uk_suppress56	coop_av_uk_suppress	en	0.98	I got him! Move out!			KEEP		
sound/dialogue/Mission_1/Allies/dfr_supress_BP6728tb2.mp3	coop_av_uk_suppress57	coop_av_uk_suppress	en	0.99	I got him! Move out!			KEEP		
sound/dialogue/Mission_1/Allies/dfr_supress_BP6728tb3.mp3	coop_av_uk_suppress58	coop_av_uk_suppress	en	0.98	I got him! Move out!			KEEP		
sound/dialogue/Mission_2/Allies/dfr_supress_AC9060tg1.mp3	coop_av_uk_suppress59	coop_av_uk_suppress	en	0.99	Covering fire!			KEEP		
sound/dialogue/Mission_2/Allies/dfr_supress_AC9060tg2.mp3	coop_av_uk_suppress60	coop_av_uk_suppress	en	0.98	Covering fire!			KEEP		
sound/dialogue/Mission_2/Allies/dfr_supress_AC9060tg3.mp3	coop_av_uk_suppress61	coop_av_uk_suppress	en	0.98	COVERING FIRE!			KEEP		
sound/dialogue/Mission_2/Allies/dfr_supress_AC9061tg1.mp3	coop_av_uk_suppress62	coop_av_uk_suppress	en	0.96	MOVE!			KEEP		
sound/dialogue/Mission_2/Allies/dfr_supress_AC9061tg2.mp3	coop_av_uk_suppress63	coop_av_uk_suppress	en	0.98	MOVE!			KEEP		
sound/dialogue/Mission_2/Allies/dfr_supress_AC9061tg3.mp3	coop_av_uk_suppress64	coop_av_uk_suppress	en	0.98	MOVE!			KEEP		
sound/dialogue/Mission_2/Allies/dfr_supress_AC9062tg1.mp3	coop_av_uk_suppress65	coop_av_uk_suppress	en	0.92	Go! Go!			KEEP		
sound/dialogue/Mission_2/Allies/dfr_supress_AC9062tg2.mp3	coop_av_uk_suppress66	coop_av_uk_suppress	en	0.78	Go! Go!			KEEP		
sound/dialogue/Mission_2/Allies/dfr_supress_AC9062tg3.mp3	coop_av_uk_suppress67	coop_av_uk_suppress	en	0.95	GO! GO!			KEEP		
sound/dialogue/Mission_2/Allies/dfr_supress_AC9063tg2.mp3	coop_av_uk_suppress68	coop_av_uk_suppress	en	0.98	I got you covered!			KEEP		
sound/dialogue/Mission_2/Allies/dfr_supress_AC9063tg3.mp3	coop_av_uk_suppress69	coop_av_uk_suppress	en	0.98	I got you covered!			KEEP		
sound/dialogue/Mission_2/Allies/dfr_supress_AC9064tg1.mp3	coop_av_uk_suppress70	coop_av_uk_suppress	en	0.99	I GOTTA MOVE OUT!			KEEP		
sound/dialogue/Mission_2/Allies/dfr_supress_AC9064tg2.mp3	coop_av_uk_suppress71	coop_av_uk_suppress	en	0.99	I GOTTA MOVE OUT!			KEEP		
sound/dialogue/Mission_2/Allies/dfr_supress_AC9064tg3.mp3	coop_av_uk_suppress72	coop_av_uk_suppress	en	0.98	I got him! Move out!			KEEP		
sound/dialogue/Mission_2/Allies/dfr_supress_AP4346tm2.mp3	coop_av_uk_suppress73	coop_av_uk_suppress	en	0.98	COVERING FIRE!			KEEP		
sound/dialogue/Mission_2/Allies/dfr_supress_AP4346tm3.mp3	coop_av_uk_suppress74	coop_av_uk_suppress	en	0.97	COVER RAID FIRE!			KEEP		
sound/dialogue/Mission_2/Allies/dfr_supress_AP4349tm2.mp3	coop_av_uk_suppress75	coop_av_uk_suppress	en	0.98	I GOT YOU COVERED!			KEEP		
sound/dialogue/Mission_2/Allies/dfr_supress_AP4349tm3.mp3	coop_av_uk_suppress76	coop_av_uk_suppress	en	0.97	I GOT YOU COVERED!			KEEP		
sound/dialogue/Mission_2/Allies/dfr_supress_AP4349tm4.mp3	coop_av_uk_suppress77	coop_av_uk_suppress	en	0.98	I got you covered!			KEEP		
sound/dialogue/Mission_2/Allies/dfr_supress_AP4350tm1.mp3	coop_av_uk_suppress78	coop_av_uk_suppress	en	0.99	I got him! Move out!			KEEP		
sound/dialogue/Mission_2/Allies/dfr_supress_AP4350tm2.mp3	coop_av_uk_suppress79	coop_av_uk_suppress	en	0.99	I got him! Move out!			KEEP		
sound/dialogue/Mission_2/Allies/dfr_supress_AP4350tm3.mp3	coop_av_uk_suppress80	coop_av_uk_suppress	en	0.99	I got him! Move out!			KEEP		
sound/dialogue/Mission_2/Allies/dfr_supress_AM4113tj1.mp3	coop_av_uk_suppress81	coop_av_uk_suppress	en	0.98	Covering fire!			KEEP		
sound/dialogue/Mission_2/Allies/dfr_supress_AM4113tj2.mp3	coop_av_uk_suppress82	coop_av_uk_suppress	en	0.99	COVERING FIRE!			KEEP		
sound/dialogue/Mission_2/Allies/dfr_supress_AM4113tj3.mp3	coop_av_uk_suppress83	coop_av_uk_suppress	en	0.97	Covering fire!			KEEP		
sound/dialogue/Mission_2/Allies/dfr_supress_AM4114tj1.mp3	coop_av_uk_suppress84	coop_av_uk_suppress	en	0.93	MOVE!			KEEP		
sound/dialogue/Mission_2/Allies/dfr_supress_AM4115tj1.mp3	coop_av_uk_suppress85	coop_av_uk_suppress	en	0.96	Go! Go!			KEEP		
sound/dialogue/Mission_2/Allies/dfr_supress_AM4115tj3.mp3	coop_av_uk_suppress86	coop_av_uk_suppress	en	0.96	GO! GO!			KEEP		
sound/dialogue/Mission_2/Allies/dfr_supress_AM4116tj2.mp3	coop_av_uk_suppress87	coop_av_uk_suppress	en	0.99	I got you covered!			KEEP		
sound/dialogue/Mission_2/Allies/dfr_supress_AM4116tj3.mp3	coop_av_uk_suppress88	coop_av_uk_suppress	en	0.99	I GOT YOU COVERED!			KEEP		
sound/dialogue/Mission_2/Allies/dfr_supress_AM4117tj1.mp3	coop_av_uk_suppress89	coop_av_uk_suppress	en	0.99	I gotta move out!			KEEP		
sound/dialogue/Mission_2/Allies/dfr_supress_AM4117tj2.mp3	coop_av_uk_suppress90	coop_av_uk_suppress	en	0.99	I GOTTA MOVE OUT!			KEEP		
sound/dialogue/Mission_2/Allies/dfr_supress_AM4117tj3.mp3	coop_av_uk_suppress91	coop_av_uk_suppress	en	0.99	I GOTTA MOVE OUT!			KEEP		
sound/dialogue/Mission_2/Allies/dfr_supress_AS2946th2.mp3	coop_av_uk_suppress92	coop_av_uk_suppress	en	0.98	COVERING FIRE!			KEEP		
sound/dialogue/Mission_2/Allies/dfr_supress_AS2946th3.mp3	coop_av_uk_suppress93	coop_av_uk_suppress	en	0.98	COVERING FIRE!			KEEP		
sound/dialogue/Mission_2/Allies/dfr_supress_AS2948th1.mp3	coop_av_uk_suppress94	coop_av_uk_suppress	en	0.95	GO! GO!			KEEP		
sound/dialogue/Mission_2/Allies/dfr_supress_AS2948th3.mp3	coop_av_uk_suppress95	coop_av_uk_suppress	en	0.96	GO! GO!			KEEP		
sound/dialogue/Mission_2/Allies/dfr_supress_AS2949th3.mp3	coop_av_uk_suppress96	coop_av_uk_suppress	en	0.99	I got you covered!			KEEP		
sound/dialogue/Mission_2/Allies/dfr_supress_AS2950th1.mp3	coop_av_uk_suppress97	coop_av_uk_suppress	en	1.00	I got him! Move out!			KEEP		
sound/dialogue/Mission_2/Allies/dfr_supress_AS2950th2.mp3	coop_av_uk_suppress98	coop_av_uk_suppress	en	0.99	I gotta move out!			KEEP		
sound/dialogue/Mission_2/Allies/dfr_supress_AS2952th1.mp3	coop_av_uk_suppress99	coop_av_uk_suppress	en	0.99	Cover me!		~reload	KEEP		
sound/dialogue/Mission_2/Allies/dfr_supress_AS2952th2.mp3	coop_av_uk_suppress100	coop_av_uk_suppress	en	0.99	Cover me!		~reload	KEEP		
sound/dialogue/Mission_2/Allies/dfr_supress_AS2952th3.mp3	coop_av_uk_suppress101	coop_av_uk_suppress	en	0.99	Cover me!		~reload	KEEP		
sound/dialogue/Mission_2/Allies/dfr_supress_AS3046ty1.mp3	coop_av_uk_suppress102	coop_av_uk_suppress	en	0.99	Covering fire!			KEEP		
sound/dialogue/Mission_2/Allies/dfr_supress_AS3046ty2.mp3	coop_av_uk_suppress103	coop_av_uk_suppress	en	0.98	Covering fire!			KEEP		
sound/dialogue/Mission_2/Allies/dfr_supress_AS3046ty3.mp3	coop_av_uk_suppress104	coop_av_uk_suppress	en	0.98	Covering fire!			KEEP		
sound/dialogue/Mission_2/Allies/dfr_supress_AS3047ty1.mp3	coop_av_uk_suppress105	coop_av_uk_suppress	en	0.95	MOVE!			KEEP		
sound/dialogue/Mission_2/Allies/dfr_supress_AS3047ty2.mp3	coop_av_uk_suppress106	coop_av_uk_suppress	en	0.88	MOVE!			KEEP		
sound/dialogue/Mission_2/Allies/dfr_supress_AS3047ty3.mp3	coop_av_uk_suppress107	coop_av_uk_suppress	en	0.92	MOVE!			KEEP		
sound/dialogue/Mission_2/Allies/dfr_supress_AS3048ty1.mp3	coop_av_uk_suppress108	coop_av_uk_suppress	en	0.95	Go! Go!			KEEP		
sound/dialogue/Mission_2/Allies/dfr_supress_AS3048ty2.mp3	coop_av_uk_suppress109	coop_av_uk_suppress	en	0.96	GO! GO!			KEEP		
sound/dialogue/Mission_2/Allies/dfr_supress_AS3048ty3.mp3	coop_av_uk_suppress110	coop_av_uk_suppress	en	0.91	GO GO!			KEEP		
sound/dialogue/Mission_2/Allies/dfr_supress_AS3049ty2.mp3	coop_av_uk_suppress111	coop_av_uk_suppress	en	0.99	I GOT YOU COVERED!			KEEP		
sound/dialogue/Mission_2/Allies/dfr_supress_AS3049ty3.mp3	coop_av_uk_suppress112	coop_av_uk_suppress	en	0.98	I GOT YOU COVERED!			KEEP		
sound/dialogue/Mission_2/Allies/dfr_supress_AS3050ty1.mp3	coop_av_uk_suppress113	coop_av_uk_suppress	en	0.99	I got him! Move out!			KEEP		
sound/dialogue/Mission_2/Allies/dfr_supress_AS3050ty3.mp3	coop_av_uk_suppress114	coop_av_uk_suppress	en	0.99	I got him! Move out!			KEEP		
sound/dialogue/Mission_2/Allies/dfr_supress_AS2848tw1.mp3	coop_av_uk_suppress115	coop_av_uk_suppress	en	0.97	Covering fire!			KEEP		
sound/dialogue/Mission_2/Allies/dfr_supress_AS2848tw2.mp3	coop_av_uk_suppress116	coop_av_uk_suppress	en	0.97	Covering fire!			KEEP		
sound/dialogue/Mission_2/Allies/dfr_supress_AS2848tw3.mp3	coop_av_uk_suppress117	coop_av_uk_suppress	en	0.98	Covering fire!			KEEP		
sound/dialogue/Mission_2/Allies/dfr_supress_AS2849tw1.mp3	coop_av_uk_suppress118	coop_av_uk_suppress	en	0.99	MOVE!			KEEP		
sound/dialogue/Mission_2/Allies/dfr_supress_AS2849tw2.mp3	coop_av_uk_suppress119	coop_av_uk_suppress	en	0.98	MOVE!			KEEP		
sound/dialogue/Mission_2/Allies/dfr_supress_AS2850tw1.mp3	coop_av_uk_suppress120	coop_av_uk_suppress	en	0.97	Go! Go!			KEEP		
sound/dialogue/Mission_2/Allies/dfr_supress_AS2850tw2.mp3	coop_av_uk_suppress121	coop_av_uk_suppress	en	0.95	Go, go!			KEEP		
sound/dialogue/Mission_2/Allies/dfr_supress_AS2850tw3.mp3	coop_av_uk_suppress122	coop_av_uk_suppress	en	0.92	Go! Go!			KEEP		
sound/dialogue/Mission_2/Allies/dfr_supress_AS2851tw2.mp3	coop_av_uk_suppress123	coop_av_uk_suppress	en	1.00	I got you covered!			KEEP		
sound/dialogue/Mission_2/Allies/dfr_supress_AS2851tw3.mp3	coop_av_uk_suppress124	coop_av_uk_suppress	en	0.99	I got you covered!			KEEP		
sound/dialogue/Mission_2/Allies/dfr_supress_AS2852tw1.mp3	coop_av_uk_suppress125	coop_av_uk_suppress	en	0.99	I got him! Move out!			KEEP		
sound/dialogue/Mission_2/Allies/dfr_supress_AS2852tw2.mp3	coop_av_uk_suppress126	coop_av_uk_suppress	en	0.99	I got him! Move out!			KEEP		
sound/dialogue/Mission_3/Allies/dfr_supress_RS7816ts1.mp3	coop_av_uk_suppress127	coop_av_uk_suppress	ru	0.94	Прикрой меня!			KEEP		
sound/dialogue/Mission_3/Allies/dfr_supress_RS7816ts2.mp3	coop_av_uk_suppress128	coop_av_uk_suppress	ru	0.92	Прикрой меня!			KEEP		
sound/dialogue/Mission_3/Allies/dfr_supress_RS7816ts3.mp3	coop_av_uk_suppress129	coop_av_uk_suppress	ru	0.95	Да прикрой же меня!			KEEP		
sound/dialogue/Mission_3/Allies/dfr_supress_RS7817ts1.mp3	coop_av_uk_suppress130	coop_av_uk_suppress	ru	0.37	ИРОД!!!			KEEP		
sound/dialogue/Mission_3/Allies/dfr_supress_RS7817ts2.mp3	coop_av_uk_suppress131	coop_av_uk_suppress	ru	0.54	ИРОТ!			KEEP		
sound/dialogue/Mission_3/Allies/dfr_supress_RS7817ts3.mp3	coop_av_uk_suppress132	coop_av_uk_suppress	ru	0.55	Вперёд!			KEEP		
sound/dialogue/Mission_3/Allies/dfr_supress_RS7818ts1.mp3	coop_av_uk_suppress133	coop_av_uk_suppress	hi	0.49	पशो!			KEEP	low-confidence transcript of a uk-pool take; retail nation-specific bark, kept	
sound/dialogue/Mission_3/Allies/dfr_supress_RS7818ts2.mp3	coop_av_uk_suppress134	coop_av_uk_suppress	ru	0.47	Давай, пошел!			KEEP		
sound/dialogue/Mission_3/Allies/dfr_supress_RS7818ts3.mp3	coop_av_uk_suppress135	coop_av_uk_suppress	pt	0.35	DO PASCHÃO!			KEEP	low-confidence transcript of a uk-pool take; retail nation-specific bark, kept	
sound/dialogue/Mission_3/Allies/dfr_supress_RS7819ts1.mp3	coop_av_uk_suppress136	coop_av_uk_suppress	ru	0.76	Я тебя прикрыл!			KEEP		
sound/dialogue/Mission_3/Allies/dfr_supress_RS7819ts2.mp3	coop_av_uk_suppress137	coop_av_uk_suppress	ru	0.86	Я тебя прикрыл!			KEEP		
sound/dialogue/Mission_3/Allies/dfr_supress_RS7819ts3.mp3	coop_av_uk_suppress138	coop_av_uk_suppress	ru	0.46	Я тебя приклею!			KEEP		
sound/dialogue/Mission_3/Allies/dfr_supress_RS7820ts6.mp3	coop_av_uk_suppress139	coop_av_uk_suppress	ru	0.79	Эти мои! И не дальше!			KEEP		
sound/dialogue/Mission_3/Allies/dfr_supress_RS7820ts7.mp3	coop_av_uk_suppress140	coop_av_uk_suppress	ru	0.91	Эти мои! Иди дальше!			KEEP		
sound/dialogue/Mission_3/Allies/dfr_supress_RS7820ts8.mp3	coop_av_uk_suppress141	coop_av_uk_suppress	ru	0.73	Эти мои! Иди дальше!			KEEP		
sound/dialogue/Mission_3/Allies/dfr_supress_RS7716te1.mp3	coop_av_uk_suppress142	coop_av_uk_suppress	ru	0.97	Прикрой меня!			KEEP		
sound/dialogue/Mission_3/Allies/dfr_supress_RS7716te2.mp3	coop_av_uk_suppress143	coop_av_uk_suppress	ru	0.97	Прикрой меня!			KEEP		
sound/dialogue/Mission_3/Allies/dfr_supress_RS7716te3.mp3	coop_av_uk_suppress144	coop_av_uk_suppress	ru	0.95	Прикрой меня!			KEEP		
sound/dialogue/Mission_3/Allies/dfr_supress_RS7717te1.mp3	coop_av_uk_suppress145	coop_av_uk_suppress	ru	0.93	Вперёд!			KEEP		
sound/dialogue/Mission_3/Allies/dfr_supress_RS7717te2.mp3	coop_av_uk_suppress146	coop_av_uk_suppress	ru	0.98	Вперёд!			KEEP		
sound/dialogue/Mission_3/Allies/dfr_supress_RS7717te3.mp3	coop_av_uk_suppress147	coop_av_uk_suppress	ru	0.74	Вперёд!			KEEP		
sound/dialogue/Mission_3/Allies/dfr_supress_RS7718te3.mp3	coop_av_uk_suppress148	coop_av_uk_suppress	ru	0.69	ПОШОЛ! ПОШОЛ!			KEEP		
sound/dialogue/Mission_3/Allies/dfr_supress_RS7718te4.mp3	coop_av_uk_suppress149	coop_av_uk_suppress	pt	0.25	PASHOU! PASHOU!			KEEP	low-confidence transcript of a uk-pool take; retail nation-specific bark, kept	
sound/dialogue/Mission_3/Allies/dfr_supress_RS7718te5.mp3	coop_av_uk_suppress150	coop_av_uk_suppress	ru	0.85	ПОШОЛ! ПОШОЛ!			KEEP		
sound/dialogue/Mission_3/Allies/dfr_supress_RS7719te1.mp3	coop_av_uk_suppress151	coop_av_uk_suppress	ru	0.92	Я ТЕБЯ ПРИКРЫЛ!			KEEP		
sound/dialogue/Mission_3/Allies/dfr_supress_RS7719te2.mp3	coop_av_uk_suppress152	coop_av_uk_suppress	ru	0.93	Я тебя прикрел!			KEEP		
sound/dialogue/Mission_3/Allies/dfr_supress_RS7719te3.mp3	coop_av_uk_suppress153	coop_av_uk_suppress	ru	0.93	Я тебя прикрел!			KEEP		
sound/dialogue/Mission_3/Allies/dfr_supress_RS7720te1.mp3	coop_av_uk_suppress154	coop_av_uk_suppress	ru	0.96	Эти мои! Иди дальше!			KEEP		
sound/dialogue/Mission_3/Allies/dfr_supress_RS7720te3.mp3	coop_av_uk_suppress155	coop_av_uk_suppress	ru	0.91	Эти мои, иди дальше!			KEEP		
sound/dialogue/Mission_3/Allies/dfr_supress_RS7720te5.mp3	coop_av_uk_suppress156	coop_av_uk_suppress	ru	0.88	ЭТИ МОЕЙ ДИДАЧЕ!			KEEP		
sound/dialogue/Mission_1/Allies/dfr_supress_BC6947ta1.mp3	coop_av_uk_suppress157	coop_av_uk_suppress	en	0.97	Covering fire!			KEEP		
sound/dialogue/Mission_1/Allies/dfr_supress_BC6947ta2.mp3	coop_av_uk_suppress158	coop_av_uk_suppress	en	0.97	COVERING FIRE!			KEEP		
sound/dialogue/Mission_1/Allies/dfr_supress_BC6947ta3.mp3	coop_av_uk_suppress159	coop_av_uk_suppress	en	0.98	COVERING FIRE!			KEEP		
sound/dialogue/Mission_1/Allies/dfr_supress_BC6948ta1.mp3	coop_av_uk_suppress160	coop_av_uk_suppress	en	0.80	MOVE!			KEEP		
sound/dialogue/Mission_1/Allies/dfr_supress_BC6948ta2.mp3	coop_av_uk_suppress161	coop_av_uk_suppress	en	0.90	MOVE!			KEEP		
sound/dialogue/Mission_1/Allies/dfr_supress_BC6948ta3.mp3	coop_av_uk_suppress162	coop_av_uk_suppress	en	0.96	MOVE!			KEEP		
sound/dialogue/Mission_1/Allies/dfr_supress_BC6949ta1.mp3	coop_av_uk_suppress163	coop_av_uk_suppress	en	0.91	GO! GO!			KEEP		
sound/dialogue/Mission_1/Allies/dfr_supress_BC6949ta2.mp3	coop_av_uk_suppress164	coop_av_uk_suppress	en	0.87	Go! Go!			KEEP		
sound/dialogue/Mission_1/Allies/dfr_supress_BC6949ta3.mp3	coop_av_uk_suppress165	coop_av_uk_suppress	en	0.96	GO! GO!			KEEP		
sound/dialogue/Mission_1/Allies/dfr_supress_BC6950ta2.mp3	coop_av_uk_suppress166	coop_av_uk_suppress	en	0.95	I got you covered!			KEEP		
sound/dialogue/Mission_1/Allies/dfr_supress_BC6950ta3.mp3	coop_av_uk_suppress167	coop_av_uk_suppress	en	0.98	I GOT YOU COVERED!			KEEP		
sound/dialogue/Mission_1/Allies/dfr_supress_BC6950ta4.mp3	coop_av_uk_suppress168	coop_av_uk_suppress	en	0.98	I GOT YOU COVERED!			KEEP		
sound/dialogue/Mission_1/Allies/dfr_supress_BC6951ta8.mp3	coop_av_uk_suppress169	coop_av_uk_suppress	en	0.99	I got him! Move out!			KEEP		
sound/dialogue/Mission_1/Allies/dfr_supress_BC6951ta9.mp3	coop_av_uk_suppress170	coop_av_uk_suppress	en	0.99	I got him! Move out!			KEEP		
sound/dialogue/Mission_1/Allies/dfr_supress_BC6951ta10.mp3	coop_av_uk_suppress171	coop_av_uk_suppress	en	0.99	I GOT EM! MOVE OUT!			KEEP		
sound/dialogue/Mission_1/Allies/dfr_supress_BS6022tc1.mp3	coop_av_uk_suppress172	coop_av_uk_suppress	en	0.96	COVERING FOP!			KEEP		
sound/dialogue/Mission_1/Allies/dfr_supress_BS6022tc2.mp3	coop_av_uk_suppress173	coop_av_uk_suppress	en	0.87	Covering fire!			KEEP		
sound/dialogue/Mission_1/Allies/dfr_supress_BS6022tc3.mp3	coop_av_uk_suppress174	coop_av_uk_suppress	en	0.93	February 4th!			KEEP		
sound/dialogue/Mission_1/Allies/dfr_supress_BS6023tc1.mp3	coop_av_uk_suppress175	coop_av_uk_suppress	en	0.95	MOVE!			KEEP		
sound/dialogue/Mission_1/Allies/dfr_supress_BS6023tc2.mp3	coop_av_uk_suppress176	coop_av_uk_suppress	en	0.95	MOVE!			KEEP		
sound/dialogue/Mission_1/Allies/dfr_supress_BS6023tc3.mp3	coop_av_uk_suppress177	coop_av_uk_suppress	en	0.92	BOOF!			KEEP		
sound/dialogue/Mission_1/Allies/dfr_supress_BS6024tc1.mp3	coop_av_uk_suppress178	coop_av_uk_suppress	en	0.94	GO! GO!			KEEP		
sound/dialogue/Mission_1/Allies/dfr_supress_BS6024tc2.mp3	coop_av_uk_suppress179	coop_av_uk_suppress	en	0.89	GO GO!			KEEP		
sound/dialogue/Mission_1/Allies/dfr_supress_BS6024tc3.mp3	coop_av_uk_suppress180	coop_av_uk_suppress	en	0.91	GO! GO!			KEEP		
sound/dialogue/Mission_1/Allies/dfr_supress_BS6025tc1.mp3	coop_av_uk_suppress181	coop_av_uk_suppress	en	0.94	I got your cannon!			KEEP		
sound/dialogue/Mission_1/Allies/dfr_supress_BS6025tc2.mp3	coop_av_uk_suppress182	coop_av_uk_suppress	en	0.92	What are you covered?			KEEP		
sound/dialogue/Mission_1/Allies/dfr_supress_BS6025tc3.mp3	coop_av_uk_suppress183	coop_av_uk_suppress	en	0.86	I GOT YOU COVERED!			KEEP		
sound/dialogue/Mission_1/Allies/dfr_supress_BS6026tc1.mp3	coop_av_uk_suppress184	coop_av_uk_suppress	en	0.94	I got him! My lap!			KEEP		
sound/dialogue/Mission_1/Allies/dfr_supress_BS6026tc2.mp3	coop_av_uk_suppress185	coop_av_uk_suppress	en	0.99	I gotta move out!			KEEP		
sound/dialogue/Mission_1/Allies/dfr_supress_BS6121td1.mp3	coop_av_uk_suppress186	coop_av_uk_suppress	en	0.96	Cover in fire!			KEEP		
sound/dialogue/Mission_1/Allies/dfr_supress_BS6121td2.mp3	coop_av_uk_suppress187	coop_av_uk_suppress	en	0.95	Cover in fire!			KEEP		
sound/dialogue/Mission_1/Allies/dfr_supress_BS6121td3.mp3	coop_av_uk_suppress188	coop_av_uk_suppress	en	0.98	COVER IN FIRE!			KEEP		
sound/dialogue/Mission_1/Allies/dfr_supress_BS6122td1.mp3	coop_av_uk_suppress189	coop_av_uk_suppress	en	0.78	MOVE!			KEEP		
sound/dialogue/Mission_1/Allies/dfr_supress_BS6122td2.mp3	coop_av_uk_suppress190	coop_av_uk_suppress	en	0.98	MOVE!			KEEP		
sound/dialogue/Mission_1/Allies/dfr_supress_BS6122td3.mp3	coop_av_uk_suppress191	coop_av_uk_suppress	en	0.94	MOVE!			KEEP		
sound/dialogue/Mission_1/Allies/dfr_supress_BS6123td2.mp3	coop_av_uk_suppress192	coop_av_uk_suppress	en	0.90	GO GO!			KEEP		
sound/dialogue/Mission_1/Allies/dfr_supress_BS6123td3.mp3	coop_av_uk_suppress193	coop_av_uk_suppress	en	0.91	GO GO!			KEEP		
sound/dialogue/Mission_1/Allies/dfr_supress_BS6123td4.mp3	coop_av_uk_suppress194	coop_av_uk_suppress	en	0.93	GO GO!			KEEP		
sound/dialogue/Mission_1/Allies/dfr_supress_BS6124td1.mp3	coop_av_uk_suppress195	coop_av_uk_suppress	en	0.99	I got you covered!			KEEP		
sound/dialogue/Mission_1/Allies/dfr_supress_BS6124td2.mp3	coop_av_uk_suppress196	coop_av_uk_suppress	en	0.98	I'VE GOT YOU COVERED!			KEEP		
sound/dialogue/Mission_1/Allies/dfr_supress_BS6124td3.mp3	coop_av_uk_suppress197	coop_av_uk_suppress	en	0.98	I've got you covered!			KEEP		
sound/dialogue/Mission_1/Allies/dfr_supress_BS6125td1.mp3	coop_av_uk_suppress198	coop_av_uk_suppress	en	0.98	I got him! Move out!			KEEP		
sound/dialogue/Mission_1/Allies/dfr_supress_BS6125td2.mp3	coop_av_uk_suppress199	coop_av_uk_suppress	en	0.99	I got him! Move out!			KEEP		
sound/dialogue/Mission_1/Allies/dfr_supress_BS6125td3.mp3	coop_av_uk_suppress200	coop_av_uk_suppress	en	0.99	I got him! Move out!			KEEP		
sound/dialogue/Mission_1/Allies/dfr_supress_BP6724tb1.mp3	coop_av_uk_suppress201	coop_av_uk_suppress	en	0.95	COVERING FIRE!			KEEP		
sound/dialogue/Mission_1/Allies/dfr_supress_BP6724tb2.mp3	coop_av_uk_suppress202	coop_av_uk_suppress	en	0.97	Covering fire!			KEEP		
sound/dialogue/Mission_1/Allies/dfr_supress_BP6724tb3.mp3	coop_av_uk_suppress203	coop_av_uk_suppress	en	0.98	COVERING FIRE!			KEEP		
sound/dialogue/Mission_1/Allies/dfr_supress_BP6725tb1.mp3	coop_av_uk_suppress204	coop_av_uk_suppress	en	0.95	MOVE!			KEEP		
sound/dialogue/Mission_1/Allies/dfr_supress_BP6725tb2.mp3	coop_av_uk_suppress205	coop_av_uk_suppress	en	0.95	BOOM!			KEEP		
sound/dialogue/Mission_1/Allies/dfr_supress_BP6725tb3.mp3	coop_av_uk_suppress206	coop_av_uk_suppress	en	0.58	BOOM!			KEEP		
sound/dialogue/Mission_1/Allies/dfr_supress_BP6726tb2.mp3	coop_av_uk_suppress207	coop_av_uk_suppress	en	0.97	GO GO!			KEEP		
sound/dialogue/Mission_1/Allies/dfr_supress_BP6726tb3.mp3	coop_av_uk_suppress208	coop_av_uk_suppress	en	0.96	GO! GO!			KEEP		
sound/dialogue/Mission_1/Allies/dfr_supress_BP6727tb1.mp3	coop_av_uk_suppress209	coop_av_uk_suppress	en	0.97	I GOT YOU COVERED!			KEEP		
sound/dialogue/Mission_1/Allies/dfr_supress_BP6727tb2.mp3	coop_av_uk_suppress210	coop_av_uk_suppress	en	0.98	I GOT YOU COVERED!			KEEP		
sound/dialogue/Mission_1/Allies/dfr_supress_BP6727tb3.mp3	coop_av_uk_suppress211	coop_av_uk_suppress	en	0.96	I GOT YOU COVERED!			KEEP		
sound/dialogue/Mission_1/Allies/dfr_supress_BP6728tb1.mp3	coop_av_uk_suppress212	coop_av_uk_suppress	en	0.98	I got him! Move out!			KEEP		
sound/dialogue/Mission_1/Allies/dfr_supress_BP6728tb2.mp3	coop_av_uk_suppress213	coop_av_uk_suppress	en	0.99	I got him! Move out!			KEEP		
sound/dialogue/Mission_1/Allies/dfr_supress_BP6728tb3.mp3	coop_av_uk_suppress214	coop_av_uk_suppress	en	0.98	I got him! Move out!			KEEP		
sound/dialogue/generic/UK/DFRUK_global_BS5042xj01.mp3	coop_av_uk_suppress215	coop_av_uk_suppress	en	0.89	Go! Go!			KEEP		
sound/dialogue/generic/UK/DFRUK_global_BS5042xj02.mp3	coop_av_uk_suppress216	coop_av_uk_suppress	en	0.87	GO GO!			KEEP		
sound/dialogue/generic/UK/DFRUK_global_BS5042xj03.mp3	coop_av_uk_suppress217	coop_av_uk_suppress	en	0.94	GO! GO!			KEEP		
sound/dialogue/generic/UK/DFRUK_global_BS5043xj01.mp3	coop_av_uk_suppress218	coop_av_uk_suppress	en	0.93	I got you covered!			KEEP		
sound/dialogue/generic/UK/DFRUK_global_BS5043xj02.mp3	coop_av_uk_suppress219	coop_av_uk_suppress	en	0.88	I GOT YOU COVERED!			KEEP		
sound/dialogue/generic/UK/DFRUK_global_BS5044xj01.mp3	coop_av_uk_suppress220	coop_av_uk_suppress	en	0.99	I got him! Move out!			KEEP		
sound/dialogue/generic/UK/DFRUK_global_BS5044xj03.mp3	coop_av_uk_suppress221	coop_av_uk_suppress	en	0.99	I've got him! Move out!			KEEP		
sound/dialogue/generic/UK/DFRUK_alert_PC3368xg01.mp3	coop_av_uk_suppress222	coop_av_uk_suppress	en	0.98	MOVE! MOVE! MOVE!			KEEP		
sound/dialogue/generic/UK/DFRUK_alert_PC3368xg02.mp3	coop_av_uk_suppress223	coop_av_uk_suppress	en	0.98	MOVE! MOVE! MOVE!			KEEP		
sound/dialogue/generic/UK/DFRUK_alert_PC3369xg02.mp3	coop_av_uk_suppress224	coop_av_uk_suppress	en	0.92	Go! Go!			KEEP		
sound/dialogue/generic/UK/DFRUK_alert_PC3370xg02.mp3	coop_av_uk_suppress225	coop_av_uk_suppress	en	0.97	I've got you covered!			KEEP		
sound/dialogue/generic/UK/DFRUK_alert_PC3370xg06.mp3	coop_av_uk_suppress226	coop_av_uk_suppress	en	0.97	I've got you covered!			KEEP		
sound/dialogue/generic/UK/DFRUK_alert_PC3371xg01.mp3	coop_av_uk_suppress227	coop_av_uk_suppress	en	0.99	I got him! Move out!			KEEP		
sound/dialogue/generic/UK/DFRUK_suppress_TS3674xh01.mp3	coop_av_uk_suppress228	coop_av_uk_suppress	en	0.98	COVERING FIRE!			KEEP		
sound/dialogue/generic/UK/DFRUK_suppress_TS3674xh02.mp3	coop_av_uk_suppress229	coop_av_uk_suppress	en	0.98	COVERING FIRE!			KEEP		
sound/dialogue/generic/UK/DFRUK_suppress_TS3674xh03.mp3	coop_av_uk_suppress230	coop_av_uk_suppress	en	0.97	COVERING FIRE!			KEEP		
sound/dialogue/generic/UK/DFRUK_suppress_TS3675xh01.mp3	coop_av_uk_suppress231	coop_av_uk_suppress	en	0.86	NO!			KEEP		
sound/dialogue/generic/UK/DFRUK_suppress_TS3675xh02.mp3	coop_av_uk_suppress232	coop_av_uk_suppress	en	0.89	NO!			KEEP		
sound/dialogue/generic/UK/DFRUK_suppress_TS3675xh03.mp3	coop_av_uk_suppress233	coop_av_uk_suppress	en	0.97	MOVE!			KEEP		
sound/dialogue/generic/UK/DFRUK_suppress_TS3676xh01.mp3	coop_av_uk_suppress234	coop_av_uk_suppress	en	0.95	GO! GO!			KEEP		
sound/dialogue/generic/UK/DFRUK_suppress_TS3676xh02.mp3	coop_av_uk_suppress235	coop_av_uk_suppress	en	0.96	GO! GO!			KEEP		
sound/dialogue/generic/UK/DFRUK_suppress_TS3677xh01.mp3	coop_av_uk_suppress236	coop_av_uk_suppress	en	0.98	I GOT YOU CAVERED!			KEEP		
sound/dialogue/generic/UK/DFRUK_suppress_TS3677xh03.mp3	coop_av_uk_suppress237	coop_av_uk_suppress	en	0.99	I GOT YOU, CAVERED!			KEEP		
sound/dialogue/generic/UK/DFRUK_suppress_TS3678xh01.mp3	coop_av_uk_suppress238	coop_av_uk_suppress	en	0.99	I got him! Move out!			KEEP		
sound/dialogue/generic/UK/DFRUK_suppress_TS3678xh02.mp3	coop_av_uk_suppress239	coop_av_uk_suppress	en	0.99	I got him! Move out!			KEEP		
sound/dialogue/generic/UK/DFRUK_suppress_TS3678xh03.mp3	coop_av_uk_suppress240	coop_av_uk_suppress	en	0.98	I got him! Move out!			KEEP		
sound/dialogue/generic/UK/DFRUK_suppress_PC3377xg02.mp3	coop_av_uk_suppress241	coop_av_uk_suppress	en	0.99	COVERING FIRE!			KEEP		
sound/dialogue/generic/UK/DFRUK_suppress_PC3377xg03.mp3	coop_av_uk_suppress242	coop_av_uk_suppress	en	0.98	COVERING FIRE!			KEEP		
sound/dialogue/global/US/DFRUS_global_AS6002xf02.mp3	coop_av_us_attack7	coop_av_us_attack	en	0.98	RETURN FIRE!		~Return fire!	KEEP		
sound/dialogue/global/US/DFRUS_global_AS6002xf03.mp3	coop_av_us_attack8	coop_av_us_attack	en	0.95	RETURN FIRE!		~Return fire!	KEEP		
sound/dialogue/global/US/DFRUS_global_AS6302xr01.mp3	coop_av_us_attack9	coop_av_us_attack	en	0.98	Return fire!		~Return fire!	KEEP		
sound/dialogue/global/US/DFRUS_global_AS6302xr02.mp3	coop_av_us_attack10	coop_av_us_attack	en	0.98	Return fire!		~Return fire!	KEEP		
sound/dialogue/global/US/DFRUS_global_AS6302xr03.mp3	coop_av_us_attack11	coop_av_us_attack	en	0.97	RETURN FIRE!		~Return fire!	KEEP		
sound/dialogue/global/US/DFRUS_global_AS6202xb01.mp3	coop_av_us_attack12	coop_av_us_attack	en	0.98	Return fire!		~Return fire!	KEEP		
sound/dialogue/global/US/DFRUS_global_AS6202xb03.mp3	coop_av_us_attack13	coop_av_us_attack	en	0.98	RETURN FIRE!		~Return fire!	KEEP		
sound/dialogue/global/US/DFRUS_global_AS6003xf02.mp3	coop_av_us_attack14	coop_av_us_attack	en	0.75	ABUSH!		~Ambush!	KEEP		
sound/dialogue/global/US/DFRUS_global_AS6003xf03.mp3	coop_av_us_attack15	coop_av_us_attack	en	0.47	AHHHHH BYE!		~Ambush!	CUT	not an attack bark (greeting/thanks/curious/grenade) - misfiled by the meaning-comment classifier	
sound/dialogue/global/US/DFRUS_global_AS6203xb01.mp3	coop_av_us_attack16	coop_av_us_attack	en	0.96	Ambush!		~Ambush!	KEEP		
sound/dialogue/global/US/DFRUS_global_AS6203xb02.mp3	coop_av_us_attack17	coop_av_us_attack	en	0.79	ENBUSH!		~Ambush!	KEEP		
sound/dialogue/global/US/DFRUS_global_AS6203xb03.mp3	coop_av_us_attack18	coop_av_us_attack	en	0.93	Ambush!		~Ambush!	KEEP		
sound/dialogue/global/US/DFRUS_global_AS6303xr01.mp3	coop_av_us_attack19	coop_av_us_attack	en	0.17	ENBUSH!		~Ambush!	KEEP		
sound/dialogue/global/US/DFRUS_global_AS6303xr02.mp3	coop_av_us_attack20	coop_av_us_attack	en	0.94	AMBUSH!		~Ambush!	KEEP		
sound/dialogue/global/US/DFRUS_global_AS6303xr03.mp3	coop_av_us_attack21	coop_av_us_attack	en	0.80	AMBUSH!		~Ambush!	KEEP		
sound/dialogue/global/US/DFRUS_global_AS6004xf03.mp3	coop_av_us_attack22	coop_av_us_attack	en	0.96	THEY'RE EVERYWHERE!		~They're everywhere!	KEEP		
sound/dialogue/global/US/DFRUS_global_AS6204xb01.mp3	coop_av_us_attack23	coop_av_us_attack	en	0.97	THEY'RE EVERYWHERE!		~They're everywhere!	KEEP		
sound/dialogue/global/US/DFRUS_global_AS6204xb02.mp3	coop_av_us_attack24	coop_av_us_attack	en	0.98	THEY'RE EVERYWHERE!		~They're everywhere!	KEEP		
sound/dialogue/global/US/DFRUS_global_AS6304xr01.mp3	coop_av_us_attack25	coop_av_us_attack	en	0.98	They're everywhere!		~They're everywhere!	KEEP		
sound/dialogue/global/US/DFRUS_global_AS6304xr02.mp3	coop_av_us_attack26	coop_av_us_attack	en	0.98	THEY'RE EVERYWHERE!		~They're everywhere!	KEEP		
sound/dialogue/global/US/DFRUS_global_AS6304xr03.mp3	coop_av_us_attack27	coop_av_us_attack	en	0.98	THEY'RE EVERYWHERE!		~They're everywhere!	KEEP		
sound/dialogue/global/US/DFRUS_global_AS6005xf01.mp3	coop_av_us_attack28	coop_av_us_attack	en	0.98	THERE IT IS!		~There he is!	KEEP		
sound/dialogue/global/US/DFRUS_global_AS6005xf02.mp3	coop_av_us_attack29	coop_av_us_attack	en	0.99	THERE HE IS!		~There he is!	KEEP		
sound/dialogue/global/US/DFRUS_global_AS6205xb01.mp3	coop_av_us_attack30	coop_av_us_attack	en	0.99	There he is!		~There he is!	KEEP		
sound/dialogue/global/US/DFRUS_global_AS6205xb02.mp3	coop_av_us_attack31	coop_av_us_attack	en	0.99	THERE HE IS!		~There he is!	KEEP		
sound/dialogue/global/US/DFRUS_global_AS6205xb03.mp3	coop_av_us_attack32	coop_av_us_attack	en	0.99	THERE HE IS!		~There he is!	KEEP		
sound/dialogue/global/US/DFRUS_global_AS6305xr01.mp3	coop_av_us_attack33	coop_av_us_attack	en	0.98	There he is!		~There he is!	KEEP		
sound/dialogue/global/US/DFRUS_global_AS6305xr02.mp3	coop_av_us_attack34	coop_av_us_attack	en	0.99	THERE HE IS!		~There he is!	KEEP		
sound/dialogue/global/US/DFRUS_global_AS6305xr03.mp3	coop_av_us_attack35	coop_av_us_attack	en	0.98	THERE HE IS!		~There he is!	KEEP		
sound/dialogue/global/US/DFRUS_global_AS6006xf04.mp3	coop_av_us_attack36	coop_av_us_attack	en	0.99	That was close!		~That was close.	KEEP		
sound/dialogue/global/US/DFRUS_global_AS6006xf05.mp3	coop_av_us_attack37	coop_av_us_attack	en	0.98	That was close!		~That was close.	KEEP		
sound/dialogue/global/US/DFRUS_global_AS6006xf06.mp3	coop_av_us_attack38	coop_av_us_attack	en	0.99	That was close!		~That was close.	KEEP		
sound/dialogue/global/US/DFRUS_global_AS6206xb06.mp3	coop_av_us_attack39	coop_av_us_attack	en	0.99	That was close!		~That was close.	KEEP		
sound/dialogue/global/US/DFRUS_global_AS6306xr02.mp3	coop_av_us_attack40	coop_av_us_attack	en	0.98	That was close!		~That was close.	KEEP		
sound/dialogue/global/US/DFRUS_global_AS6007xf01.mp3	coop_av_us_attack41	coop_av_us_attack	en	0.95	UP AHEAD!		~Up ahead!	KEEP		
sound/dialogue/global/US/DFRUS_global_AS6007xf08.mp3	coop_av_us_attack42	coop_av_us_attack	en	0.94	UP A HAND!		~Up ahead!	KEEP		
sound/dialogue/global/US/DFRUS_global_AS6207xb01.mp3	coop_av_us_attack43	coop_av_us_attack	en	0.98	UP AHEAD!		~Up ahead!	KEEP		
sound/dialogue/global/US/DFRUS_global_AS6207xb02.mp3	coop_av_us_attack44	coop_av_us_attack	en	0.98	UP AHEAD!		~Up ahead!	KEEP		
sound/dialogue/global/US/DFRUS_global_AS6207xb03.mp3	coop_av_us_attack45	coop_av_us_attack	en	0.98	UP AHEAD!		~Up ahead!	KEEP		
sound/dialogue/global/US/DFRUS_global_AS6307xr01.mp3	coop_av_us_attack46	coop_av_us_attack	en	0.98	UP AHEAD!		~Up ahead!	KEEP		
sound/dialogue/global/US/DFRUS_global_AS6307xr02.mp3	coop_av_us_attack47	coop_av_us_attack	en	0.99	UP AHEAD!		~Up ahead!	KEEP		
sound/dialogue/global/US/DFRUS_global_AS6307xr03.mp3	coop_av_us_attack48	coop_av_us_attack	en	0.98	UP AHEAD!		~Up ahead!	KEEP		
sound/dialogue/global/US/DFRUS_global_AS6008xf02.mp3	coop_av_us_attack49	coop_av_us_attack	en	0.96	BEHIND US!		~Behind us!	KEEP		
sound/dialogue/global/US/DFRUS_global_AS6008xf03.mp3	coop_av_us_attack50	coop_av_us_attack	en	0.85	BEHIND US!		~Behind us!	KEEP		
sound/dialogue/global/US/DFRUS_global_AS6208xb01.mp3	coop_av_us_attack51	coop_av_us_attack	de	0.60	Behind us!		~Behind us!	KEEP		
sound/dialogue/global/US/DFRUS_global_AS6208xb02.mp3	coop_av_us_attack52	coop_av_us_attack	en	0.96	BEHIND US!		~Behind us!	KEEP		
sound/dialogue/global/US/DFRUS_global_AS6208xb03.mp3	coop_av_us_attack53	coop_av_us_attack	en	0.97	BEHIND US!		~Behind us!	KEEP		
sound/dialogue/global/US/DFRUS_global_AS6308xr01.mp3	coop_av_us_attack54	coop_av_us_attack	en	0.60	Behind us!		~Behind us!	KEEP		
sound/dialogue/global/US/DFRUS_global_AS6308xr02.mp3	coop_av_us_attack55	coop_av_us_attack	en	0.93	BEHIND US!		~Behind us!	KEEP		
sound/dialogue/global/US/DFRUS_global_AS6308xr03.mp3	coop_av_us_attack56	coop_av_us_attack	en	0.87	BEHIND US!		~Behind us!	KEEP		
sound/dialogue/global/US/DFRUS_global_AS6009xf01.mp3	coop_av_us_attack57	coop_av_us_attack	en	0.97	Bye, soldier!		~Fight soldier!	KEEP		
sound/dialogue/global/US/DFRUS_global_AS6209xb01.mp3	coop_av_us_attack58	coop_av_us_attack	en	0.96	FIGHT, SHOLDER!		~Fight soldier!	KEEP		
sound/dialogue/global/US/DFRUS_global_AS6209xb02.mp3	coop_av_us_attack59	coop_av_us_attack	en	0.97	FIGHT SOLDIER!		~Fight soldier!	KEEP		
sound/dialogue/global/US/DFRUS_global_AS6209xb03.mp3	coop_av_us_attack60	coop_av_us_attack	en	0.97	Fight, soldier!		~Fight soldier!	KEEP		
sound/dialogue/global/US/DFRUS_global_AS6309xr01.mp3	coop_av_us_attack61	coop_av_us_attack	en	0.97	Fight, soldier!		~Fight soldier!	KEEP		
sound/dialogue/global/US/DFRUS_global_AS6309xr02.mp3	coop_av_us_attack62	coop_av_us_attack	en	0.89	Fight, soldier!		~Fight soldier!	KEEP		
sound/dialogue/global/US/DFRUS_global_AS6309xr03.mp3	coop_av_us_attack63	coop_av_us_attack	en	0.96	Bye, soldier!		~Fight soldier!	KEEP		
sound/dialogue/global/US/DFRUS_global_AS6010xf02.mp3	coop_av_us_attack64	coop_av_us_attack	en	0.99	What was that?		~What was that?	CUT	not an attack bark (greeting/thanks/curious/grenade) - misfiled by the meaning-comment classifier	
sound/dialogue/global/US/DFRUS_global_AS6010xf03.mp3	coop_av_us_attack65	coop_av_us_attack	en	0.99	WHAT WAS THAT?!		~What was that?	CUT	not an attack bark (greeting/thanks/curious/grenade) - misfiled by the meaning-comment classifier	
sound/dialogue/global/US/DFRUS_global_AS6010xf04.mp3	coop_av_us_attack66	coop_av_us_attack	en	0.96	What was that?		~What was that?	CUT	not an attack bark (greeting/thanks/curious/grenade) - misfiled by the meaning-comment classifier	
sound/dialogue/global/US/DFRUS_global_AS6210xb01.mp3	coop_av_us_attack67	coop_av_us_attack	en	0.94	What was that?		~What was that?	CUT	not an attack bark (greeting/thanks/curious/grenade) - misfiled by the meaning-comment classifier	
sound/dialogue/global/US/DFRUS_global_AS6210xb05.mp3	coop_av_us_attack68	coop_av_us_attack	en	0.94	What was that?		~What was that?	CUT	not an attack bark (greeting/thanks/curious/grenade) - misfiled by the meaning-comment classifier	
sound/dialogue/global/US/DFRUS_global_AS6310xr01.mp3	coop_av_us_attack69	coop_av_us_attack	en	0.99	What was that?		~What was that?	CUT	not an attack bark (greeting/thanks/curious/grenade) - misfiled by the meaning-comment classifier	
sound/dialogue/global/US/DFRUS_global_AS6310xr02.mp3	coop_av_us_attack70	coop_av_us_attack	en	0.99	What was that?		~What was that?	CUT	not an attack bark (greeting/thanks/curious/grenade) - misfiled by the meaning-comment classifier	
sound/dialogue/global/US/DFRUS_global_AS6310xr03.mp3	coop_av_us_attack71	coop_av_us_attack	en	0.98	What was that?		~What was that?	CUT	not an attack bark (greeting/thanks/curious/grenade) - misfiled by the meaning-comment classifier	
sound/dialogue/global/US/DFRUS_global_AS6011xf02.mp3	coop_av_us_attack72	coop_av_us_attack	en	0.92	HELP!		~Help!	CUT	not an attack bark (greeting/thanks/curious/grenade) - misfiled by the meaning-comment classifier	
sound/dialogue/global/US/DFRUS_global_AS6211xb01.mp3	coop_av_us_attack73	coop_av_us_attack	en	0.95	HELP!		~Help!	CUT	not an attack bark (greeting/thanks/curious/grenade) - misfiled by the meaning-comment classifier	
sound/dialogue/global/US/DFRUS_global_AS6211xb02.mp3	coop_av_us_attack74	coop_av_us_attack	en	0.96	HELP!		~Help!	CUT	not an attack bark (greeting/thanks/curious/grenade) - misfiled by the meaning-comment classifier	
sound/dialogue/global/US/DFRUS_global_AS6311xr01.mp3	coop_av_us_attack75	coop_av_us_attack	en	0.98	Help!		~Help!	CUT	not an attack bark (greeting/thanks/curious/grenade) - misfiled by the meaning-comment classifier	
sound/dialogue/global/US/DFRUS_global_AS6311xr02.mp3	coop_av_us_attack76	coop_av_us_attack	en	0.98	Help!		~Help!	CUT	not an attack bark (greeting/thanks/curious/grenade) - misfiled by the meaning-comment classifier	
sound/dialogue/global/US/DFRUS_global_AS6311xr03.mp3	coop_av_us_attack77	coop_av_us_attack	en	0.97	HELP!		~Help!	CUT	not an attack bark (greeting/thanks/curious/grenade) - misfiled by the meaning-comment classifier	
sound/dialogue/global/US/DFRUS_global_AS6311xr04.mp3	coop_av_us_attack78	coop_av_us_attack	en	0.98	HELP!		~Help!	CUT	not an attack bark (greeting/thanks/curious/grenade) - misfiled by the meaning-comment classifier	
sound/dialogue/global/US/DFRUS_global_AS6311xr05.mp3	coop_av_us_attack79	coop_av_us_attack	en	0.97	HELP!		~Help!	CUT	not an attack bark (greeting/thanks/curious/grenade) - misfiled by the meaning-comment classifier	
sound/dialogue/global/US/DFRUS_global_AS6311xr07.mp3	coop_av_us_attack80	coop_av_us_attack	en	0.96	HELP!		~Help!	CUT	not an attack bark (greeting/thanks/curious/grenade) - misfiled by the meaning-comment classifier	
sound/dialogue/global/US/DFRUS_global_AS6012xf03.mp3	coop_av_us_attack81	coop_av_us_attack	en	0.92	HELLO!		~Hello!	CUT	not an attack bark (greeting/thanks/curious/grenade) - misfiled by the meaning-comment classifier	
sound/dialogue/global/US/DFRUS_global_AS6012xf07.mp3	coop_av_us_attack82	coop_av_us_attack	en	0.96	Hello!		~Hello!	CUT	not an attack bark (greeting/thanks/curious/grenade) - misfiled by the meaning-comment classifier	
sound/dialogue/global/US/DFRUS_global_AS6212xb03.mp3	coop_av_us_attack83	coop_av_us_attack	en	0.93	HELLO!		~Hello!	CUT	not an attack bark (greeting/thanks/curious/grenade) - misfiled by the meaning-comment classifier	
sound/dialogue/global/US/DFRUS_global_AS6212xb06.mp3	coop_av_us_attack84	coop_av_us_attack	en	0.94	HELLO!		~Hello!	CUT	not an attack bark (greeting/thanks/curious/grenade) - misfiled by the meaning-comment classifier	
sound/dialogue/global/US/DFRUS_global_AS6312xr01.mp3	coop_av_us_attack85	coop_av_us_attack	en	0.89	Hello!		~Hello!	CUT	not an attack bark (greeting/thanks/curious/grenade) - misfiled by the meaning-comment classifier	
sound/dialogue/global/US/DFRUS_global_AS6312xr02.mp3	coop_av_us_attack86	coop_av_us_attack	en	0.92	Hello!		~Hello!	CUT	not an attack bark (greeting/thanks/curious/grenade) - misfiled by the meaning-comment classifier	
sound/dialogue/global/US/DFRUS_global_AS6312xr03.mp3	coop_av_us_attack87	coop_av_us_attack	en	0.96	Hello!		~Hello!	CUT	not an attack bark (greeting/thanks/curious/grenade) - misfiled by the meaning-comment classifier	
sound/dialogue/global/US/DFRUS_global_AS6013xf02.mp3	coop_av_us_attack88	coop_av_us_attack	en	0.97	Hello?		~Hello?	CUT	not an attack bark (greeting/thanks/curious/grenade) - misfiled by the meaning-comment classifier	
sound/dialogue/global/US/DFRUS_global_AS6013xf03.mp3	coop_av_us_attack89	coop_av_us_attack	en	0.93	Hello?		~Hello?	CUT	not an attack bark (greeting/thanks/curious/grenade) - misfiled by the meaning-comment classifier	
sound/dialogue/global/US/DFRUS_global_AS6213xb01.mp3	coop_av_us_attack90	coop_av_us_attack	en	0.95	Hello?		~Hello?	CUT	not an attack bark (greeting/thanks/curious/grenade) - misfiled by the meaning-comment classifier	
sound/dialogue/global/US/DFRUS_global_AS6213xb02.mp3	coop_av_us_attack91	coop_av_us_attack	en	0.96	Hello?		~Hello?	CUT	not an attack bark (greeting/thanks/curious/grenade) - misfiled by the meaning-comment classifier	
sound/dialogue/global/US/DFRUS_global_AS6313xr01.mp3	coop_av_us_attack92	coop_av_us_attack	en	0.95	Hello?		~Hello?	CUT	not an attack bark (greeting/thanks/curious/grenade) - misfiled by the meaning-comment classifier	
sound/dialogue/global/US/DFRUS_global_AS6313xr02.mp3	coop_av_us_attack93	coop_av_us_attack	en	0.96	Hello?		~Hello?	CUT	not an attack bark (greeting/thanks/curious/grenade) - misfiled by the meaning-comment classifier	
sound/dialogue/global/US/DFRUS_global_AS6313xr03.mp3	coop_av_us_attack94	coop_av_us_attack	en	0.78	Hello?		~Hello?	CUT	not an attack bark (greeting/thanks/curious/grenade) - misfiled by the meaning-comment classifier	
sound/dialogue/global/US/DFRUS_global_AS6014xf01.mp3	coop_av_us_attack95	coop_av_us_attack	en	0.93	INCOMING!		~Incoming!	CUT	not an attack bark (greeting/thanks/curious/grenade) - misfiled by the meaning-comment classifier	
sound/dialogue/global/US/DFRUS_global_AS6014xf02.mp3	coop_av_us_attack96	coop_av_us_attack	en	0.95	INCOMING!		~Incoming!	CUT	not an attack bark (greeting/thanks/curious/grenade) - misfiled by the meaning-comment classifier	
sound/dialogue/global/US/DFRUS_global_AS6014xf03.mp3	coop_av_us_attack97	coop_av_us_attack	en	0.84	IN COMING!		~Incoming!	CUT	not an attack bark (greeting/thanks/curious/grenade) - misfiled by the meaning-comment classifier	
sound/dialogue/global/US/DFRUS_global_AS6214xb01.mp3	coop_av_us_attack98	coop_av_us_attack	en	0.95	INCOMING!		~Incoming!	CUT	not an attack bark (greeting/thanks/curious/grenade) - misfiled by the meaning-comment classifier	
sound/dialogue/global/US/DFRUS_global_AS6214xb02.mp3	coop_av_us_attack99	coop_av_us_attack	en	0.95	INCOMING!		~Incoming!	CUT	not an attack bark (greeting/thanks/curious/grenade) - misfiled by the meaning-comment classifier	
sound/dialogue/global/US/DFRUS_global_AS6214xb03.mp3	coop_av_us_attack100	coop_av_us_attack	en	0.91	INCOMING!		~Incoming!	CUT	not an attack bark (greeting/thanks/curious/grenade) - misfiled by the meaning-comment classifier	
sound/dialogue/global/US/DFRUS_global_AS6314xr01.mp3	coop_av_us_attack101	coop_av_us_attack	en	0.99	INCOMING!		~Incoming!	CUT	not an attack bark (greeting/thanks/curious/grenade) - misfiled by the meaning-comment classifier	
sound/dialogue/global/US/DFRUS_global_AS6314xr02.mp3	coop_av_us_attack102	coop_av_us_attack	en	0.98	INCOMING!		~Incoming!	CUT	not an attack bark (greeting/thanks/curious/grenade) - misfiled by the meaning-comment classifier	
sound/dialogue/global/US/DFRUS_global_AS6314xr03.mp3	coop_av_us_attack103	coop_av_us_attack	en	0.96	IN COMING!		~Incoming!	CUT	not an attack bark (greeting/thanks/curious/grenade) - misfiled by the meaning-comment classifier	
sound/dialogue/global/US/DFRUS_global_AS6001xf01.mp3	coop_av_us_backup7	coop_av_us_backup	en	0.97	OVER HERE!		~Over here!	KEEP		
sound/dialogue/global/US/DFRUS_global_AS6001xf02.mp3	coop_av_us_backup8	coop_av_us_backup	en	0.97	OVER HERE!		~Over here!	KEEP		
sound/dialogue/global/US/DFRUS_global_AS6201xb01.mp3	coop_av_us_backup9	coop_av_us_backup	en	0.99	Over here!		~Over here!	KEEP		
sound/dialogue/global/US/DFRUS_global_AS6201xb02.mp3	coop_av_us_backup10	coop_av_us_backup	en	0.99	OVER HERE!		~Over here!	KEEP		
sound/dialogue/global/US/DFRUS_global_AS6201xb03.mp3	coop_av_us_backup11	coop_av_us_backup	en	0.98	OVER HERE!		~Over here!	KEEP		
sound/dialogue/global/US/DFRUS_global_AS6301xr01.mp3	coop_av_us_backup12	coop_av_us_backup	en	0.99	OVER HERE!		~Over here!	KEEP		
sound/dialogue/global/US/DFRUS_global_AS6301xr02.mp3	coop_av_us_backup13	coop_av_us_backup	en	0.99	OVER HERE!		~Over here!	KEEP		
sound/dialogue/global/US/DFRUS_global_AS6301xr03.mp3	coop_av_us_backup14	coop_av_us_backup	en	0.99	OVER HERE!		~Over here!	KEEP		
sound/dialogue/Mission_1/Allies/dfr_reload_BC6952ta1.mp3	coop_av_us_reload7	coop_av_us_reload	en	0.97	Reloading!			KEEP		
sound/dialogue/Mission_1/Allies/dfr_reload_BC6952ta2.mp3	coop_av_us_reload8	coop_av_us_reload	en	0.98	Reloading!			KEEP		
sound/dialogue/Mission_1/Allies/dfr_reload_BC6952ta3.mp3	coop_av_us_reload9	coop_av_us_reload	en	0.98	RELOADING!			KEEP		
sound/dialogue/Mission_1/Allies/dfr_reload_BC6953ta1.mp3	coop_av_us_reload10	coop_av_us_reload	en	0.94	Cover me!			KEEP		
sound/dialogue/Mission_1/Allies/dfr_reload_BC6953ta2.mp3	coop_av_us_reload11	coop_av_us_reload	en	0.96	Cover me!			KEEP		
sound/dialogue/Mission_1/Allies/dfr_reload_BC6953ta3.mp3	coop_av_us_reload12	coop_av_us_reload	en	0.99	Cover me!			KEEP		
sound/dialogue/Mission_1/Allies/dfr_reload_BC6954ta4.mp3	coop_av_us_reload13	coop_av_us_reload	en	0.98	Hold him off, Barnes! I'm reloading!			CUT	named character (Hold them off, Baker/Barnes! I'm reloading!)	
sound/dialogue/Mission_1/Allies/dfr_reload_BC6954ta5.mp3	coop_av_us_reload14	coop_av_us_reload	en	0.98	Hold them off, Farns! I'm reloading!			CUT	named character (Hold them off, Baker/Barnes! I'm reloading!)	
sound/dialogue/Mission_1/Allies/dfr_reload_BC6954ta6.mp3	coop_av_us_reload15	coop_av_us_reload	en	0.97	Hold them off, Barnes! I'm reloading!			CUT	named character (Hold them off, Baker/Barnes! I'm reloading!)	
sound/dialogue/Mission_1/Allies/dfr_reload_BS6027tc4.mp3	coop_av_us_reload16	coop_av_us_reload	en	0.92	RELYING!			KEEP		
sound/dialogue/Mission_1/Allies/dfr_reload_BS6027tc6.mp3	coop_av_us_reload17	coop_av_us_reload	en	0.94	Reloading!			KEEP		
sound/dialogue/Mission_1/Allies/dfr_reload_BS6028tc1.mp3	coop_av_us_reload18	coop_av_us_reload	en	0.70	Cover me!			KEEP		
sound/dialogue/Mission_1/Allies/dfr_reload_BS6028tc3.mp3	coop_av_us_reload19	coop_av_us_reload	en	0.50	Kappa B!			KEEP		
sound/dialogue/Mission_1/Allies/dfr_reload_BS6028tc4.mp3	coop_av_us_reload20	coop_av_us_reload	fr	0.35	CA FAUVEZ !			KEEP	low-confidence transcript of a us-pool take; retail nation-specific bark, kept	
sound/dialogue/Mission_1/Allies/dfr_reload_BS6029tc1.mp3	coop_av_us_reload21	coop_av_us_reload	en	0.98	Hold it off, Bobs! I'm reloading!			CUT	named character (Hold them off, Baker/Barnes! I'm reloading!)	
sound/dialogue/Mission_1/Allies/dfr_reload_BS6029tc2.mp3	coop_av_us_reload22	coop_av_us_reload	en	0.98	Hold them off, Bards! I'm reloading!			CUT	named character (Hold them off, Baker/Barnes! I'm reloading!)	
sound/dialogue/Mission_1/Allies/dfr_reload_BS6126td1.mp3	coop_av_us_reload23	coop_av_us_reload	en	0.98	Reloading!			KEEP		
sound/dialogue/Mission_1/Allies/dfr_reload_BS6126td2.mp3	coop_av_us_reload24	coop_av_us_reload	en	0.97	Reloading!			KEEP		
sound/dialogue/Mission_1/Allies/dfr_reload_BS6126td3.mp3	coop_av_us_reload25	coop_av_us_reload	en	0.98	Reloading!			KEEP		
sound/dialogue/Mission_1/Allies/dfr_reload_BS6127td1.mp3	coop_av_us_reload26	coop_av_us_reload	en	0.96	Cover me!			KEEP		
sound/dialogue/Mission_1/Allies/dfr_reload_BS6127td2.mp3	coop_av_us_reload27	coop_av_us_reload	en	0.97	Cover me!			KEEP		
sound/dialogue/Mission_1/Allies/dfr_reload_BS6127td3.mp3	coop_av_us_reload28	coop_av_us_reload	en	0.96	Cover me!			KEEP		
sound/dialogue/Mission_1/Allies/dfr_reload_BS6128td1.mp3	coop_av_us_reload29	coop_av_us_reload	en	0.98	Hold them off, Barnes! I'm reloading!			CUT	named character (Hold them off, Baker/Barnes! I'm reloading!)	
sound/dialogue/Mission_1/Allies/dfr_reload_BS6128td2.mp3	coop_av_us_reload30	coop_av_us_reload	en	0.98	Hold them off, barns! I'm reloading!			CUT	named character (Hold them off, Baker/Barnes! I'm reloading!)	
sound/dialogue/Mission_1/Allies/dfr_reload_BS6128td3.mp3	coop_av_us_reload31	coop_av_us_reload	en	0.99	Hold him off, Barnes! I'm reloading!			CUT	named character (Hold them off, Baker/Barnes! I'm reloading!)	
sound/dialogue/Mission_2/Allies/dfr_reload_AS3051ty1.mp3	coop_av_us_reload32	coop_av_us_reload	en	0.99	Reloading		~reload	KEEP		
sound/dialogue/Mission_2/Allies/dfr_reload_AS3051ty2.mp3	coop_av_us_reload33	coop_av_us_reload	en	0.98	Reloading!		~reload	KEEP		
sound/dialogue/Mission_2/Allies/dfr_reload_AS3051ty3.mp3	coop_av_us_reload34	coop_av_us_reload	en	0.98	RELONING!		~reload	KEEP		
sound/dialogue/Mission_2/Allies/dfr_reload_AS3052ty1.mp3	coop_av_us_reload35	coop_av_us_reload	en	0.99	Cover me!		~reload	KEEP		
sound/dialogue/Mission_2/Allies/dfr_reload_AS3052ty2.mp3	coop_av_us_reload36	coop_av_us_reload	en	0.98	Cover me!		~reload	KEEP		
sound/dialogue/Mission_2/Allies/dfr_reload_AS3052ty3.mp3	coop_av_us_reload37	coop_av_us_reload	en	0.99	Cover me!		~reload	KEEP		
sound/dialogue/Mission_2/Allies/dfr_reload_AS3053ty1.mp3	coop_av_us_reload38	coop_av_us_reload	en	1.00	Hold them off Barnes! I'm reloading!		~reload	CUT	named character (Hold them off, Baker/Barnes! I'm reloading!)	
sound/dialogue/Mission_2/Allies/dfr_reload_AS3053ty2.mp3	coop_av_us_reload39	coop_av_us_reload	en	0.99	Hold them off, Barnes! I'm reloading!		~reload	CUT	named character (Hold them off, Baker/Barnes! I'm reloading!)	
sound/dialogue/Mission_2/Allies/dfr_reload_AS3053ty3.mp3	coop_av_us_reload40	coop_av_us_reload	en	1.00	Hold them off, Barnes! I'm reloading!		~reload	CUT	named character (Hold them off, Baker/Barnes! I'm reloading!)	
sound/dialogue/Mission_2/Allies/dfr_supress_AS2952th1.mp3	coop_av_us_reload41	coop_av_us_reload	en	0.99	Cover me!		~reload	KEEP		
sound/dialogue/Mission_2/Allies/dfr_supress_AS2952th2.mp3	coop_av_us_reload42	coop_av_us_reload	en	0.99	Cover me!		~reload	KEEP		
sound/dialogue/Mission_2/Allies/dfr_supress_AS2952th3.mp3	coop_av_us_reload43	coop_av_us_reload	en	0.99	Cover me!		~reload	KEEP		
sound/dialogue/Mission_2/Allies/dfr_reload_AS2853tw1.mp3	coop_av_us_reload44	coop_av_us_reload	en	0.99	Reloading!		~reload	KEEP		
sound/dialogue/Mission_2/Allies/dfr_reload_AS2853tw2.mp3	coop_av_us_reload45	coop_av_us_reload	en	0.99	Reloading!		~reload	KEEP		
sound/dialogue/Mission_2/Allies/dfr_reload_AS2853tw3.mp3	coop_av_us_reload46	coop_av_us_reload	en	0.98	Reloading!		~reload	KEEP		
sound/dialogue/Mission_2/Allies/dfr_reload_AS2854tw1.mp3	coop_av_us_reload47	coop_av_us_reload	en	0.99	Cover me!		~reload	KEEP		
sound/dialogue/Mission_2/Allies/dfr_reload_AS2854tw2.mp3	coop_av_us_reload48	coop_av_us_reload	en	0.98	Cover me!		~reload	KEEP		
sound/dialogue/Mission_2/Allies/dfr_reload_AS2854tw3.mp3	coop_av_us_reload49	coop_av_us_reload	en	0.99	Cover me!		~reload	KEEP		
sound/dialogue/Mission_2/Allies/dfr_reload_AS2855tw1.mp3	coop_av_us_reload50	coop_av_us_reload	en	0.99	Hold them off, Barnes! I'm reloading!		~reload	CUT	named character (Hold them off, Baker/Barnes! I'm reloading!)	
sound/dialogue/Mission_2/Allies/dfr_reload_AS2855tw2.mp3	coop_av_us_reload51	coop_av_us_reload	en	0.99	Hold them off, Bards! I'm reloading!		~reload	CUT	named character (Hold them off, Baker/Barnes! I'm reloading!)	
sound/dialogue/Mission_2/Allies/dfr_reload_AS2855tw3.mp3	coop_av_us_reload52	coop_av_us_reload	en	1.00	Hold him off, Barnes! I'm reloading!		~reload	CUT	named character (Hold them off, Baker/Barnes! I'm reloading!)	
sound/dialogue/Mission_2/Allies/dfr_reload_AC9065tg1.mp3	coop_av_us_reload53	coop_av_us_reload	en	0.99	Reloading!		~reload	KEEP		
sound/dialogue/Mission_2/Allies/dfr_reload_AC9065tg2.mp3	coop_av_us_reload54	coop_av_us_reload	en	0.98	Reloading!		~reload	KEEP		
sound/dialogue/Mission_2/Allies/dfr_reload_AC9065tg3.mp3	coop_av_us_reload55	coop_av_us_reload	en	0.97	Reloading!		~reload	KEEP		
sound/dialogue/Mission_2/Allies/dfr_reload_AC9066tg1.mp3	coop_av_us_reload56	coop_av_us_reload	en	0.99	Cover me!		~reload	KEEP		
sound/dialogue/Mission_2/Allies/dfr_reload_AC9066tg2.mp3	coop_av_us_reload57	coop_av_us_reload	en	0.99	Cover me!		~reload	KEEP		
sound/dialogue/Mission_2/Allies/dfr_reload_AC9066tg3.mp3	coop_av_us_reload58	coop_av_us_reload	en	0.99	Cover me!		~reload	KEEP		
sound/dialogue/Mission_2/Allies/dfr_reload_AC9067tg1.mp3	coop_av_us_reload59	coop_av_us_reload	en	0.99	Hold them off, barns! I'm reloading!		~reload	CUT	named character (Hold them off, Baker/Barnes! I'm reloading!)	
sound/dialogue/Mission_2/Allies/dfr_reload_AC9067tg2.mp3	coop_av_us_reload60	coop_av_us_reload	en	0.99	Hold them off, Barnes! I'm reloading!		~reload	CUT	named character (Hold them off, Baker/Barnes! I'm reloading!)	
sound/dialogue/Mission_2/Allies/dfr_reload_AP4351tm1.mp3	coop_av_us_reload61	coop_av_us_reload	en	0.96	Reloading!		~reload	KEEP		
sound/dialogue/Mission_2/Allies/dfr_reload_AP4351tm2.mp3	coop_av_us_reload62	coop_av_us_reload	en	0.98	RELOADING!		~reload	KEEP		
sound/dialogue/Mission_2/Allies/dfr_reload_AP4351tm3.mp3	coop_av_us_reload63	coop_av_us_reload	en	0.98	RELOADING!		~reload	KEEP		
sound/dialogue/Mission_2/Allies/dfr_reload_AP4352tm1.mp3	coop_av_us_reload64	coop_av_us_reload	en	0.93	Cover me!		~reload	KEEP		
sound/dialogue/Mission_2/Allies/dfr_reload_AP4352tm2.mp3	coop_av_us_reload65	coop_av_us_reload	en	0.99	Cover me!		~reload	KEEP		
sound/dialogue/Mission_2/Allies/dfr_reload_AP4352tm3.mp3	coop_av_us_reload66	coop_av_us_reload	en	0.98	Cover me!		~reload	KEEP		
sound/dialogue/Mission_2/Allies/dfr_reload_AP4353tm1.mp3	coop_av_us_reload67	coop_av_us_reload	en	0.99	Hold them off Barnes! I'm reloading!		~reload	CUT	named character (Hold them off, Baker/Barnes! I'm reloading!)	
sound/dialogue/Mission_2/Allies/dfr_reload_AP4353tm2.mp3	coop_av_us_reload68	coop_av_us_reload	en	0.99	HOLD THEM OFF BARDS! I'M RELOADING!		~reload	CUT	named character (Hold them off, Baker/Barnes! I'm reloading!)	
sound/dialogue/Mission_2/Allies/dfr_reload_AP4353tm3.mp3	coop_av_us_reload69	coop_av_us_reload	en	0.98	HOLD THEM OFF BARDS! I'M RELOADING!		~reload	CUT	named character (Hold them off, Baker/Barnes! I'm reloading!)	
sound/dialogue/Mission_3/Allies/dfr_reload_RS7920tr1.mp3	coop_av_us_reload70	coop_av_us_reload	en	0.30	Feliz de rechario!		~reload	KEEP		
sound/dialogue/Mission_3/Allies/dfr_reload_RS7920tr2.mp3	coop_av_us_reload71	coop_av_us_reload	fr	0.33	T'es insolite !		~reload	KEEP	low-confidence transcript of a us-pool take; retail nation-specific bark, kept	
sound/dialogue/Mission_3/Allies/dfr_reload_RS7920tr3.mp3	coop_av_us_reload72	coop_av_us_reload	pt	0.57	PERIZERJAYO!		~reload	KEEP		
sound/dialogue/Mission_3/Allies/dfr_reload_RS7921tr1.mp3	coop_av_us_reload73	coop_av_us_reload	ru	0.93	Прикрой меня!		~reload	KEEP		
sound/dialogue/Mission_3/Allies/dfr_reload_RS7921tr2.mp3	coop_av_us_reload74	coop_av_us_reload	ru	0.98	Прикрой меня!		~reload	KEEP		
sound/dialogue/Mission_3/Allies/dfr_reload_RS7921tr3.mp3	coop_av_us_reload75	coop_av_us_reload	ru	0.92	Прикрой меня!		~reload	KEEP		
sound/dialogue/Mission_3/Allies/dfr_reload_RS7922tr1.mp3	coop_av_us_reload76	coop_av_us_reload	ru	0.91	Держи их подальше, я перезаряжаю!		~reload	KEEP		
sound/dialogue/Mission_3/Allies/dfr_reload_RS7922tr2.mp3	coop_av_us_reload77	coop_av_us_reload	ru	0.89	Держи их подальше! Я пересереживаю!		~reload	KEEP		
sound/dialogue/Mission_3/Allies/dfr_reload_RS7922tr3.mp3	coop_av_us_reload78	coop_av_us_reload	ru	0.55	Держи их подальше, я перезаряжаю!		~reload	KEEP		
sound/dialogue/Mission_3/Allies/dfr_reload_RS7821ts1.mp3	coop_av_us_reload79	coop_av_us_reload	pt	0.53	ERIZAREJAYU!		~reload	KEEP		
sound/dialogue/Mission_3/Allies/dfr_reload_RS7821ts2.mp3	coop_av_us_reload80	coop_av_us_reload	pt	0.55	ERIZÁRIA JÁRIA!		~reload	KEEP		
sound/dialogue/Mission_3/Allies/dfr_reload_RS7821ts3.mp3	coop_av_us_reload81	coop_av_us_reload	pt	0.34	Eu lhes alejando!		~reload	KEEP	low-confidence transcript of a us-pool take; retail nation-specific bark, kept	
sound/dialogue/Mission_3/Allies/dfr_reload_RS7822ts2.mp3	coop_av_us_reload82	coop_av_us_reload	ru	0.71	Рекрой меня!		~reload	KEEP		
sound/dialogue/Mission_3/Allies/dfr_reload_RS7822ts3.mp3	coop_av_us_reload83	coop_av_us_reload	en	0.31	Pre-crime me, yeah!		~reload	KEEP		
sound/dialogue/Mission_3/Allies/dfr_reload_RS7822ts4.mp3	coop_av_us_reload84	coop_av_us_reload	ru	0.27	Прикрой меня!		~reload	KEEP		
sound/dialogue/Mission_3/Allies/dfr_reload_RS7823ts1.mp3	coop_av_us_reload85	coop_av_us_reload	ru	0.88	Держи их подальше! Я перезаряжаю!		~reload	KEEP		
sound/dialogue/Mission_3/Allies/dfr_reload_RS7823ts2.mp3	coop_av_us_reload86	coop_av_us_reload	ru	0.83	Юржи подальше! Я перезаряжаю!		~reload	KEEP		
sound/dialogue/Mission_3/Allies/dfr_reload_RS7823ts3.mp3	coop_av_us_reload87	coop_av_us_reload	ru	0.90	Держи их подальше! Я перезаряжаю!		~reload	KEEP		
sound/dialogue/Mission_3/Allies/dfr_reload_RS7721te1.mp3	coop_av_us_reload88	coop_av_us_reload	ru	0.62	Переслежаю!		~reload	KEEP		
sound/dialogue/Mission_3/Allies/dfr_reload_RS7721te2.mp3	coop_av_us_reload89	coop_av_us_reload	ru	0.93	Перезаряжаю!		~reload	KEEP		
sound/dialogue/Mission_3/Allies/dfr_reload_RS7721te3.mp3	coop_av_us_reload90	coop_av_us_reload	ru	0.41	Перезаряжаю!		~reload	KEEP		
sound/dialogue/Mission_3/Allies/dfr_reload_RS7722te1.mp3	coop_av_us_reload91	coop_av_us_reload	ru	0.94	Прикрой меня!		~reload	KEEP		
sound/dialogue/Mission_3/Allies/dfr_reload_RS7722te2.mp3	coop_av_us_reload92	coop_av_us_reload	ru	0.97	Прикрой меня!		~reload	KEEP		
sound/dialogue/Mission_3/Allies/dfr_reload_RS7722te3.mp3	coop_av_us_reload93	coop_av_us_reload	ru	0.84	Прикрой меня!		~reload	KEEP		
sound/dialogue/Mission_3/Allies/dfr_reload_RS7723te1.mp3	coop_av_us_reload94	coop_av_us_reload	ru	0.93	Держи их подальше, я перезаряжаю!		~reload	KEEP		
sound/dialogue/Mission_3/Allies/dfr_reload_RS7723te2.mp3	coop_av_us_reload95	coop_av_us_reload	ru	0.95	Держи их подальше! Я перезаряжаю!		~reload	KEEP		
sound/dialogue/Mission_3/Allies/dfr_reload_RS7723te4.mp3	coop_av_us_reload96	coop_av_us_reload	ru	0.92	Держи их подальше, я бережу, заряжаю!		~reload	KEEP		
sound/dialogue/Mission_2/Allies/dfr_reload_AS3051ty1.mp3	coop_av_us_reload97	coop_av_us_reload	en	0.99	Reloading		~reload	KEEP		
sound/dialogue/Mission_2/Allies/dfr_reload_AS3051ty2.mp3	coop_av_us_reload98	coop_av_us_reload	en	0.98	Reloading!		~reload	KEEP		
sound/dialogue/Mission_2/Allies/dfr_reload_AS3051ty3.mp3	coop_av_us_reload99	coop_av_us_reload	en	0.98	RELONING!		~reload	KEEP		
sound/dialogue/Mission_2/Allies/dfr_reload_AS3052ty1.mp3	coop_av_us_reload100	coop_av_us_reload	en	0.99	Cover me!		~reload	KEEP		
sound/dialogue/Mission_2/Allies/dfr_reload_AS3052ty2.mp3	coop_av_us_reload101	coop_av_us_reload	en	0.98	Cover me!		~reload	KEEP		
sound/dialogue/Mission_2/Allies/dfr_reload_AS3052ty3.mp3	coop_av_us_reload102	coop_av_us_reload	en	0.99	Cover me!		~reload	KEEP		
sound/dialogue/Mission_2/Allies/dfr_reload_AS3053ty1.mp3	coop_av_us_reload103	coop_av_us_reload	en	1.00	Hold them off Barnes! I'm reloading!		~reload	CUT	named character (Hold them off, Baker/Barnes! I'm reloading!)	
sound/dialogue/Mission_2/Allies/dfr_reload_AS3053ty2.mp3	coop_av_us_reload104	coop_av_us_reload	en	0.99	Hold them off, Barnes! I'm reloading!		~reload	CUT	named character (Hold them off, Baker/Barnes! I'm reloading!)	
sound/dialogue/Mission_2/Allies/dfr_reload_AS3053ty3.mp3	coop_av_us_reload105	coop_av_us_reload	en	1.00	Hold them off, Barnes! I'm reloading!		~reload	CUT	named character (Hold them off, Baker/Barnes! I'm reloading!)	
sound/dialogue/Mission_2/Allies/dfr_supress_AS2952th1.mp3	coop_av_us_reload106	coop_av_us_reload	en	0.99	Cover me!		~reload	KEEP		
sound/dialogue/Mission_2/Allies/dfr_supress_AS2952th2.mp3	coop_av_us_reload107	coop_av_us_reload	en	0.99	Cover me!		~reload	KEEP		
sound/dialogue/Mission_2/Allies/dfr_supress_AS2952th3.mp3	coop_av_us_reload108	coop_av_us_reload	en	0.99	Cover me!		~reload	KEEP		
sound/dialogue/Mission_2/Allies/dfr_reload_AS2853tw1.mp3	coop_av_us_reload109	coop_av_us_reload	en	0.99	Reloading!		~reload	KEEP		
sound/dialogue/Mission_2/Allies/dfr_reload_AS2853tw2.mp3	coop_av_us_reload110	coop_av_us_reload	en	0.99	Reloading!		~reload	KEEP		
sound/dialogue/Mission_2/Allies/dfr_reload_AS2853tw3.mp3	coop_av_us_reload111	coop_av_us_reload	en	0.98	Reloading!		~reload	KEEP		
sound/dialogue/Mission_2/Allies/dfr_reload_AS2854tw1.mp3	coop_av_us_reload112	coop_av_us_reload	en	0.99	Cover me!		~reload	KEEP		
sound/dialogue/Mission_2/Allies/dfr_reload_AS2854tw2.mp3	coop_av_us_reload113	coop_av_us_reload	en	0.98	Cover me!		~reload	KEEP		
sound/dialogue/Mission_2/Allies/dfr_reload_AS2854tw3.mp3	coop_av_us_reload114	coop_av_us_reload	en	0.99	Cover me!		~reload	KEEP		
sound/dialogue/Mission_2/Allies/dfr_reload_AS2855tw1.mp3	coop_av_us_reload115	coop_av_us_reload	en	0.99	Hold them off, Barnes! I'm reloading!		~reload	CUT	named character (Hold them off, Baker/Barnes! I'm reloading!)	
sound/dialogue/Mission_2/Allies/dfr_reload_AS2855tw2.mp3	coop_av_us_reload116	coop_av_us_reload	en	0.99	Hold them off, Bards! I'm reloading!		~reload	CUT	named character (Hold them off, Baker/Barnes! I'm reloading!)	
sound/dialogue/Mission_2/Allies/dfr_reload_AS2855tw3.mp3	coop_av_us_reload117	coop_av_us_reload	en	1.00	Hold him off, Barnes! I'm reloading!		~reload	CUT	named character (Hold them off, Baker/Barnes! I'm reloading!)	
sound/dialogue/Mission_2/Allies/dfr_reload_AC9065tg1.mp3	coop_av_us_reload118	coop_av_us_reload	en	0.99	Reloading!		~reload	KEEP		
sound/dialogue/Mission_2/Allies/dfr_reload_AC9065tg2.mp3	coop_av_us_reload119	coop_av_us_reload	en	0.98	Reloading!		~reload	KEEP		
sound/dialogue/Mission_2/Allies/dfr_reload_AC9065tg3.mp3	coop_av_us_reload120	coop_av_us_reload	en	0.97	Reloading!		~reload	KEEP		
sound/dialogue/Mission_2/Allies/dfr_reload_AC9066tg1.mp3	coop_av_us_reload121	coop_av_us_reload	en	0.99	Cover me!		~reload	KEEP		
sound/dialogue/Mission_2/Allies/dfr_reload_AC9066tg2.mp3	coop_av_us_reload122	coop_av_us_reload	en	0.99	Cover me!		~reload	KEEP		
sound/dialogue/Mission_2/Allies/dfr_reload_AC9066tg3.mp3	coop_av_us_reload123	coop_av_us_reload	en	0.99	Cover me!		~reload	KEEP		
sound/dialogue/Mission_2/Allies/dfr_reload_AC9067tg1.mp3	coop_av_us_reload124	coop_av_us_reload	en	0.99	Hold them off, barns! I'm reloading!		~reload	CUT	named character (Hold them off, Baker/Barnes! I'm reloading!)	
sound/dialogue/Mission_2/Allies/dfr_reload_AC9067tg2.mp3	coop_av_us_reload125	coop_av_us_reload	en	0.99	Hold them off, Barnes! I'm reloading!		~reload	CUT	named character (Hold them off, Baker/Barnes! I'm reloading!)	
sound/dialogue/Mission_2/Allies/dfr_reload_AP4351tm1.mp3	coop_av_us_reload126	coop_av_us_reload	en	0.96	Reloading!		~reload	KEEP		
sound/dialogue/Mission_2/Allies/dfr_reload_AP4351tm2.mp3	coop_av_us_reload127	coop_av_us_reload	en	0.98	RELOADING!		~reload	KEEP		
sound/dialogue/Mission_2/Allies/dfr_reload_AP4351tm3.mp3	coop_av_us_reload128	coop_av_us_reload	en	0.98	RELOADING!		~reload	KEEP		
sound/dialogue/Mission_2/Allies/dfr_reload_AP4352tm1.mp3	coop_av_us_reload129	coop_av_us_reload	en	0.93	Cover me!		~reload	KEEP		
sound/dialogue/Mission_2/Allies/dfr_reload_AP4352tm2.mp3	coop_av_us_reload130	coop_av_us_reload	en	0.99	Cover me!		~reload	KEEP		
sound/dialogue/Mission_2/Allies/dfr_reload_AP4352tm3.mp3	coop_av_us_reload131	coop_av_us_reload	en	0.98	Cover me!		~reload	KEEP		
sound/dialogue/Mission_2/Allies/dfr_reload_AP4353tm1.mp3	coop_av_us_reload132	coop_av_us_reload	en	0.99	Hold them off Barnes! I'm reloading!		~reload	CUT	named character (Hold them off, Baker/Barnes! I'm reloading!)	
sound/dialogue/Mission_2/Allies/dfr_reload_AP4353tm2.mp3	coop_av_us_reload133	coop_av_us_reload	en	0.99	HOLD THEM OFF BARDS! I'M RELOADING!		~reload	CUT	named character (Hold them off, Baker/Barnes! I'm reloading!)	
sound/dialogue/Mission_2/Allies/dfr_reload_AP4353tm3.mp3	coop_av_us_reload134	coop_av_us_reload	en	0.98	HOLD THEM OFF BARDS! I'M RELOADING!		~reload	CUT	named character (Hold them off, Baker/Barnes! I'm reloading!)	
sound/dialogue/generic/US/DFRUS_reload_GW2060xa01.mp3	coop_av_us_reload135	coop_av_us_reload	en	0.97	Reloading!		~reload	KEEP		
sound/dialogue/generic/US/DFRUS_reload_GW2060xa02.mp3	coop_av_us_reload136	coop_av_us_reload	en	0.95	Reloading!		~reload	KEEP		
sound/dialogue/generic/US/DFRUS_reload_GW2060xa03.mp3	coop_av_us_reload137	coop_av_us_reload	en	0.94	RELOADING!		~reload	KEEP		
sound/dialogue/generic/US/DFRUS_reload_GW2061xa01.mp3	coop_av_us_reload138	coop_av_us_reload	en	0.93	Cover me!		~reload	KEEP		
sound/dialogue/generic/US/DFRUS_reload_GW2061xa02.mp3	coop_av_us_reload139	coop_av_us_reload	en	0.88	Cover me!		~reload	KEEP		
sound/dialogue/generic/US/DFRUS_reload_GW2061xa03.mp3	coop_av_us_reload140	coop_av_us_reload	en	0.72	Cover me!		~reload	KEEP		
sound/dialogue/generic/US/DFRUS_reload_GW2062xa01.mp3	coop_av_us_reload141	coop_av_us_reload	en	0.99	Hold him off, Baker! I'm reloading!		~reload	CUT	named character (Hold them off, Baker/Barnes! I'm reloading!)	
sound/dialogue/generic/US/DFRUS_reload_GW2062xa02.mp3	coop_av_us_reload142	coop_av_us_reload	en	1.00	Hold him off, Baker! I'm reloading!		~reload	CUT	named character (Hold them off, Baker/Barnes! I'm reloading!)	
sound/dialogue/generic/US/DFRUS_global_JP2769xb01.mp3	coop_av_us_reload143	coop_av_us_reload	en	0.99	Reloading!		~reload	KEEP		
sound/dialogue/generic/US/DFRUS_global_JP2769xb02.mp3	coop_av_us_reload144	coop_av_us_reload	en	0.99	Reloading!		~reload	KEEP		
sound/dialogue/generic/US/DFRUS_global_JP2769xb03.mp3	coop_av_us_reload145	coop_av_us_reload	en	0.98	RELOADING!		~reload	KEEP		
sound/dialogue/generic/US/DFRUS_global_JP2770xb01.mp3	coop_av_us_reload146	coop_av_us_reload	en	0.98	Cover me!		~reload	KEEP		
sound/dialogue/generic/US/DFRUS_global_JP2770xb02.mp3	coop_av_us_reload147	coop_av_us_reload	en	0.99	Cover me!		~reload	KEEP		
sound/dialogue/generic/US/DFRUS_global_JP2770xb03.mp3	coop_av_us_reload148	coop_av_us_reload	en	0.98	Cover me!		~reload	KEEP		
sound/dialogue/generic/US/DFRUS_global_JP2771xb02.mp3	coop_av_us_reload149	coop_av_us_reload	en	1.00	Hold them off, Baker! I'm reloading!		~reload	CUT	named character (Hold them off, Baker/Barnes! I'm reloading!)	
sound/dialogue/generic/US/DFRUS_global_JP2771xb03.mp3	coop_av_us_reload150	coop_av_us_reload	en	1.00	Hold him off, Baker! I'm reloading!		~reload	CUT	named character (Hold them off, Baker/Barnes! I'm reloading!)	
sound/dialogue/generic/US/DFRUS_reload_LP2360xt01.mp3	coop_av_us_reload151	coop_av_us_reload	en	0.97	Reloading!		~reload	KEEP		
sound/dialogue/generic/US/DFRUS_reload_LP2360xt02.mp3	coop_av_us_reload152	coop_av_us_reload	en	0.98	Reloading!		~reload	KEEP		
sound/dialogue/generic/US/DFRUS_reload_LP2361xt01.mp3	coop_av_us_reload153	coop_av_us_reload	en	0.99	Cover me!		~reload	KEEP		
sound/dialogue/generic/US/DFRUS_reload_LP2361xt02.mp3	coop_av_us_reload154	coop_av_us_reload	en	0.97	Cover me!		~reload	KEEP		
sound/dialogue/generic/US/DFRUS_reload_LP2362xt01.mp3	coop_av_us_reload155	coop_av_us_reload	en	0.99	Hold them off, Baker! I'm reloading!		~reload	CUT	named character (Hold them off, Baker/Barnes! I'm reloading!)	
sound/dialogue/generic/US/DFRUS_reload_LP2362xt02.mp3	coop_av_us_reload156	coop_av_us_reload	en	0.99	Hold them off, Baker! I'm reloading!		~reload	CUT	named character (Hold them off, Baker/Barnes! I'm reloading!)	
sound/dialogue/generic/US/DFRUS_reload_LP2362xt03.mp3	coop_av_us_reload157	coop_av_us_reload	en	0.98	Hold them up, Baker! I'm reloading!		~reload	CUT	named character (Hold them off, Baker/Barnes! I'm reloading!)	
sound/dialogue/Mission_1/Allies/dfr_supress_BC6947ta1.mp3	coop_av_us_suppress1	coop_av_us_suppress	en	0.97	Covering fire!			KEEP		
sound/dialogue/Mission_1/Allies/dfr_supress_BC6947ta2.mp3	coop_av_us_suppress2	coop_av_us_suppress	en	0.97	COVERING FIRE!			KEEP		
sound/dialogue/Mission_1/Allies/dfr_supress_BC6947ta3.mp3	coop_av_us_suppress3	coop_av_us_suppress	en	0.98	COVERING FIRE!			KEEP		
sound/dialogue/Mission_1/Allies/dfr_supress_BC6948ta1.mp3	coop_av_us_suppress4	coop_av_us_suppress	en	0.80	MOVE!			KEEP		
sound/dialogue/Mission_1/Allies/dfr_supress_BC6948ta2.mp3	coop_av_us_suppress5	coop_av_us_suppress	en	0.90	MOVE!			KEEP		
sound/dialogue/Mission_1/Allies/dfr_supress_BC6948ta3.mp3	coop_av_us_suppress6	coop_av_us_suppress	en	0.96	MOVE!			KEEP		
sound/dialogue/Mission_1/Allies/dfr_supress_BC6949ta1.mp3	coop_av_us_suppress7	coop_av_us_suppress	en	0.91	GO! GO!			KEEP		
sound/dialogue/Mission_1/Allies/dfr_supress_BC6949ta2.mp3	coop_av_us_suppress8	coop_av_us_suppress	en	0.87	Go! Go!			KEEP		
sound/dialogue/Mission_1/Allies/dfr_supress_BC6949ta3.mp3	coop_av_us_suppress9	coop_av_us_suppress	en	0.96	GO! GO!			KEEP		
sound/dialogue/Mission_1/Allies/dfr_supress_BC6950ta2.mp3	coop_av_us_suppress10	coop_av_us_suppress	en	0.95	I got you covered!			KEEP		
sound/dialogue/Mission_1/Allies/dfr_supress_BC6950ta3.mp3	coop_av_us_suppress11	coop_av_us_suppress	en	0.98	I GOT YOU COVERED!			KEEP		
sound/dialogue/Mission_1/Allies/dfr_supress_BC6950ta4.mp3	coop_av_us_suppress12	coop_av_us_suppress	en	0.98	I GOT YOU COVERED!			KEEP		
sound/dialogue/Mission_1/Allies/dfr_supress_BC6951ta8.mp3	coop_av_us_suppress13	coop_av_us_suppress	en	0.99	I got him! Move out!			KEEP		
sound/dialogue/Mission_1/Allies/dfr_supress_BC6951ta9.mp3	coop_av_us_suppress14	coop_av_us_suppress	en	0.99	I got him! Move out!			KEEP		
sound/dialogue/Mission_1/Allies/dfr_supress_BC6951ta10.mp3	coop_av_us_suppress15	coop_av_us_suppress	en	0.99	I GOT EM! MOVE OUT!			KEEP		
sound/dialogue/Mission_1/Allies/dfr_supress_BS6022tc1.mp3	coop_av_us_suppress16	coop_av_us_suppress	en	0.96	COVERING FOP!			KEEP		
sound/dialogue/Mission_1/Allies/dfr_supress_BS6022tc2.mp3	coop_av_us_suppress17	coop_av_us_suppress	en	0.87	Covering fire!			KEEP		
sound/dialogue/Mission_1/Allies/dfr_supress_BS6022tc3.mp3	coop_av_us_suppress18	coop_av_us_suppress	en	0.93	February 4th!			KEEP		
sound/dialogue/Mission_1/Allies/dfr_supress_BS6023tc1.mp3	coop_av_us_suppress19	coop_av_us_suppress	en	0.95	MOVE!			KEEP		
sound/dialogue/Mission_1/Allies/dfr_supress_BS6023tc2.mp3	coop_av_us_suppress20	coop_av_us_suppress	en	0.95	MOVE!			KEEP		
sound/dialogue/Mission_1/Allies/dfr_supress_BS6023tc3.mp3	coop_av_us_suppress21	coop_av_us_suppress	en	0.92	BOOF!			KEEP		
sound/dialogue/Mission_1/Allies/dfr_supress_BS6024tc1.mp3	coop_av_us_suppress22	coop_av_us_suppress	en	0.94	GO! GO!			KEEP		
sound/dialogue/Mission_1/Allies/dfr_supress_BS6024tc2.mp3	coop_av_us_suppress23	coop_av_us_suppress	en	0.89	GO GO!			KEEP		
sound/dialogue/Mission_1/Allies/dfr_supress_BS6024tc3.mp3	coop_av_us_suppress24	coop_av_us_suppress	en	0.91	GO! GO!			KEEP		
sound/dialogue/Mission_1/Allies/dfr_supress_BS6025tc1.mp3	coop_av_us_suppress25	coop_av_us_suppress	en	0.94	I got your cannon!			KEEP		
sound/dialogue/Mission_1/Allies/dfr_supress_BS6025tc2.mp3	coop_av_us_suppress26	coop_av_us_suppress	en	0.92	What are you covered?			KEEP		
sound/dialogue/Mission_1/Allies/dfr_supress_BS6025tc3.mp3	coop_av_us_suppress27	coop_av_us_suppress	en	0.86	I GOT YOU COVERED!			KEEP		
sound/dialogue/Mission_1/Allies/dfr_supress_BS6026tc1.mp3	coop_av_us_suppress28	coop_av_us_suppress	en	0.94	I got him! My lap!			KEEP		
sound/dialogue/Mission_1/Allies/dfr_supress_BS6026tc2.mp3	coop_av_us_suppress29	coop_av_us_suppress	en	0.99	I gotta move out!			KEEP		
sound/dialogue/Mission_1/Allies/dfr_supress_BS6121td1.mp3	coop_av_us_suppress30	coop_av_us_suppress	en	0.96	Cover in fire!			KEEP		
sound/dialogue/Mission_1/Allies/dfr_supress_BS6121td2.mp3	coop_av_us_suppress31	coop_av_us_suppress	en	0.95	Cover in fire!			KEEP		
sound/dialogue/Mission_1/Allies/dfr_supress_BS6121td3.mp3	coop_av_us_suppress32	coop_av_us_suppress	en	0.98	COVER IN FIRE!			KEEP		
sound/dialogue/Mission_1/Allies/dfr_supress_BS6122td1.mp3	coop_av_us_suppress33	coop_av_us_suppress	en	0.78	MOVE!			KEEP		
sound/dialogue/Mission_1/Allies/dfr_supress_BS6122td2.mp3	coop_av_us_suppress34	coop_av_us_suppress	en	0.98	MOVE!			KEEP		
sound/dialogue/Mission_1/Allies/dfr_supress_BS6122td3.mp3	coop_av_us_suppress35	coop_av_us_suppress	en	0.94	MOVE!			KEEP		
sound/dialogue/Mission_1/Allies/dfr_supress_BS6123td2.mp3	coop_av_us_suppress36	coop_av_us_suppress	en	0.90	GO GO!			KEEP		
sound/dialogue/Mission_1/Allies/dfr_supress_BS6123td3.mp3	coop_av_us_suppress37	coop_av_us_suppress	en	0.91	GO GO!			KEEP		
sound/dialogue/Mission_1/Allies/dfr_supress_BS6123td4.mp3	coop_av_us_suppress38	coop_av_us_suppress	en	0.93	GO GO!			KEEP		
sound/dialogue/Mission_1/Allies/dfr_supress_BS6124td1.mp3	coop_av_us_suppress39	coop_av_us_suppress	en	0.99	I got you covered!			KEEP		
sound/dialogue/Mission_1/Allies/dfr_supress_BS6124td2.mp3	coop_av_us_suppress40	coop_av_us_suppress	en	0.98	I'VE GOT YOU COVERED!			KEEP		
sound/dialogue/Mission_1/Allies/dfr_supress_BS6124td3.mp3	coop_av_us_suppress41	coop_av_us_suppress	en	0.98	I've got you covered!			KEEP		
sound/dialogue/Mission_1/Allies/dfr_supress_BS6125td1.mp3	coop_av_us_suppress42	coop_av_us_suppress	en	0.98	I got him! Move out!			KEEP		
sound/dialogue/Mission_1/Allies/dfr_supress_BS6125td2.mp3	coop_av_us_suppress43	coop_av_us_suppress	en	0.99	I got him! Move out!			KEEP		
sound/dialogue/Mission_1/Allies/dfr_supress_BS6125td3.mp3	coop_av_us_suppress44	coop_av_us_suppress	en	0.99	I got him! Move out!			KEEP		
sound/dialogue/Mission_1/Allies/dfr_supress_BP6724tb1.mp3	coop_av_us_suppress45	coop_av_us_suppress	en	0.95	COVERING FIRE!			KEEP		
sound/dialogue/Mission_1/Allies/dfr_supress_BP6724tb2.mp3	coop_av_us_suppress46	coop_av_us_suppress	en	0.97	Covering fire!			KEEP		
sound/dialogue/Mission_1/Allies/dfr_supress_BP6724tb3.mp3	coop_av_us_suppress47	coop_av_us_suppress	en	0.98	COVERING FIRE!			KEEP		
sound/dialogue/Mission_1/Allies/dfr_supress_BP6725tb1.mp3	coop_av_us_suppress48	coop_av_us_suppress	en	0.95	MOVE!			KEEP		
sound/dialogue/Mission_1/Allies/dfr_supress_BP6725tb2.mp3	coop_av_us_suppress49	coop_av_us_suppress	en	0.95	BOOM!			KEEP		
sound/dialogue/Mission_1/Allies/dfr_supress_BP6725tb3.mp3	coop_av_us_suppress50	coop_av_us_suppress	en	0.58	BOOM!			KEEP		
sound/dialogue/Mission_1/Allies/dfr_supress_BP6726tb2.mp3	coop_av_us_suppress51	coop_av_us_suppress	en	0.97	GO GO!			KEEP		
sound/dialogue/Mission_1/Allies/dfr_supress_BP6726tb3.mp3	coop_av_us_suppress52	coop_av_us_suppress	en	0.96	GO! GO!			KEEP		
sound/dialogue/Mission_1/Allies/dfr_supress_BP6727tb1.mp3	coop_av_us_suppress53	coop_av_us_suppress	en	0.97	I GOT YOU COVERED!			KEEP		
sound/dialogue/Mission_1/Allies/dfr_supress_BP6727tb2.mp3	coop_av_us_suppress54	coop_av_us_suppress	en	0.98	I GOT YOU COVERED!			KEEP		
sound/dialogue/Mission_1/Allies/dfr_supress_BP6727tb3.mp3	coop_av_us_suppress55	coop_av_us_suppress	en	0.96	I GOT YOU COVERED!			KEEP		
sound/dialogue/Mission_1/Allies/dfr_supress_BP6728tb1.mp3	coop_av_us_suppress56	coop_av_us_suppress	en	0.98	I got him! Move out!			KEEP		
sound/dialogue/Mission_1/Allies/dfr_supress_BP6728tb2.mp3	coop_av_us_suppress57	coop_av_us_suppress	en	0.99	I got him! Move out!			KEEP		
sound/dialogue/Mission_1/Allies/dfr_supress_BP6728tb3.mp3	coop_av_us_suppress58	coop_av_us_suppress	en	0.98	I got him! Move out!			KEEP		
sound/dialogue/Mission_2/Allies/dfr_supress_AC9060tg1.mp3	coop_av_us_suppress59	coop_av_us_suppress	en	0.99	Covering fire!			KEEP		
sound/dialogue/Mission_2/Allies/dfr_supress_AC9060tg2.mp3	coop_av_us_suppress60	coop_av_us_suppress	en	0.98	Covering fire!			KEEP		
sound/dialogue/Mission_2/Allies/dfr_supress_AC9060tg3.mp3	coop_av_us_suppress61	coop_av_us_suppress	en	0.98	COVERING FIRE!			KEEP		
sound/dialogue/Mission_2/Allies/dfr_supress_AC9061tg1.mp3	coop_av_us_suppress62	coop_av_us_suppress	en	0.96	MOVE!			KEEP		
sound/dialogue/Mission_2/Allies/dfr_supress_AC9061tg2.mp3	coop_av_us_suppress63	coop_av_us_suppress	en	0.98	MOVE!			KEEP		
sound/dialogue/Mission_2/Allies/dfr_supress_AC9061tg3.mp3	coop_av_us_suppress64	coop_av_us_suppress	en	0.98	MOVE!			KEEP		
sound/dialogue/Mission_2/Allies/dfr_supress_AC9062tg1.mp3	coop_av_us_suppress65	coop_av_us_suppress	en	0.92	Go! Go!			KEEP		
sound/dialogue/Mission_2/Allies/dfr_supress_AC9062tg2.mp3	coop_av_us_suppress66	coop_av_us_suppress	en	0.78	Go! Go!			KEEP		
sound/dialogue/Mission_2/Allies/dfr_supress_AC9062tg3.mp3	coop_av_us_suppress67	coop_av_us_suppress	en	0.95	GO! GO!			KEEP		
sound/dialogue/Mission_2/Allies/dfr_supress_AC9063tg2.mp3	coop_av_us_suppress68	coop_av_us_suppress	en	0.98	I got you covered!			KEEP		
sound/dialogue/Mission_2/Allies/dfr_supress_AC9063tg3.mp3	coop_av_us_suppress69	coop_av_us_suppress	en	0.98	I got you covered!			KEEP		
sound/dialogue/Mission_2/Allies/dfr_supress_AC9064tg1.mp3	coop_av_us_suppress70	coop_av_us_suppress	en	0.99	I GOTTA MOVE OUT!			KEEP		
sound/dialogue/Mission_2/Allies/dfr_supress_AC9064tg2.mp3	coop_av_us_suppress71	coop_av_us_suppress	en	0.99	I GOTTA MOVE OUT!			KEEP		
sound/dialogue/Mission_2/Allies/dfr_supress_AC9064tg3.mp3	coop_av_us_suppress72	coop_av_us_suppress	en	0.98	I got him! Move out!			KEEP		
sound/dialogue/Mission_2/Allies/dfr_supress_AP4346tm2.mp3	coop_av_us_suppress73	coop_av_us_suppress	en	0.98	COVERING FIRE!			KEEP		
sound/dialogue/Mission_2/Allies/dfr_supress_AP4346tm3.mp3	coop_av_us_suppress74	coop_av_us_suppress	en	0.97	COVER RAID FIRE!			KEEP		
sound/dialogue/Mission_2/Allies/dfr_supress_AP4349tm2.mp3	coop_av_us_suppress75	coop_av_us_suppress	en	0.98	I GOT YOU COVERED!			KEEP		
sound/dialogue/Mission_2/Allies/dfr_supress_AP4349tm3.mp3	coop_av_us_suppress76	coop_av_us_suppress	en	0.97	I GOT YOU COVERED!			KEEP		
sound/dialogue/Mission_2/Allies/dfr_supress_AP4349tm4.mp3	coop_av_us_suppress77	coop_av_us_suppress	en	0.98	I got you covered!			KEEP		
sound/dialogue/Mission_2/Allies/dfr_supress_AP4350tm1.mp3	coop_av_us_suppress78	coop_av_us_suppress	en	0.99	I got him! Move out!			KEEP		
sound/dialogue/Mission_2/Allies/dfr_supress_AP4350tm2.mp3	coop_av_us_suppress79	coop_av_us_suppress	en	0.99	I got him! Move out!			KEEP		
sound/dialogue/Mission_2/Allies/dfr_supress_AP4350tm3.mp3	coop_av_us_suppress80	coop_av_us_suppress	en	0.99	I got him! Move out!			KEEP		
sound/dialogue/Mission_2/Allies/dfr_supress_AM4113tj1.mp3	coop_av_us_suppress81	coop_av_us_suppress	en	0.98	Covering fire!			KEEP		
sound/dialogue/Mission_2/Allies/dfr_supress_AM4113tj2.mp3	coop_av_us_suppress82	coop_av_us_suppress	en	0.99	COVERING FIRE!			KEEP		
sound/dialogue/Mission_2/Allies/dfr_supress_AM4113tj3.mp3	coop_av_us_suppress83	coop_av_us_suppress	en	0.97	Covering fire!			KEEP		
sound/dialogue/Mission_2/Allies/dfr_supress_AM4114tj1.mp3	coop_av_us_suppress84	coop_av_us_suppress	en	0.93	MOVE!			KEEP		
sound/dialogue/Mission_2/Allies/dfr_supress_AM4115tj1.mp3	coop_av_us_suppress85	coop_av_us_suppress	en	0.96	Go! Go!			KEEP		
sound/dialogue/Mission_2/Allies/dfr_supress_AM4115tj3.mp3	coop_av_us_suppress86	coop_av_us_suppress	en	0.96	GO! GO!			KEEP		
sound/dialogue/Mission_2/Allies/dfr_supress_AM4116tj2.mp3	coop_av_us_suppress87	coop_av_us_suppress	en	0.99	I got you covered!			KEEP		
sound/dialogue/Mission_2/Allies/dfr_supress_AM4116tj3.mp3	coop_av_us_suppress88	coop_av_us_suppress	en	0.99	I GOT YOU COVERED!			KEEP		
sound/dialogue/Mission_2/Allies/dfr_supress_AM4117tj1.mp3	coop_av_us_suppress89	coop_av_us_suppress	en	0.99	I gotta move out!			KEEP		
sound/dialogue/Mission_2/Allies/dfr_supress_AM4117tj2.mp3	coop_av_us_suppress90	coop_av_us_suppress	en	0.99	I GOTTA MOVE OUT!			KEEP		
sound/dialogue/Mission_2/Allies/dfr_supress_AM4117tj3.mp3	coop_av_us_suppress91	coop_av_us_suppress	en	0.99	I GOTTA MOVE OUT!			KEEP		
sound/dialogue/Mission_2/Allies/dfr_supress_AS2946th2.mp3	coop_av_us_suppress92	coop_av_us_suppress	en	0.98	COVERING FIRE!			KEEP		
sound/dialogue/Mission_2/Allies/dfr_supress_AS2946th3.mp3	coop_av_us_suppress93	coop_av_us_suppress	en	0.98	COVERING FIRE!			KEEP		
sound/dialogue/Mission_2/Allies/dfr_supress_AS2948th1.mp3	coop_av_us_suppress94	coop_av_us_suppress	en	0.95	GO! GO!			KEEP		
sound/dialogue/Mission_2/Allies/dfr_supress_AS2948th3.mp3	coop_av_us_suppress95	coop_av_us_suppress	en	0.96	GO! GO!			KEEP		
sound/dialogue/Mission_2/Allies/dfr_supress_AS2949th3.mp3	coop_av_us_suppress96	coop_av_us_suppress	en	0.99	I got you covered!			KEEP		
sound/dialogue/Mission_2/Allies/dfr_supress_AS2950th1.mp3	coop_av_us_suppress97	coop_av_us_suppress	en	1.00	I got him! Move out!			KEEP		
sound/dialogue/Mission_2/Allies/dfr_supress_AS2950th2.mp3	coop_av_us_suppress98	coop_av_us_suppress	en	0.99	I gotta move out!			KEEP		
sound/dialogue/Mission_2/Allies/dfr_supress_AS2952th1.mp3	coop_av_us_suppress99	coop_av_us_suppress	en	0.99	Cover me!		~reload	KEEP		
sound/dialogue/Mission_2/Allies/dfr_supress_AS2952th2.mp3	coop_av_us_suppress100	coop_av_us_suppress	en	0.99	Cover me!		~reload	KEEP		
sound/dialogue/Mission_2/Allies/dfr_supress_AS2952th3.mp3	coop_av_us_suppress101	coop_av_us_suppress	en	0.99	Cover me!		~reload	KEEP		
sound/dialogue/Mission_2/Allies/dfr_supress_AS3046ty1.mp3	coop_av_us_suppress102	coop_av_us_suppress	en	0.99	Covering fire!			KEEP		
sound/dialogue/Mission_2/Allies/dfr_supress_AS3046ty2.mp3	coop_av_us_suppress103	coop_av_us_suppress	en	0.98	Covering fire!			KEEP		
sound/dialogue/Mission_2/Allies/dfr_supress_AS3046ty3.mp3	coop_av_us_suppress104	coop_av_us_suppress	en	0.98	Covering fire!			KEEP		
sound/dialogue/Mission_2/Allies/dfr_supress_AS3047ty1.mp3	coop_av_us_suppress105	coop_av_us_suppress	en	0.95	MOVE!			KEEP		
sound/dialogue/Mission_2/Allies/dfr_supress_AS3047ty2.mp3	coop_av_us_suppress106	coop_av_us_suppress	en	0.88	MOVE!			KEEP		
sound/dialogue/Mission_2/Allies/dfr_supress_AS3047ty3.mp3	coop_av_us_suppress107	coop_av_us_suppress	en	0.92	MOVE!			KEEP		
sound/dialogue/Mission_2/Allies/dfr_supress_AS3048ty1.mp3	coop_av_us_suppress108	coop_av_us_suppress	en	0.95	Go! Go!			KEEP		
sound/dialogue/Mission_2/Allies/dfr_supress_AS3048ty2.mp3	coop_av_us_suppress109	coop_av_us_suppress	en	0.96	GO! GO!			KEEP		
sound/dialogue/Mission_2/Allies/dfr_supress_AS3048ty3.mp3	coop_av_us_suppress110	coop_av_us_suppress	en	0.91	GO GO!			KEEP		
sound/dialogue/Mission_2/Allies/dfr_supress_AS3049ty2.mp3	coop_av_us_suppress111	coop_av_us_suppress	en	0.99	I GOT YOU COVERED!			KEEP		
sound/dialogue/Mission_2/Allies/dfr_supress_AS3049ty3.mp3	coop_av_us_suppress112	coop_av_us_suppress	en	0.98	I GOT YOU COVERED!			KEEP		
sound/dialogue/Mission_2/Allies/dfr_supress_AS3050ty1.mp3	coop_av_us_suppress113	coop_av_us_suppress	en	0.99	I got him! Move out!			KEEP		
sound/dialogue/Mission_2/Allies/dfr_supress_AS3050ty3.mp3	coop_av_us_suppress114	coop_av_us_suppress	en	0.99	I got him! Move out!			KEEP		
sound/dialogue/Mission_2/Allies/dfr_supress_AS2848tw1.mp3	coop_av_us_suppress115	coop_av_us_suppress	en	0.97	Covering fire!			KEEP		
sound/dialogue/Mission_2/Allies/dfr_supress_AS2848tw2.mp3	coop_av_us_suppress116	coop_av_us_suppress	en	0.97	Covering fire!			KEEP		
sound/dialogue/Mission_2/Allies/dfr_supress_AS2848tw3.mp3	coop_av_us_suppress117	coop_av_us_suppress	en	0.98	Covering fire!			KEEP		
sound/dialogue/Mission_2/Allies/dfr_supress_AS2849tw1.mp3	coop_av_us_suppress118	coop_av_us_suppress	en	0.99	MOVE!			KEEP		
sound/dialogue/Mission_2/Allies/dfr_supress_AS2849tw2.mp3	coop_av_us_suppress119	coop_av_us_suppress	en	0.98	MOVE!			KEEP		
sound/dialogue/Mission_2/Allies/dfr_supress_AS2850tw1.mp3	coop_av_us_suppress120	coop_av_us_suppress	en	0.97	Go! Go!			KEEP		
sound/dialogue/Mission_2/Allies/dfr_supress_AS2850tw2.mp3	coop_av_us_suppress121	coop_av_us_suppress	en	0.95	Go, go!			KEEP		
sound/dialogue/Mission_2/Allies/dfr_supress_AS2850tw3.mp3	coop_av_us_suppress122	coop_av_us_suppress	en	0.92	Go! Go!			KEEP		
sound/dialogue/Mission_2/Allies/dfr_supress_AS2851tw2.mp3	coop_av_us_suppress123	coop_av_us_suppress	en	1.00	I got you covered!			KEEP		
sound/dialogue/Mission_2/Allies/dfr_supress_AS2851tw3.mp3	coop_av_us_suppress124	coop_av_us_suppress	en	0.99	I got you covered!			KEEP		
sound/dialogue/Mission_2/Allies/dfr_supress_AS2852tw1.mp3	coop_av_us_suppress125	coop_av_us_suppress	en	0.99	I got him! Move out!			KEEP		
sound/dialogue/Mission_2/Allies/dfr_supress_AS2852tw2.mp3	coop_av_us_suppress126	coop_av_us_suppress	en	0.99	I got him! Move out!			KEEP		
sound/dialogue/Mission_3/Allies/dfr_supress_RS7816ts1.mp3	coop_av_us_suppress127	coop_av_us_suppress	ru	0.94	Прикрой меня!			KEEP		
sound/dialogue/Mission_3/Allies/dfr_supress_RS7816ts2.mp3	coop_av_us_suppress128	coop_av_us_suppress	ru	0.92	Прикрой меня!			KEEP		
sound/dialogue/Mission_3/Allies/dfr_supress_RS7816ts3.mp3	coop_av_us_suppress129	coop_av_us_suppress	ru	0.95	Да прикрой же меня!			KEEP		
sound/dialogue/Mission_3/Allies/dfr_supress_RS7817ts1.mp3	coop_av_us_suppress130	coop_av_us_suppress	ru	0.37	ИРОД!!!			KEEP		
sound/dialogue/Mission_3/Allies/dfr_supress_RS7817ts2.mp3	coop_av_us_suppress131	coop_av_us_suppress	ru	0.54	ИРОТ!			KEEP		
sound/dialogue/Mission_3/Allies/dfr_supress_RS7817ts3.mp3	coop_av_us_suppress132	coop_av_us_suppress	ru	0.55	Вперёд!			KEEP		
sound/dialogue/Mission_3/Allies/dfr_supress_RS7818ts1.mp3	coop_av_us_suppress133	coop_av_us_suppress	hi	0.49	पशो!			KEEP	low-confidence transcript of a us-pool take; retail nation-specific bark, kept	
sound/dialogue/Mission_3/Allies/dfr_supress_RS7818ts2.mp3	coop_av_us_suppress134	coop_av_us_suppress	ru	0.47	Давай, пошел!			KEEP		
sound/dialogue/Mission_3/Allies/dfr_supress_RS7818ts3.mp3	coop_av_us_suppress135	coop_av_us_suppress	pt	0.35	DO PASCHÃO!			KEEP	low-confidence transcript of a us-pool take; retail nation-specific bark, kept	
sound/dialogue/Mission_3/Allies/dfr_supress_RS7819ts1.mp3	coop_av_us_suppress136	coop_av_us_suppress	ru	0.76	Я тебя прикрыл!			KEEP		
sound/dialogue/Mission_3/Allies/dfr_supress_RS7819ts2.mp3	coop_av_us_suppress137	coop_av_us_suppress	ru	0.86	Я тебя прикрыл!			KEEP		
sound/dialogue/Mission_3/Allies/dfr_supress_RS7819ts3.mp3	coop_av_us_suppress138	coop_av_us_suppress	ru	0.46	Я тебя приклею!			KEEP		
sound/dialogue/Mission_3/Allies/dfr_supress_RS7820ts6.mp3	coop_av_us_suppress139	coop_av_us_suppress	ru	0.79	Эти мои! И не дальше!			KEEP		
sound/dialogue/Mission_3/Allies/dfr_supress_RS7820ts7.mp3	coop_av_us_suppress140	coop_av_us_suppress	ru	0.91	Эти мои! Иди дальше!			KEEP		
sound/dialogue/Mission_3/Allies/dfr_supress_RS7820ts8.mp3	coop_av_us_suppress141	coop_av_us_suppress	ru	0.73	Эти мои! Иди дальше!			KEEP		
sound/dialogue/Mission_3/Allies/dfr_supress_RS7716te1.mp3	coop_av_us_suppress142	coop_av_us_suppress	ru	0.97	Прикрой меня!			KEEP		
sound/dialogue/Mission_3/Allies/dfr_supress_RS7716te2.mp3	coop_av_us_suppress143	coop_av_us_suppress	ru	0.97	Прикрой меня!			KEEP		
sound/dialogue/Mission_3/Allies/dfr_supress_RS7716te3.mp3	coop_av_us_suppress144	coop_av_us_suppress	ru	0.95	Прикрой меня!			KEEP		
sound/dialogue/Mission_3/Allies/dfr_supress_RS7717te1.mp3	coop_av_us_suppress145	coop_av_us_suppress	ru	0.93	Вперёд!			KEEP		
sound/dialogue/Mission_3/Allies/dfr_supress_RS7717te2.mp3	coop_av_us_suppress146	coop_av_us_suppress	ru	0.98	Вперёд!			KEEP		
sound/dialogue/Mission_3/Allies/dfr_supress_RS7717te3.mp3	coop_av_us_suppress147	coop_av_us_suppress	ru	0.74	Вперёд!			KEEP		
sound/dialogue/Mission_3/Allies/dfr_supress_RS7718te3.mp3	coop_av_us_suppress148	coop_av_us_suppress	ru	0.69	ПОШОЛ! ПОШОЛ!			KEEP		
sound/dialogue/Mission_3/Allies/dfr_supress_RS7718te4.mp3	coop_av_us_suppress149	coop_av_us_suppress	pt	0.25	PASHOU! PASHOU!			KEEP	low-confidence transcript of a us-pool take; retail nation-specific bark, kept	
sound/dialogue/Mission_3/Allies/dfr_supress_RS7718te5.mp3	coop_av_us_suppress150	coop_av_us_suppress	ru	0.85	ПОШОЛ! ПОШОЛ!			KEEP		
sound/dialogue/Mission_3/Allies/dfr_supress_RS7719te1.mp3	coop_av_us_suppress151	coop_av_us_suppress	ru	0.92	Я ТЕБЯ ПРИКРЫЛ!			KEEP		
sound/dialogue/Mission_3/Allies/dfr_supress_RS7719te2.mp3	coop_av_us_suppress152	coop_av_us_suppress	ru	0.93	Я тебя прикрел!			KEEP		
sound/dialogue/Mission_3/Allies/dfr_supress_RS7719te3.mp3	coop_av_us_suppress153	coop_av_us_suppress	ru	0.93	Я тебя прикрел!			KEEP		
sound/dialogue/Mission_3/Allies/dfr_supress_RS7720te1.mp3	coop_av_us_suppress154	coop_av_us_suppress	ru	0.96	Эти мои! Иди дальше!			KEEP		
sound/dialogue/Mission_3/Allies/dfr_supress_RS7720te3.mp3	coop_av_us_suppress155	coop_av_us_suppress	ru	0.91	Эти мои, иди дальше!			KEEP		
sound/dialogue/Mission_3/Allies/dfr_supress_RS7720te5.mp3	coop_av_us_suppress156	coop_av_us_suppress	ru	0.88	ЭТИ МОЕЙ ДИДАЧЕ!			KEEP		
sound/dialogue/Mission_2/Allies/dfr_supress_AC9060tg1.mp3	coop_av_us_suppress157	coop_av_us_suppress	en	0.99	Covering fire!			KEEP		
sound/dialogue/Mission_2/Allies/dfr_supress_AC9060tg2.mp3	coop_av_us_suppress158	coop_av_us_suppress	en	0.98	Covering fire!			KEEP		
sound/dialogue/Mission_2/Allies/dfr_supress_AC9060tg3.mp3	coop_av_us_suppress159	coop_av_us_suppress	en	0.98	COVERING FIRE!			KEEP		
sound/dialogue/Mission_2/Allies/dfr_supress_AC9061tg1.mp3	coop_av_us_suppress160	coop_av_us_suppress	en	0.96	MOVE!			KEEP		
sound/dialogue/Mission_2/Allies/dfr_supress_AC9061tg2.mp3	coop_av_us_suppress161	coop_av_us_suppress	en	0.98	MOVE!			KEEP		
sound/dialogue/Mission_2/Allies/dfr_supress_AC9061tg3.mp3	coop_av_us_suppress162	coop_av_us_suppress	en	0.98	MOVE!			KEEP		
sound/dialogue/Mission_2/Allies/dfr_supress_AC9062tg1.mp3	coop_av_us_suppress163	coop_av_us_suppress	en	0.92	Go! Go!			KEEP		
sound/dialogue/Mission_2/Allies/dfr_supress_AC9062tg2.mp3	coop_av_us_suppress164	coop_av_us_suppress	en	0.78	Go! Go!			KEEP		
sound/dialogue/Mission_2/Allies/dfr_supress_AC9062tg3.mp3	coop_av_us_suppress165	coop_av_us_suppress	en	0.95	GO! GO!			KEEP		
sound/dialogue/Mission_2/Allies/dfr_supress_AC9063tg2.mp3	coop_av_us_suppress166	coop_av_us_suppress	en	0.98	I got you covered!			KEEP		
sound/dialogue/Mission_2/Allies/dfr_supress_AC9063tg3.mp3	coop_av_us_suppress167	coop_av_us_suppress	en	0.98	I got you covered!			KEEP		
sound/dialogue/Mission_2/Allies/dfr_supress_AC9064tg1.mp3	coop_av_us_suppress168	coop_av_us_suppress	en	0.99	I GOTTA MOVE OUT!			KEEP		
sound/dialogue/Mission_2/Allies/dfr_supress_AC9064tg2.mp3	coop_av_us_suppress169	coop_av_us_suppress	en	0.99	I GOTTA MOVE OUT!			KEEP		
sound/dialogue/Mission_2/Allies/dfr_supress_AC9064tg3.mp3	coop_av_us_suppress170	coop_av_us_suppress	en	0.98	I got him! Move out!			KEEP		
sound/dialogue/Mission_2/Allies/dfr_supress_AP4346tm2.mp3	coop_av_us_suppress171	coop_av_us_suppress	en	0.98	COVERING FIRE!			KEEP		
sound/dialogue/Mission_2/Allies/dfr_supress_AP4346tm3.mp3	coop_av_us_suppress172	coop_av_us_suppress	en	0.97	COVER RAID FIRE!			KEEP		
sound/dialogue/Mission_2/Allies/dfr_supress_AP4349tm2.mp3	coop_av_us_suppress173	coop_av_us_suppress	en	0.98	I GOT YOU COVERED!			KEEP		
sound/dialogue/Mission_2/Allies/dfr_supress_AP4349tm3.mp3	coop_av_us_suppress174	coop_av_us_suppress	en	0.97	I GOT YOU COVERED!			KEEP		
sound/dialogue/Mission_2/Allies/dfr_supress_AP4349tm4.mp3	coop_av_us_suppress175	coop_av_us_suppress	en	0.98	I got you covered!			KEEP		
sound/dialogue/Mission_2/Allies/dfr_supress_AP4350tm1.mp3	coop_av_us_suppress176	coop_av_us_suppress	en	0.99	I got him! Move out!			KEEP		
sound/dialogue/Mission_2/Allies/dfr_supress_AP4350tm2.mp3	coop_av_us_suppress177	coop_av_us_suppress	en	0.99	I got him! Move out!			KEEP		
sound/dialogue/Mission_2/Allies/dfr_supress_AP4350tm3.mp3	coop_av_us_suppress178	coop_av_us_suppress	en	0.99	I got him! Move out!			KEEP		
sound/dialogue/Mission_2/Allies/dfr_supress_AM4113tj1.mp3	coop_av_us_suppress179	coop_av_us_suppress	en	0.98	Covering fire!			KEEP		
sound/dialogue/Mission_2/Allies/dfr_supress_AM4113tj2.mp3	coop_av_us_suppress180	coop_av_us_suppress	en	0.99	COVERING FIRE!			KEEP		
sound/dialogue/Mission_2/Allies/dfr_supress_AM4113tj3.mp3	coop_av_us_suppress181	coop_av_us_suppress	en	0.97	Covering fire!			KEEP		
sound/dialogue/Mission_2/Allies/dfr_supress_AM4114tj1.mp3	coop_av_us_suppress182	coop_av_us_suppress	en	0.93	MOVE!			KEEP		
sound/dialogue/Mission_2/Allies/dfr_supress_AM4115tj1.mp3	coop_av_us_suppress183	coop_av_us_suppress	en	0.96	Go! Go!			KEEP		
sound/dialogue/Mission_2/Allies/dfr_supress_AM4115tj3.mp3	coop_av_us_suppress184	coop_av_us_suppress	en	0.96	GO! GO!			KEEP		
sound/dialogue/Mission_2/Allies/dfr_supress_AM4116tj2.mp3	coop_av_us_suppress185	coop_av_us_suppress	en	0.99	I got you covered!			KEEP		
sound/dialogue/Mission_2/Allies/dfr_supress_AM4116tj3.mp3	coop_av_us_suppress186	coop_av_us_suppress	en	0.99	I GOT YOU COVERED!			KEEP		
sound/dialogue/Mission_2/Allies/dfr_supress_AM4117tj1.mp3	coop_av_us_suppress187	coop_av_us_suppress	en	0.99	I gotta move out!			KEEP		
sound/dialogue/Mission_2/Allies/dfr_supress_AM4117tj2.mp3	coop_av_us_suppress188	coop_av_us_suppress	en	0.99	I GOTTA MOVE OUT!			KEEP		
sound/dialogue/Mission_2/Allies/dfr_supress_AM4117tj3.mp3	coop_av_us_suppress189	coop_av_us_suppress	en	0.99	I GOTTA MOVE OUT!			KEEP		
sound/dialogue/Mission_2/Allies/dfr_supress_AS2946th2.mp3	coop_av_us_suppress190	coop_av_us_suppress	en	0.98	COVERING FIRE!			KEEP		
sound/dialogue/Mission_2/Allies/dfr_supress_AS2946th3.mp3	coop_av_us_suppress191	coop_av_us_suppress	en	0.98	COVERING FIRE!			KEEP		
sound/dialogue/Mission_2/Allies/dfr_supress_AS2948th1.mp3	coop_av_us_suppress192	coop_av_us_suppress	en	0.95	GO! GO!			KEEP		
sound/dialogue/Mission_2/Allies/dfr_supress_AS2948th3.mp3	coop_av_us_suppress193	coop_av_us_suppress	en	0.96	GO! GO!			KEEP		
sound/dialogue/Mission_2/Allies/dfr_supress_AS2949th3.mp3	coop_av_us_suppress194	coop_av_us_suppress	en	0.99	I got you covered!			KEEP		
sound/dialogue/Mission_2/Allies/dfr_supress_AS2950th1.mp3	coop_av_us_suppress195	coop_av_us_suppress	en	1.00	I got him! Move out!			KEEP		
sound/dialogue/Mission_2/Allies/dfr_supress_AS2950th2.mp3	coop_av_us_suppress196	coop_av_us_suppress	en	0.99	I gotta move out!			KEEP		
sound/dialogue/Mission_2/Allies/dfr_supress_AS2952th1.mp3	coop_av_us_suppress197	coop_av_us_suppress	en	0.99	Cover me!		~reload	KEEP		
sound/dialogue/Mission_2/Allies/dfr_supress_AS2952th2.mp3	coop_av_us_suppress198	coop_av_us_suppress	en	0.99	Cover me!		~reload	KEEP		
sound/dialogue/Mission_2/Allies/dfr_supress_AS2952th3.mp3	coop_av_us_suppress199	coop_av_us_suppress	en	0.99	Cover me!		~reload	KEEP		
sound/dialogue/Mission_2/Allies/dfr_supress_AS3046ty1.mp3	coop_av_us_suppress200	coop_av_us_suppress	en	0.99	Covering fire!			KEEP		
sound/dialogue/Mission_2/Allies/dfr_supress_AS3046ty2.mp3	coop_av_us_suppress201	coop_av_us_suppress	en	0.98	Covering fire!			KEEP		
sound/dialogue/Mission_2/Allies/dfr_supress_AS3046ty3.mp3	coop_av_us_suppress202	coop_av_us_suppress	en	0.98	Covering fire!			KEEP		
sound/dialogue/Mission_2/Allies/dfr_supress_AS3047ty1.mp3	coop_av_us_suppress203	coop_av_us_suppress	en	0.95	MOVE!			KEEP		
sound/dialogue/Mission_2/Allies/dfr_supress_AS3047ty2.mp3	coop_av_us_suppress204	coop_av_us_suppress	en	0.88	MOVE!			KEEP		
sound/dialogue/Mission_2/Allies/dfr_supress_AS3047ty3.mp3	coop_av_us_suppress205	coop_av_us_suppress	en	0.92	MOVE!			KEEP		
sound/dialogue/Mission_2/Allies/dfr_supress_AS3048ty1.mp3	coop_av_us_suppress206	coop_av_us_suppress	en	0.95	Go! Go!			KEEP		
sound/dialogue/Mission_2/Allies/dfr_supress_AS3048ty2.mp3	coop_av_us_suppress207	coop_av_us_suppress	en	0.96	GO! GO!			KEEP		
sound/dialogue/Mission_2/Allies/dfr_supress_AS3048ty3.mp3	coop_av_us_suppress208	coop_av_us_suppress	en	0.91	GO GO!			KEEP		
sound/dialogue/Mission_2/Allies/dfr_supress_AS3049ty2.mp3	coop_av_us_suppress209	coop_av_us_suppress	en	0.99	I GOT YOU COVERED!			KEEP		
sound/dialogue/Mission_2/Allies/dfr_supress_AS3049ty3.mp3	coop_av_us_suppress210	coop_av_us_suppress	en	0.98	I GOT YOU COVERED!			KEEP		
sound/dialogue/Mission_2/Allies/dfr_supress_AS3050ty1.mp3	coop_av_us_suppress211	coop_av_us_suppress	en	0.99	I got him! Move out!			KEEP		
sound/dialogue/Mission_2/Allies/dfr_supress_AS3050ty3.mp3	coop_av_us_suppress212	coop_av_us_suppress	en	0.99	I got him! Move out!			KEEP		
sound/dialogue/Mission_2/Allies/dfr_supress_AS2848tw1.mp3	coop_av_us_suppress213	coop_av_us_suppress	en	0.97	Covering fire!			KEEP		
sound/dialogue/Mission_2/Allies/dfr_supress_AS2848tw2.mp3	coop_av_us_suppress214	coop_av_us_suppress	en	0.97	Covering fire!			KEEP		
sound/dialogue/Mission_2/Allies/dfr_supress_AS2848tw3.mp3	coop_av_us_suppress215	coop_av_us_suppress	en	0.98	Covering fire!			KEEP		
sound/dialogue/Mission_2/Allies/dfr_supress_AS2849tw1.mp3	coop_av_us_suppress216	coop_av_us_suppress	en	0.99	MOVE!			KEEP		
sound/dialogue/Mission_2/Allies/dfr_supress_AS2849tw2.mp3	coop_av_us_suppress217	coop_av_us_suppress	en	0.98	MOVE!			KEEP		
sound/dialogue/Mission_2/Allies/dfr_supress_AS2850tw1.mp3	coop_av_us_suppress218	coop_av_us_suppress	en	0.97	Go! Go!			KEEP		
sound/dialogue/Mission_2/Allies/dfr_supress_AS2850tw2.mp3	coop_av_us_suppress219	coop_av_us_suppress	en	0.95	Go, go!			KEEP		
sound/dialogue/Mission_2/Allies/dfr_supress_AS2850tw3.mp3	coop_av_us_suppress220	coop_av_us_suppress	en	0.92	Go! Go!			KEEP		
sound/dialogue/Mission_2/Allies/dfr_supress_AS2851tw2.mp3	coop_av_us_suppress221	coop_av_us_suppress	en	1.00	I got you covered!			KEEP		
sound/dialogue/Mission_2/Allies/dfr_supress_AS2851tw3.mp3	coop_av_us_suppress222	coop_av_us_suppress	en	0.99	I got you covered!			KEEP		
sound/dialogue/Mission_2/Allies/dfr_supress_AS2852tw1.mp3	coop_av_us_suppress223	coop_av_us_suppress	en	0.99	I got him! Move out!			KEEP		
sound/dialogue/Mission_2/Allies/dfr_supress_AS2852tw2.mp3	coop_av_us_suppress224	coop_av_us_suppress	en	0.99	I got him! Move out!			KEEP		
sound/dialogue/generic/US/DFRUS_suppress_GW2063xa01.mp3	coop_av_us_suppress225	coop_av_us_suppress	en	0.96	COVERING FIRE!			KEEP		
sound/dialogue/generic/US/DFRUS_suppress_GW2063xa02.mp3	coop_av_us_suppress226	coop_av_us_suppress	en	0.94	COVERING FIRE!			KEEP		
sound/dialogue/generic/US/DFRUS_suppress_GW2063xa03.mp3	coop_av_us_suppress227	coop_av_us_suppress	en	0.96	COVERING FIRE!			KEEP		
sound/dialogue/generic/US/DFRUS_suppress_GW2064xa01.mp3	coop_av_us_suppress228	coop_av_us_suppress	en	0.98	MOVE!			KEEP		
sound/dialogue/generic/US/DFRUS_suppress_GW2064xa02.mp3	coop_av_us_suppress229	coop_av_us_suppress	en	0.98	MOVE!			KEEP		
sound/dialogue/generic/US/DFRUS_suppress_GW2064xa03.mp3	coop_av_us_suppress230	coop_av_us_suppress	en	0.96	MOVE!			KEEP		
sound/dialogue/generic/US/DFRUS_suppress_GW2065xa01.mp3	coop_av_us_suppress231	coop_av_us_suppress	en	0.96	GO! GO!			KEEP		
sound/dialogue/generic/US/DFRUS_suppress_GW2065xa02.mp3	coop_av_us_suppress232	coop_av_us_suppress	en	0.95	GO! GO! GO!			KEEP		
sound/dialogue/generic/US/DFRUS_suppress_GW2066xa01.mp3	coop_av_us_suppress233	coop_av_us_suppress	en	0.96	I've got you covered!			KEEP		
sound/dialogue/generic/US/DFRUS_suppress_GW2066xa02.mp3	coop_av_us_suppress234	coop_av_us_suppress	en	0.99	I've got you covered!			KEEP		
sound/dialogue/generic/US/DFRUS_suppress_GW2066xa03.mp3	coop_av_us_suppress235	coop_av_us_suppress	en	0.99	I've got you covered!			KEEP		
sound/dialogue/generic/US/DFRUS_suppress_GW2067xa02.mp3	coop_av_us_suppress236	coop_av_us_suppress	en	0.97	I've got him! Move out!			KEEP		
sound/dialogue/generic/US/DFRUS_suppress_GW2067xa03.mp3	coop_av_us_suppress237	coop_av_us_suppress	en	0.99	I've gotta move out!			KEEP		
sound/dialogue/generic/US/DFRUS_global_JP2772xb01.mp3	coop_av_us_suppress238	coop_av_us_suppress	en	0.98	COVERING FIRE!			KEEP		
sound/dialogue/generic/US/DFRUS_global_JP2772xb02.mp3	coop_av_us_suppress239	coop_av_us_suppress	en	0.99	COVERING FIRE!			KEEP		
sound/dialogue/generic/US/DFRUS_global_JP2772xb03.mp3	coop_av_us_suppress240	coop_av_us_suppress	en	0.98	COVERING FIRE!			KEEP		
sound/dialogue/generic/US/DFRUS_global_JP2773xb01.mp3	coop_av_us_suppress241	coop_av_us_suppress	en	0.98	MOVE!			KEEP		
sound/dialogue/generic/US/DFRUS_global_JP2773xb02.mp3	coop_av_us_suppress242	coop_av_us_suppress	en	0.97	MOVE!			KEEP		
sound/dialogue/generic/US/DFRUS_global_JP2773xb03.mp3	coop_av_us_suppress243	coop_av_us_suppress	en	0.98	MOVE!			KEEP		
sound/dialogue/generic/US/DFRUS_global_JP2774xb01.mp3	coop_av_us_suppress244	coop_av_us_suppress	en	0.95	GO GO!			KEEP		
sound/dialogue/generic/US/DFRUS_global_JP2774xb02.mp3	coop_av_us_suppress245	coop_av_us_suppress	en	0.92	GO! GO!			KEEP		
sound/dialogue/generic/US/DFRUS_global_JP2775xb02.mp3	coop_av_us_suppress246	coop_av_us_suppress	en	0.98	I GOT YOU COVERED!			KEEP		
sound/dialogue/generic/US/DFRUS_global_JP2776xb01.mp3	coop_av_us_suppress247	coop_av_us_suppress	en	0.99	I got him! Move out!			KEEP		
sound/dialogue/generic/US/DFRUS_global_JP2776xb03.mp3	coop_av_us_suppress248	coop_av_us_suppress	en	0.99	I GOT HIM! MOVE OUT!			KEEP		
sound/dialogue/generic/US/DFRUS_suppress_LP2363xt01.mp3	coop_av_us_suppress249	coop_av_us_suppress	en	0.97	COVERING FIRE!			KEEP		
sound/dialogue/generic/US/DFRUS_suppress_LP2363xt02.mp3	coop_av_us_suppress250	coop_av_us_suppress	en	0.98	COVERING FIRE!			KEEP		
sound/dialogue/generic/US/DFRUS_suppress_LP2364xt01.mp3	coop_av_us_suppress251	coop_av_us_suppress	en	0.92	MOVE!			KEEP		
sound/dialogue/generic/US/DFRUS_suppress_LP2364xt02.mp3	coop_av_us_suppress252	coop_av_us_suppress	en	0.98	MOVE!			KEEP		
sound/dialogue/generic/US/DFRUS_suppress_LP2365xt01.mp3	coop_av_us_suppress253	coop_av_us_suppress	en	0.94	Go! Go!			KEEP		
sound/dialogue/generic/US/DFRUS_suppress_LP2365xt02.mp3	coop_av_us_suppress254	coop_av_us_suppress	en	0.93	GO! GO!			KEEP		
sound/dialogue/generic/US/DFRUS_suppress_LP2366xt01.mp3	coop_av_us_suppress255	coop_av_us_suppress	en	0.99	I GOT YOU COVERED!			KEEP		
sound/dialogue/generic/US/DFRUS_suppress_LP2366xt02.mp3	coop_av_us_suppress256	coop_av_us_suppress	en	0.99	I GOT YOU COVERED!			KEEP		
sound/dialogue/generic/US/DFRUS_suppress_LP2367xt01.mp3	coop_av_us_suppress257	coop_av_us_suppress	en	0.97	I got him! Move out!			KEEP		
sound/dialogue/generic/US/DFRUS_suppress_LP2367xt02.mp3	coop_av_us_suppress258	coop_av_us_suppress	en	0.99	I got him! Move out!			KEEP		
sound/dialogue/generic/US/DFRUS_suppress_LP2367xt03.mp3	coop_av_us_suppress259	coop_av_us_suppress	en	0.99	I got him! Move out!			KEEP		
sound/dialogue/Multiplayer/g/GRden_r_14a.wav	coop_taunt_de1	coop_taunt_de	de	0.80	Wir sehen uns in New York!	See you in New York / America!		KEEP	jeer	
sound/dialogue/Multiplayer/g/GRden_r_14b.wav	coop_taunt_de2	coop_taunt_de	de	0.76	Wir sehen uns in Amerika!	See you in New York / America!		KEEP	jeer	
sound/dialogue/Multiplayer/g/GRden_r_14c.wav	coop_taunt_de3	coop_taunt_de	fr	0.49	PESÉNO GENAMÉRICA !	See you in New York / America!		KEEP	jeer	
sound/dialogue/Multiplayer/g/GRden_r_14d.wav	coop_taunt_de4	coop_taunt_de	de	0.99	Wir sehen uns in Amerika!	See you in New York / America!		KEEP	jeer	
sound/dialogue/Multiplayer/g/GRden_r_14i.wav	coop_taunt_de5	coop_taunt_de	de	0.88	Wir sehen uns in Amerika!	See you in New York / America!		KEEP	jeer	
sound/dialogue/Multiplayer/g/GRden_r_17a.wav	coop_taunt_de6	coop_taunt_de	de	0.99	Sind euren generellen echte Soldaten ausgegangen?	Have your generals run out of real soldiers?		KEEP	jeer	
sound/dialogue/Multiplayer/g/GRden_r_17b.wav	coop_taunt_de7	coop_taunt_de	de	1.00	Sind euren Gonerälen echte Soldaten ausgegangen?	Have your generals run out of real soldiers?		KEEP	jeer	
sound/dialogue/Multiplayer/g/GRden_r_17c.wav	coop_taunt_de8	coop_taunt_de	de	0.97	Sind euren generellen echten Soldaten ausgegangen?	Have your generals run out of real soldiers?		KEEP	jeer	
sound/dialogue/Multiplayer/g/GRden_r_17d.wav	coop_taunt_de9	coop_taunt_de	de	1.00	Sind Euren Generellen echte Soldaten ausgegangen?	Have your generals run out of real soldiers?		KEEP	jeer	
sound/dialogue/Multiplayer/g/GRden_r_17i.wav	coop_taunt_de10	coop_taunt_de	de	1.00	Sind euren generellen echte Soldaten ausgegangen?	Have your generals run out of real soldiers?		KEEP	jeer	
sound/dialogue/Multiplayer/g/GRden_r_18a.wav	coop_taunt_de11	coop_taunt_de	de	0.97	Die Amis haben wohl keine echten Männer mehr.	The Yanks have no real men left!		KEEP	jeer	
sound/dialogue/Multiplayer/g/GRden_r_18b.wav	coop_taunt_de12	coop_taunt_de	de	1.00	Die Amis haben wohl keine echten Männer mehr!	The Yanks have no real men left!		KEEP	jeer	
sound/dialogue/Multiplayer/g/GRden_r_18c.wav	coop_taunt_de13	coop_taunt_de	de	0.96	Die Amis haben wohl keine echten Männer mehr!	The Yanks have no real men left!		KEEP	jeer	
sound/dialogue/Multiplayer/g/GRden_r_18d.wav	coop_taunt_de14	coop_taunt_de	de	1.00	Die Amis haben wohl keine echten Männer mehr!	The Yanks have no real men left!		KEEP	jeer	
sound/dialogue/Multiplayer/g/GRden_r_18i.wav	coop_taunt_de15	coop_taunt_de	de	0.99	Ja, ich hab wohl keine echten Männer mehr!	The Yanks have no real men left!		KEEP	jeer	
sound/dialogue/Multiplayer/g/GRden_r_21a.wav	coop_taunt_de16	coop_taunt_de	de	0.98	Französische Bauantöchter schießen besser!	French farm girls shoot better!		KEEP	jeer	
sound/dialogue/Multiplayer/g/GRden_r_21b.wav	coop_taunt_de17	coop_taunt_de	de	0.99	Französische Bauern-Töchter schießen besser!	French farm girls shoot better!		KEEP	jeer	
sound/dialogue/Multiplayer/g/GRden_r_21c.wav	coop_taunt_de18	coop_taunt_de	de	0.90	Französische Bauentöchter schießen besser!	French farm girls shoot better!		KEEP	jeer	
sound/dialogue/Multiplayer/g/GRden_r_21d.wav	coop_taunt_de19	coop_taunt_de	de	1.00	Französische Bauern-Töchter schießen besser!	French farm girls shoot better!		KEEP	jeer	
sound/dialogue/Multiplayer/g/GRden_r_21i.wav	coop_taunt_de20	coop_taunt_de	de	0.97	Französische Bauern-Töchter schießen besser!	French farm girls shoot better!		KEEP	jeer	
sound/dialogue/Multiplayer/g/GRden_v_01b.wav	coop_taunt_de21	coop_taunt_de	de	0.98	Gute Arbeit, Leute!	Good work, team!	Good job team!	CUT	team praise, not a jeer	
sound/dialogue/Multiplayer/g/GRden_v_01d.wav	coop_taunt_de22	coop_taunt_de	de	0.99	Gute Arbeit, Leute!	Good work, team!	Good job team!	CUT	team praise, not a jeer	
sound/dialogue/Multiplayer/g/GRden_v_02i.wav	coop_taunt_de23	coop_taunt_de	de	0.92	Der Sieg ist unser!	Victory (is ours)!	Victory is ours!	CUT	round-end victory call, wrong mid-fight	
sound/dialogue/Multiplayer/g/GRden_v_03c.wav	coop_taunt_de24	coop_taunt_de	de	0.85	Wir haben gesiegt!	Victory (is ours)!	Victory!	CUT	round-end victory call, wrong mid-fight	
sound/dialogue/Multiplayer/g/GRden_v_03d.wav	coop_taunt_de25	coop_taunt_de	de	0.98	Wir haben gesiegt!	Victory (is ours)!	Victory!	CUT	round-end victory call, wrong mid-fight	
sound/dialogue/Multiplayer/g/GRden_v_05a.wav	coop_taunt_de26	coop_taunt_de	de	0.65	Gute Leistung!	Good effort!		KEEP	sarcastic jeer	
sound/dialogue/Multiplayer/g/GRden_v_05b.wav	coop_taunt_de27	coop_taunt_de	de	0.99	Gute Leistung!	Good effort!		KEEP	sarcastic jeer	
sound/dialogue/Multiplayer/g/GRden_v_05c.wav	coop_taunt_de28	coop_taunt_de	de	0.44	Gute Leistung!	Good effort!		KEEP	sarcastic jeer	
sound/dialogue/Multiplayer/g/GRden_v_05d.wav	coop_taunt_de29	coop_taunt_de	de	0.97	Gute Leistung!	Good effort!		KEEP	sarcastic jeer	
sound/dialogue/Multiplayer/g/GRden_v_05i.wav	coop_taunt_de30	coop_taunt_de	de	0.91	Gute Leistung!	Good effort!		KEEP	sarcastic jeer	
sound/dialogue/Multiplayer/g/GRden_v_06c.wav	coop_taunt_de31	coop_taunt_de	de	0.95	Deine Eltern wären stolz.	Your parents would be proud.	Your parents would be proud.	KEEP	sarcastic jeer	
sound/dialogue/Multiplayer/g/GRden_v_06d.wav	coop_taunt_de32	coop_taunt_de	de	1.00	Deine Eltern wären stolz.	Your parents would be proud.	Your parents would be proud.	KEEP	sarcastic jeer	
sound/dialogue/Multiplayer/g/GRden_v_06i.wav	coop_taunt_de33	coop_taunt_de	de	0.98	Deine Eltern wären stolz.	Your parents would be proud.	Your parents would be proud.	KEEP	sarcastic jeer	
sound/dialogue/Multiplayer/a/AMdfr_r_14a.wav	coop_taunt_us1	coop_taunt_us	en	0.99	See you in Berlin!			KEEP	jeer	
sound/dialogue/Multiplayer/a/AMdfr_r_14h.wav	coop_taunt_us2	coop_taunt_us	en	0.97	See ya in Berlin!			KEEP	jeer	
sound/dialogue/Multiplayer/a/AMdfr_r_14j.wav	coop_taunt_us3	coop_taunt_us	en	0.98	We'll see you in Berlin!			KEEP	jeer	
sound/dialogue/Multiplayer/a/AMdfr_r_14z.wav	coop_taunt_us4	coop_taunt_us	en	0.98	See you in Berlin!			CUT	voice 'z' is the SAS (British) MP voice - wrong nationality for a US taunt	
sound/dialogue/Multiplayer/a/AMdfr_r_17a.wav	coop_taunt_us5	coop_taunt_us	en	0.99	Have you generals run out of real soldiers?	Have your generals run out of real soldiers?		KEEP	jeer	
sound/dialogue/Multiplayer/a/AMdfr_r_17h.wav	coop_taunt_us6	coop_taunt_us	en	1.00	Have your generals run out of real soldiers?	Have your generals run out of real soldiers?		KEEP	jeer	
sound/dialogue/Multiplayer/a/AMdfr_r_17j.wav	coop_taunt_us7	coop_taunt_us	en	1.00	Have your generals run out of real soldiers?	Have your generals run out of real soldiers?		KEEP	jeer	
sound/dialogue/Multiplayer/a/AMdfr_r_17z.wav	coop_taunt_us8	coop_taunt_us	en	0.99	Have your generals run out of real soldiers?	Have your generals run out of real soldiers?		CUT	voice 'z' is the SAS (British) MP voice - wrong nationality for a US taunt	
sound/dialogue/Multiplayer/a/AMdfr_r_18a.wav	coop_taunt_us9	coop_taunt_us	en	0.99	The Germans are apparently out of real men!	The Yanks have no real men left!		KEEP	jeer	
sound/dialogue/Multiplayer/a/AMdfr_r_18h.wav	coop_taunt_us10	coop_taunt_us	en	1.00	The Germans are apparently out of real men!	The Yanks have no real men left!		KEEP	jeer	
sound/dialogue/Multiplayer/a/AMdfr_r_18j.wav	coop_taunt_us11	coop_taunt_us	en	0.99	The Germans are apparently out of real men.	The Yanks have no real men left!		KEEP	jeer	
sound/dialogue/Multiplayer/a/AMdfr_r_18z.wav	coop_taunt_us12	coop_taunt_us	en	0.99	The Germans are apparently out of real men!	The Yanks have no real men left!		CUT	voice 'z' is the SAS (British) MP voice - wrong nationality for a US taunt	
sound/dialogue/Multiplayer/a/AMdfr_r_21a.wav	coop_taunt_us13	coop_taunt_us	en	1.00	I've seen French farm girls shoot better!	French farm girls shoot better!		KEEP	jeer	
sound/dialogue/Multiplayer/a/AMdfr_r_21h.wav	coop_taunt_us14	coop_taunt_us	en	1.00	I've seen French farm girls shoot better.	French farm girls shoot better!		KEEP	jeer	
sound/dialogue/Multiplayer/a/AMdfr_r_21j.wav	coop_taunt_us15	coop_taunt_us	en	0.98	I've seen French farm girls shoot better.	French farm girls shoot better!		KEEP	jeer	
sound/dialogue/Multiplayer/a/AMdfr_r_21z.wav	coop_taunt_us16	coop_taunt_us	en	1.00	I've seen French farm girls shoot better.	French farm girls shoot better!		CUT	voice 'z' is the SAS (British) MP voice - wrong nationality for a US taunt	
sound/dialogue/Multiplayer/a/AMdfr_v_01z.wav	coop_taunt_us17	coop_taunt_us	en	1.00	Great job team!	Good work, team!	Good job team!	CUT	voice 'z' is the SAS (British) MP voice - wrong nationality for a US taunt	
sound/dialogue/Multiplayer/a/AMdfr_v_02h.wav	coop_taunt_us18	coop_taunt_us	en	1.00	Victory is ours!	Victory (is ours)!	Victory is ours!	CUT	round-end victory call, wrong mid-fight	
sound/dialogue/Multiplayer/a/AMdfr_v_02z.wav	coop_taunt_us19	coop_taunt_us	en	1.00	Victory is ours!	Victory (is ours)!	Victory is ours!	CUT	voice 'z' is the SAS (British) MP voice - wrong nationality for a US taunt	
sound/dialogue/Multiplayer/a/AMdfr_v_03z.wav	coop_taunt_us20	coop_taunt_us	en	0.94	Victory!	Victory (is ours)!	Victory!	CUT	voice 'z' is the SAS (British) MP voice - wrong nationality for a US taunt	
sound/dialogue/Multiplayer/a/AMdfr_v_04a.wav	coop_taunt_us21	coop_taunt_us	en	0.99	Outstanding performance!		Outstanding performance!	KEEP	sarcastic jeer	
sound/dialogue/Multiplayer/a/AMdfr_v_04z.wav	coop_taunt_us22	coop_taunt_us	en	1.00	Outstanding performance!		Outstanding performance!	CUT	voice 'z' is the SAS (British) MP voice - wrong nationality for a US taunt	
sound/dialogue/Multiplayer/a/AMdfr_v_05a.wav	coop_taunt_us23	coop_taunt_us	en	0.99	Great effort.	Good effort!		KEEP	sarcastic jeer	
sound/dialogue/Multiplayer/a/AMdfr_v_05h.wav	coop_taunt_us24	coop_taunt_us	en	1.00	Great effort.	Good effort!		KEEP	sarcastic jeer	
sound/dialogue/Multiplayer/a/AMdfr_v_05j.wav	coop_taunt_us25	coop_taunt_us	en	0.99	Great effort!	Good effort!		KEEP	sarcastic jeer	
sound/dialogue/Multiplayer/a/AMdfr_v_05z.wav	coop_taunt_us26	coop_taunt_us	en	0.98	Great effort!	Good effort!		CUT	voice 'z' is the SAS (British) MP voice - wrong nationality for a US taunt	
sound/dialogue/Multiplayer/a/AMdfr_v_06a.wav	coop_taunt_us27	coop_taunt_us	en	1.00	Your pants would be proud!	Your parents would be proud.	Your parents would be proud.	KEEP	sarcastic jeer	
sound/dialogue/Multiplayer/a/AMdfr_v_06j.wav	coop_taunt_us28	coop_taunt_us	en	0.99	Your parents would be proud.	Your parents would be proud.	Your parents would be proud.	KEEP	sarcastic jeer	
sound/dialogue/Multiplayer/a/AMdfr_v_06z.wav	coop_taunt_us29	coop_taunt_us	en	1.00	Your parents would be proud.	Your parents would be proud.	Your parents would be proud.	CUT	voice 'z' is the SAS (British) MP voice - wrong nationality for a US taunt	
sound/coop_flvo/de_001.wav	coop_flvo_de1	coop_flvo_de	de	0.91	Jetzt geht's los!	Here we go!		KEEP+attack	generic combat bark	1_1_11load1_025.wav
sound/coop_flvo/de_002.wav	coop_flvo_de2	coop_flvo_de	de	0.92	Das macht Laune!	This is fun!		KEEP+taunt	generic jeer	1_1_11load1_026.wav
sound/coop_flvo/de_003.wav	coop_flvo_de3	coop_flvo_de	de	0.99	Macht ihn fertig!	Finish him off!		KEEP+attack	generic combat order	1_1_11load1_030.wav
sound/coop_flvo/de_004.wav	coop_flvo_de4	coop_flvo_de	de	0.95	Er ist in Deckung gegangen!	He's gone into cover!		KEEP	generic combat call-out	1_1_11load3_021.wav
sound/coop_flvo/de_005.wav	coop_flvo_de5	coop_flvo_de	de	0.95	Lass die nicht entkommen!	Don't let them get away!		KEEP+attack	generic combat order	1_1_11load3_022.wav
sound/coop_flvo/de_006.wav	coop_flvo_de6	coop_flvo_de	de	0.98	Er hat eine Waffe!	He has a weapon!		CUT	first-sighting alert; Germans' sighting bark is engine-driven, no trigger here	1_1_11load3_023.wav
sound/coop_flvo/de_007.wav	coop_flvo_de7	coop_flvo_de	de	0.96	Mach die fertig!	Finish them off!		KEEP+attack	generic combat order	1_1_11load4_022.wav
sound/coop_flvo/de_008.wav	coop_flvo_de8	coop_flvo_de	de	0.91	Verteilen Männer!	Spread out, men!		KEEP+attack	generic squad order in combat	1_1_11load4_027.wav
sound/coop_flvo/de_009.wav	coop_flvo_de9	coop_flvo_de	de	0.94	Feind greift an!	Enemy attacking!		KEEP	generic combat call-out	1_1_11load4_034.wav
sound/coop_flvo/de_010.wav	coop_flvo_de10	coop_flvo_de	de	0.99	Er hat ein ganzes Arsenal!	He's got a whole arsenal!		MOVE:fallback	losing-the-fight line; only when badly hurt	1_1_11load4_036.wav
sound/coop_flvo/de_011.wav	coop_flvo_de11	coop_flvo_de	de	0.98	Er ist zu gut bewaffnet!	He's too well armed!		MOVE:fallback	losing-the-fight line; only when badly hurt	1_1_11load5_036.wav
sound/coop_flvo/de_012.wav	coop_flvo_de12	coop_flvo_de	de	0.99	Er hat ein ganzes Arsenal!	He's got a whole arsenal!		CUT	byte-identical duplicate of sound/coop_flvo/de_010.wav	1_1_11load5_039.wav
sound/coop_flvo/de_013.wav	coop_flvo_de13	coop_flvo_de	de	0.99	Macht ihn fertig!	Finish him off!		CUT	byte-identical duplicate of sound/coop_flvo/de_003.wav	1_1_11load7_021.wav
sound/coop_flvo/de_014.wav	coop_flvo_de14	coop_flvo_de	de	0.99	Das war's, du alliierten Schwein!	That's it, you Allied pig!		MOVE:kill	said over a kill	1_1_11load7_022.wav
sound/coop_flvo/de_015.wav	coop_flvo_de15	coop_flvo_de	de	0.95	Er ist in Deckung gegangen!	He's gone into cover!		CUT	byte-identical duplicate of sound/coop_flvo/de_004.wav	1_1_11load8_021.wav
sound/coop_flvo/de_016.wav	coop_flvo_de16	coop_flvo_de	de	0.95	Lass die nicht abhauen!	Don't let them run off!		KEEP+attack	generic combat order	1_1_11load8_023.wav
sound/coop_flvo/de_017.wav	coop_flvo_de17	coop_flvo_de	de	0.96	Ich hab ihn im Visier!	I've got him in my sights!		KEEP+attack	generic combat bark	1_1_11load9_023.wav
sound/coop_flvo/de_018.wav	coop_flvo_de18	coop_flvo_de	de	0.92	Nehmt ihn ins Visier, Männer!	Take aim at him, men!		KEEP+attack	generic combat order	1_1_11load9_025.wav
sound/coop_flvo/de_019.wav	coop_flvo_de19	coop_flvo_de	de	0.91	Jetzt geht's los!	Here we go!		CUT	byte-identical duplicate of sound/coop_flvo/de_001.wav	1_2_12load1_023.wav
sound/coop_flvo/de_020.wav	coop_flvo_de20	coop_flvo_de	de	0.95	Lass die nicht abhauen!	Don't let them run off!		KEEP+attack	generic combat order	1_2_12load1_025.wav
sound/coop_flvo/de_021.wav	coop_flvo_de21	coop_flvo_de	de	0.95	Zum Angriff!	Attack!		KEEP+attack	generic combat order	1_2_12load2_013.wav
sound/coop_flvo/de_022.wav	coop_flvo_de22	coop_flvo_de	de	0.88	Wir sind unter Beschuss!	We're under fire!		MOVE:cover	only when actually taking fire	1_2_12load3_032.wav
sound/coop_flvo/de_023.wav	coop_flvo_de23	coop_flvo_de	de	0.96	Stirbt, du alliierten Schwein!	Die, you Allied pig!		KEEP+taunt	generic jeer	1_2_12load4_024.wav
sound/coop_flvo/de_024.wav	coop_flvo_de24	coop_flvo_de	de	0.92	Das macht Laune!	This is fun!		CUT	byte-identical duplicate of sound/coop_flvo/de_002.wav	1_3_13load1_023.wav
sound/coop_flvo/de_025.wav	coop_flvo_de25	coop_flvo_de	de	0.90	Nehmt ihn von hinten!	Take him from behind!		KEEP+attack	generic flanking order	1_3_13load1_027.wav
sound/coop_flvo/de_026.wav	coop_flvo_de26	coop_flvo_de	de	0.97	Ich hab keine Munition mehr!	I'm out of ammo!		CUT	out-of-ammo; no real reload/empty trigger exists (reload sit is a random roll)	1_3_13load1_034.wav
sound/coop_flvo/de_027.wav	coop_flvo_de27	coop_flvo_de	de	0.97	Wir sitzen in der Falle!	We're trapped!		MOVE:fallback	losing-the-fight line	1_3_13load3_032.wav
sound/coop_flvo/de_028.wav	coop_flvo_de28	coop_flvo_de	de	0.98	Ich hab keinen freien Schuss!	I don't have a clear shot!		KEEP	generic combat bark	1_3_13load3_034.wav
sound/coop_flvo/de_029.wav	coop_flvo_de29	coop_flvo_de	de	0.86	Gib mir Deckung!	Cover me!		MOVE:cover	under fire	1_3_13load4_032.wav
sound/coop_flvo/de_030.wav	coop_flvo_de30	coop_flvo_de	de	0.94	Feind greift an!	Enemy attacking!		CUT	byte-identical duplicate of sound/coop_flvo/de_009.wav	1_3_13load4_048.wav
sound/coop_flvo/de_031.wav	coop_flvo_de31	coop_flvo_de	de	0.97	Irgendwas schleicht hier rum!	Something's sneaking around here!		CUT	suspicion/stealth line, wrong mid-combat	1_3_13load6_023.wav
sound/coop_flvo/de_032.wav	coop_flvo_de32	coop_flvo_de	de	0.97	Ich hab was gehört!	I heard something!		CUT	suspicion/stealth line, wrong mid-combat	1_3_13load6_042.wav
sound/coop_flvo/de_033.wav	coop_flvo_de33	coop_flvo_de	de	0.90	Verstärkung anfordern!	Call for reinforcements!		MOVE:backup	under-fire call for help	1_3_13load6_047.wav
sound/coop_flvo/de_034.wav	coop_flvo_de34	coop_flvo_de	de	0.96	Ich hab ihn!	Got him!		MOVE:kill	said over a kill	1_3_13load7_024.wav
sound/coop_flvo/de_035.wav	coop_flvo_de35	coop_flvo_de	de	0.98	Ich hab keinen freien Schuss!	I don't have a clear shot!		KEEP	generic combat bark	1_3_13load7_032.wav
sound/coop_flvo/de_036.wav	coop_flvo_de36	coop_flvo_de	de	0.98	Verständigt die anderen!	Alert the others!		MOVE:backup	under-fire call for help	1_3_13load7_046.wav
sound/coop_flvo/de_037.wav	coop_flvo_de37	coop_flvo_de	de	0.80	Achtung, Granate!	Look out, grenade!		CUT	grenade warning; engine say_grenade_sighted owns it, a random roll would lie	1_3_13load8_035.wav
sound/coop_flvo/de_038.wav	coop_flvo_de38	coop_flvo_de	de	0.97	Bleibt an ihn dran!	Stay on him!		KEEP+attack	generic combat order	1_3_13load9_019.wav
sound/coop_flvo/de_039.wav	coop_flvo_de39	coop_flvo_de	de	0.98	Er hat eine Waffe!	He has a weapon!		CUT	first-sighting alert; Germans' sighting bark is engine-driven, no trigger here	1_3_13load9_021.wav
sound/coop_flvo/de_040.wav	coop_flvo_de40	coop_flvo_de	de	0.94	Eingraben!	Dig in!		CUT	hold-position order	1_3_13load9_025.wav
sound/coop_flvo/de_041.wav	coop_flvo_de41	coop_flvo_de	de	0.98	Sie sind uns überlegen!	They outnumber us!		MOVE:fallback	losing-the-fight line	1_3_13load9_029.wav
sound/coop_flvo/de_042.wav	coop_flvo_de42	coop_flvo_de	de	0.94	Alles absichern!	Secure everything!		CUT	post-fight order, wrong mid-combat	1_3_13load9_041.wav
sound/coop_flvo/de_043.wav	coop_flvo_de43	coop_flvo_de	de	0.90	Nehmt ihn von hinten!	Take him from behind!		CUT	byte-identical duplicate of sound/coop_flvo/de_025.wav	1_4_14load1_027.wav
sound/coop_flvo/de_044.wav	coop_flvo_de44	coop_flvo_de	de	0.97	Wir sitzen in der Falle!	We're trapped!		CUT	byte-identical duplicate of sound/coop_flvo/de_027.wav	1_4_14load3_032.wav
sound/coop_flvo/de_045.wav	coop_flvo_de45	coop_flvo_de	de	0.86	Gib mir Deckung!	Cover me!		CUT	byte-identical duplicate of sound/coop_flvo/de_029.wav	1_4_14load4_032.wav
sound/coop_flvo/de_046.wav	coop_flvo_de46	coop_flvo_de	de	0.97	Irgendwas schleicht hier rum!	Something's sneaking around here!		CUT	suspicion/stealth line, wrong mid-combat	1_4_14load6_023.wav
sound/coop_flvo/de_047.wav	coop_flvo_de47	coop_flvo_de	de	0.90	Verstärkung anfordern!	Call for reinforcements!		CUT	byte-identical duplicate of sound/coop_flvo/de_033.wav	1_4_14load6_047.wav
sound/coop_flvo/de_048.wav	coop_flvo_de48	coop_flvo_de	de	0.96	Ich hab ihn!	Got him!		CUT	byte-identical duplicate of sound/coop_flvo/de_034.wav	1_4_14load7_024.wav
sound/coop_flvo/de_049.wav	coop_flvo_de49	coop_flvo_de	de	0.98	Verständigt die anderen!	Alert the others!		CUT	byte-identical duplicate of sound/coop_flvo/de_036.wav	1_4_14load7_046.wav
sound/coop_flvo/de_050.wav	coop_flvo_de50	coop_flvo_de	de	0.80	Achtung, Granate!	Look out, grenade!		CUT	grenade warning; engine say_grenade_sighted owns it, a random roll would lie	1_4_14load8_035.wav
sound/coop_flvo/de_051.wav	coop_flvo_de51	coop_flvo_de	de	0.97	Bleibt an ihn dran!	Stay on him!		CUT	byte-identical duplicate of sound/coop_flvo/de_038.wav	1_4_14load9_019.wav
sound/coop_flvo/de_052.wav	coop_flvo_de52	coop_flvo_de	de	0.94	Eingraben!	Dig in!		CUT	hold-position order	1_4_14load9_025.wav
sound/coop_flvo/de_053.wav	coop_flvo_de53	coop_flvo_de	de	0.98	Sie sind uns überlegen!	They outnumber us!		CUT	byte-identical duplicate of sound/coop_flvo/de_041.wav	1_4_14load9_029.wav
sound/coop_flvo/de_054.wav	coop_flvo_de54	coop_flvo_de	de	0.94	Alles absichern!	Secure everything!		CUT	post-fight order, wrong mid-combat	1_4_14load9_041.wav
sound/coop_flvo/de_055.wav	coop_flvo_de55	coop_flvo_de	de	0.95	Zum Angriff!	Attack!		CUT	byte-identical duplicate of sound/coop_flvo/de_021.wav	2_1_21load10_019.wav
sound/coop_flvo/de_056.wav	coop_flvo_de56	coop_flvo_de	de	0.88	Wir sind unter Beschuss!	We're under fire!		CUT	byte-identical duplicate of sound/coop_flvo/de_022.wav	2_1_21load10_023.wav
sound/coop_flvo/de_057.wav	coop_flvo_de57	coop_flvo_de	de	1.00	Wir haben ihn aus den Augen verloren!	We've lost sight of him!		CUT	lost-contact line, no trigger	2_1_21load2_019.wav
sound/coop_flvo/de_058.wav	coop_flvo_de58	coop_flvo_de	de	0.96	Stirbt, du alliierten Schwein!	Die, you Allied pig!		CUT	byte-identical duplicate of sound/coop_flvo/de_023.wav	2_1_21load3_023.wav
sound/coop_flvo/de_059.wav	coop_flvo_de59	coop_flvo_de	de	0.96	Rettet sich wer kann!	Every man for himself!		MOVE:fallback	rout line; only when badly hurt	2_1_21load3_027.wav
sound/coop_flvo/de_060.wav	coop_flvo_de60	coop_flvo_de	de	0.96	Ich hab ihn im Visier!	I've got him in my sights!		CUT	byte-identical duplicate of sound/coop_flvo/de_017.wav	2_1_21load4_021.wav
sound/coop_flvo/de_061.wav	coop_flvo_de61	coop_flvo_de	de	0.98	In unsere Richtung!	Coming our way!		MOVE:cover	incoming fire call	2_1_21load8_027.wav
sound/coop_flvo/de_062.wav	coop_flvo_de62	coop_flvo_de	de	0.92	Nehmt ihn ins Visier, Männer!	Take aim at him, men!		CUT	byte-identical duplicate of sound/coop_flvo/de_018.wav	2_1_21load9_017.wav
sound/coop_flvo/de_063.wav	coop_flvo_de63	coop_flvo_de	de	0.82	Feind in Sicht!	Enemy in sight!		CUT	first-sighting alert; engine-driven for Germans	2_1_21load9_021.wav
sound/coop_flvo/de_064.wav	coop_flvo_de64	coop_flvo_de	de	0.91	Verteilen Männer!	Spread out, men!		CUT	byte-identical duplicate of sound/coop_flvo/de_008.wav	2_2_22load1_027.wav
sound/coop_flvo/de_065.wav	coop_flvo_de65	coop_flvo_de	de	0.96	Mach die fertig!	Finish them off!		CUT	byte-identical duplicate of sound/coop_flvo/de_007.wav	2_2_22load2_024.wav
sound/coop_flvo/de_066.wav	coop_flvo_de66	coop_flvo_de	de	0.90	Deckung geben!	Give covering fire!		MOVE:cover	under fire	2_2_22load3_032.wav
sound/coop_flvo/de_067.wav	coop_flvo_de67	coop_flvo_de	de	0.91	Achtung! Aufgepasst!	Attention! Look out!		CUT	alert line, no trigger	2_2_22load4_023.wav
sound/coop_flvo/de_068.wav	coop_flvo_de68	coop_flvo_de	de	0.99	So, jetzt bin ich dran!	Right, my turn now!		KEEP+taunt	generic jeer	2_2_22load7_030.wav
sound/coop_flvo/de_069.wav	coop_flvo_de69	coop_flvo_de	de	0.82	Feind in Sicht!	Enemy in sight!		CUT	first-sighting alert; engine-driven for Germans	2_2_22load8_028.wav
sound/coop_flvo/de_070.wav	coop_flvo_de70	coop_flvo_de	de	0.99	Ich hab keine Munition mehr!	I'm out of ammo!		CUT	out-of-ammo; no real reload/empty trigger exists (reload sit is a random roll)	2_2_22load8_034.wav
sound/coop_flvo/de_071.wav	coop_flvo_de71	coop_flvo_de	de	0.94	Feindbewegung!	Enemy movement!		CUT	first-sighting alert	2_3_23load1_027.wav
sound/coop_flvo/de_072.wav	coop_flvo_de72	coop_flvo_de	de	0.74	Ein Amerikaner!	An American!		CUT	first-sighting alert; also wrong vs British players	2_3_23load1_028.wav
sound/coop_flvo/de_073.wav	coop_flvo_de73	coop_flvo_de	de	0.99	So, jetzt bin ich dran!	Right, my turn now!		KEEP+taunt	generic jeer	2_3_23load1_032.wav
sound/coop_flvo/de_074.wav	coop_flvo_de74	coop_flvo_de	de	0.99	Das war's, du alliierten Schwein!	That's it, you Allied pig!		CUT	byte-identical duplicate of sound/coop_flvo/de_014.wav	2_3_23load2_024.wav
sound/coop_flvo/de_075.wav	coop_flvo_de75	coop_flvo_de	de	0.99	Ich hab was gehört.	I heard something!		CUT	suspicion/stealth line, wrong mid-combat	2_3_23load2_041.wav
sound/coop_flvo/de_076.wav	coop_flvo_de76	coop_flvo_de	de	0.96	Aufpassen!	Look out!		CUT	alert line, no trigger	2_3_23load7_029.wav
sound/coop_flvo/de_077.wav	coop_flvo_de77	coop_flvo_de	de	0.92	Meine Waffe ist blockiert!	My weapon's jammed!		CUT	weapon jam, no trigger	2_3_23load8_024.wav
sound/coop_flvo/de_078.wav	coop_flvo_de78	coop_flvo_de	de	0.96	Aufpassen!	Look out!		CUT	alert line, no trigger	2_3_23load9_028.wav
sound/coop_flvo/de_079.wav	coop_flvo_de79	coop_flvo_de	de	0.74	Ein Amerikaner!	An American!		CUT	first-sighting alert; also wrong vs British players	3_2_32load1_029.wav
sound/coop_flvo/de_080.wav	coop_flvo_de80	coop_flvo_de	de	0.98	Wir werden abgeschlachtet!	We're being slaughtered!		MOVE:fallback	losing-the-fight line	3_2_32load2_033.wav
sound/coop_flvo/de_081.wav	coop_flvo_de81	coop_flvo_de	de	0.91	Achtung! Aufgepasst!	Attention! Look out!		CUT	alert line, no trigger	3_2_32load4_024.wav
sound/coop_flvo/de_082.wav	coop_flvo_de82	coop_flvo_de	de	1.00	Wir haben ihn aus den Augen verloren!	We've lost sight of him!		CUT	lost-contact line, no trigger	3_2_32load6_023.wav
sound/coop_flvo/de_083.wav	coop_flvo_de83	coop_flvo_de	de	0.98	In unsere Richtung!	Coming our way!		CUT	byte-identical duplicate of sound/coop_flvo/de_061.wav	3_2_32load6_036.wav
sound/coop_flvo/de_084.wav	coop_flvo_de84	coop_flvo_de	de	0.96	Rettet sich wer kann!	Every man for himself!		CUT	byte-identical duplicate of sound/coop_flvo/de_059.wav	3_2_32load9_032.wav
sound/coop_flvo/de_085.wav	coop_flvo_de85	coop_flvo_de	de	0.95	Lass die nicht entkommen!	Don't let them get away!		CUT	byte-identical duplicate of sound/coop_flvo/de_005.wav	3_3_33load3_025.wav
sound/coop_flvo/de_086.wav	coop_flvo_de86	coop_flvo_de	de	0.94	Feindbewegung!	Enemy movement!		CUT	first-sighting alert	4_1_41load10_029.wav
sound/coop_flvo/de_087.wav	coop_flvo_de87	coop_flvo_de	de	0.92	Meine Waffe ist blockiert!	My weapon's jammed!		CUT	weapon jam, no trigger	4_2_42load1_025.wav
sound/coop_flvo/de_088.wav	coop_flvo_de88	coop_flvo_de	de	0.98	Wir werden abgeschlachtet!	We're being slaughtered!		CUT	byte-identical duplicate of sound/coop_flvo/de_080.wav	4_2_42load1_033.wav
sound/coop_flvo/de_089.wav	coop_flvo_de89	coop_flvo_de	de	0.90	Deckung geben!	Give covering fire!		CUT	byte-identical duplicate of sound/coop_flvo/de_066.wav	4_2_42load9_030.wav
sound/coop_flvo/de_090.wav	coop_flvo_de90	coop_flvo_de	de	0.98	Er ist zu gut bewaffnet!	He's too well armed!		CUT	byte-identical duplicate of sound/coop_flvo/de_011.wav	4_3_43load3_031.wav
sound/coop_flvo/us_001.wav	coop_flvo_us1	coop_flvo_us	en	0.98	Squad, covering fire!			KEEP+attack	generic combat order	1_1_11load1_046.wav
sound/coop_flvo/us_002.wav	coop_flvo_us2	coop_flvo_us	en	0.99	Open fire!			KEEP+attack	generic combat order	1_1_11load1_051.wav
sound/coop_flvo/us_003.wav	coop_flvo_us3	coop_flvo_us	en	1.00	Get your head down!			MOVE:cover	under fire	1_1_11load1_057.wav
sound/coop_flvo/us_004.wav	coop_flvo_us4	coop_flvo_us	en	0.99	Hold up here! Stay undercover!			CUT	hold-position order - the 'staying in position' complaint	1_1_11load1_058.wav
sound/coop_flvo/us_005.wav	coop_flvo_us5	coop_flvo_us	en	0.99	Open fire!			CUT	byte-identical duplicate of sound/coop_flvo/us_002.wav	1_1_11load2_040.wav
sound/coop_flvo/us_006.wav	coop_flvo_us6	coop_flvo_us	en	0.99	Squad, hold this position!			CUT	hold-position order - the 'staying in position' complaint	1_1_11load2_041.wav
sound/coop_flvo/us_007.wav	coop_flvo_us7	coop_flvo_us	en	0.97	Squad, hold your position!			CUT	hold-position order - the 'staying in position' complaint	1_1_11load3_042.wav
sound/coop_flvo/us_008.wav	coop_flvo_us8	coop_flvo_us	en	1.00	Get your head down!			CUT	byte-identical duplicate of sound/coop_flvo/us_003.wav	1_1_11load3_053.wav
sound/coop_flvo/us_009.wav	coop_flvo_us9	coop_flvo_us	en	0.99	Squad, regroup!			CUT	squad order nobody follows	1_1_11load3_055.wav
sound/coop_flvo/us_010.wav	coop_flvo_us10	coop_flvo_us	en	0.98	Squad, covering fire!			CUT	byte-identical duplicate of sound/coop_flvo/us_001.wav	1_1_11load4_044.wav
sound/coop_flvo/us_011.wav	coop_flvo_us11	coop_flvo_us	en	0.99	Hold up here, stay undercover!			CUT	hold-position order - the 'staying in position' complaint	1_1_11load4_055.wav
sound/coop_flvo/us_012.wav	coop_flvo_us12	coop_flvo_us	en	0.93	Squad, moving!			CUT	squad order nobody follows	1_1_11load5_045.wav
sound/coop_flvo/us_013.wav	coop_flvo_us13	coop_flvo_us	en	0.99	Squad, attack right flank!			CUT	squad order nobody follows	1_1_11load5_046.wav
sound/coop_flvo/us_014.wav	coop_flvo_us14	coop_flvo_us	en	0.98	COVERING FIRE!			KEEP+attack	generic combat order	1_1_11load5_048.wav
sound/coop_flvo/us_015.wav	coop_flvo_us15	coop_flvo_us	en	0.97	Toss it back! Toss it back!			CUT	grenade-only line; no grenade trigger, engine owns grenade warnings	1_1_11load5_062.wav
sound/coop_flvo/us_016.wav	coop_flvo_us16	coop_flvo_us	en	0.97	Toss it back! Toss it back!			CUT	grenade-only line; no grenade trigger, engine owns grenade warnings	1_1_11load6_058.wav
sound/coop_flvo/us_017.wav	coop_flvo_us17	coop_flvo_us	en	0.99	Squad, regroup!			CUT	squad order nobody follows	1_1_11load7_049.wav
sound/coop_flvo/us_018.wav	coop_flvo_us18	coop_flvo_us	en	0.99	Hold up here! Stay undercover!			CUT	hold-position order - the 'staying in position' complaint	1_1_11load7_052.wav
sound/coop_flvo/us_019.wav	coop_flvo_us19	coop_flvo_us	en	0.99	Squad, hold this position!			CUT	hold-position order - the 'staying in position' complaint	1_1_11load8_042.wav
sound/coop_flvo/us_020.wav	coop_flvo_us20	coop_flvo_us	en	0.98	Squad, attack, left flank!			CUT	squad order nobody follows	1_1_11load9_042.wav
sound/coop_flvo/us_021.wav	coop_flvo_us21	coop_flvo_us	en	0.98	I'm under fire!			MOVE:cover	only when taking fire	2_1_21load10_043.wav
sound/coop_flvo/us_022.wav	coop_flvo_us22	coop_flvo_us	en	0.97	Get down! Get down!			MOVE:cover	under fire	2_1_21load10_045.wav
sound/coop_flvo/us_023.wav	coop_flvo_us23	coop_flvo_us	en	0.99	I NEED COVER!			MOVE:cover	under fire	2_1_21load10_049.wav
sound/coop_flvo/us_024.wav	coop_flvo_us24	coop_flvo_us	en	0.97	Get down! Get down!			CUT	byte-identical duplicate of sound/coop_flvo/us_022.wav	2_1_21load1_037.wav
sound/coop_flvo/us_025.wav	coop_flvo_us25	coop_flvo_us	en	0.99	I've got trouble!			MOVE:backup	call for help when hit	2_1_21load2_052.wav
sound/coop_flvo/us_026.wav	coop_flvo_us26	coop_flvo_us	en	0.98	TAKING FIRE!			MOVE:cover	only when taking fire	2_1_21load3_040.wav
sound/coop_flvo/us_027.wav	coop_flvo_us27	coop_flvo_us	en	0.97	Come on! Come on! Let's go!			KEEP+attack	generic push	2_1_21load4_043.wav
sound/coop_flvo/us_028.wav	coop_flvo_us28	coop_flvo_us	en	0.99	I NEED BACKUP!			MOVE:backup	call for help when hit	2_1_21load4_051.wav
sound/coop_flvo/us_029.wav	coop_flvo_us29	coop_flvo_us	en	0.98	TAKING FIRE!			CUT	byte-identical duplicate of sound/coop_flvo/us_026.wav	2_1_21load5_041.wav
sound/coop_flvo/us_030.wav	coop_flvo_us30	coop_flvo_us	en	0.99	I've got trouble!			MOVE:backup	call for help when hit	2_1_21load5_048.wav
sound/coop_flvo/us_031.wav	coop_flvo_us31	coop_flvo_us	en	0.99	I NEED COVER!			CUT	byte-identical duplicate of sound/coop_flvo/us_023.wav	2_1_21load6_048.wav
sound/coop_flvo/us_032.wav	coop_flvo_us32	coop_flvo_us	en	0.97	Come on! Come on! Let's go!			CUT	byte-identical duplicate of sound/coop_flvo/us_027.wav	2_1_21load7_039.wav
sound/coop_flvo/us_033.wav	coop_flvo_us33	coop_flvo_us	en	0.99	I NEED BACKUP!			MOVE:backup	call for help when hit	2_1_21load8_045.wav
sound/coop_flvo/us_034.wav	coop_flvo_us34	coop_flvo_us	en	0.99	I'm under fire!			MOVE:cover	only when taking fire	2_1_21load9_035.wav
sound/coop_flvo/us_035.wav	coop_flvo_us35	coop_flvo_us	en	0.97	ENEMY SNIPER!			CUT	only true if a sniper exists	3_3_33load2_045.wav
sound/coop_flvo/us_036.wav	coop_flvo_us36	coop_flvo_us	en	0.99	Watch your back!			KEEP	generic	3_3_33load2_046.wav
sound/coop_flvo/us_037.wav	coop_flvo_us37	coop_flvo_us	en	1.00	Keep your eyes peeled, I've got your back!			KEEP	generic	3_3_33load3_046.wav
sound/coop_flvo/us_038.wav	coop_flvo_us38	coop_flvo_us	en	0.97	Go, go, go!			KEEP+attack	generic push	3_3_33load3_050.wav
sound/coop_flvo/us_039.wav	coop_flvo_us39	coop_flvo_us	en	0.97	We're getting massacred!			MOVE:fallback	losing-the-fight line	3_3_33load3_051.wav
sound/coop_flvo/us_040.wav	coop_flvo_us40	coop_flvo_us	en	0.96	Enemy Sniper!			CUT	only true if a sniper exists	3_3_33load4_049.wav
sound/coop_flvo/us_041.wav	coop_flvo_us41	coop_flvo_us	en	0.88	He's got grenades!			CUT	grenade-only line	3_3_33load4_054.wav
sound/coop_flvo/us_042.wav	coop_flvo_us42	coop_flvo_us	en	0.99	We're getting slaughtered!			MOVE:fallback	losing-the-fight line	3_3_33load5_051.wav
sound/coop_flvo/us_043.wav	coop_flvo_us43	coop_flvo_us	en	1.00	Keep your eyes peeled! I've got your back!			KEEP	generic	3_3_33load6_050.wav
sound/coop_flvo/us_044.wav	coop_flvo_us44	coop_flvo_us	en	0.92	INCOMING!			CUT	grenade/artillery-only line	3_3_33load6_051.wav
sound/coop_flvo/us_045.wav	coop_flvo_us45	coop_flvo_us	en	0.95	Go, go, go!			KEEP+attack	generic push	6_1_61load5_011.wav
sound/mechanics/Mec_Switch_05.wav	coop_radio_on	coop_radio_on	en	0.47				KEEP	radio reply to the player-called airstrike/paradrop (fits its trigger) / radio SFX	
sound/mechanics/Mec_RadioNoise_11.wav	coop_radio_off	coop_radio_off	nn	0.34				KEEP	radio reply to the player-called airstrike/paradrop (fits its trigger) / radio SFX	
sound/mechanics/Mec_RadioLoop_03.wav	coop_radio_loop	coop_radio_loop	en	0.31	Thanks for watching!			KEEP	radio reply to the player-called airstrike/paradrop (fits its trigger) / radio SFX	
sound/mechanics/shortwave3.wav	coop_radio_chatter	coop_radio_chatter	en	0.33				KEEP	radio reply to the player-called airstrike/paradrop (fits its trigger) / radio SFX	
sound/mechanics/shortwave4.wav	coop_radio_chatter_2	coop_radio_chatter_	en	0.49				KEEP	radio reply to the player-called airstrike/paradrop (fits its trigger) / radio SFX	
sound/dialogue/Multiplayer/a/AMdfr_g_03a.WAV	coop_para_land	coop_para_land		0.00			Squad, attack right flank!	KEEP	"file ships LOOSE in GOG main/sound (not in a pak) - kept; earlier ""ghost"" verdict was wrong"	
sound/dialogue/Multiplayer/a/AMdfr_g_04a.WAV	coop_para_land#2	coop_para_land		0.00			Squad, attack left flank!	KEEP	"file ships LOOSE in GOG main/sound (not in a pak) - kept; earlier ""ghost"" verdict was wrong"	
sound/dialogue/Multiplayer/a/AMdfr_g_06a.WAV	coop_para_land#3	coop_para_land		0.00			Squad, covering fire!	KEEP	"file ships LOOSE in GOG main/sound (not in a pak) - kept; earlier ""ghost"" verdict was wrong"	
sound/dialogue/Multiplayer/a/AMdfr_c_09a.WAV	coop_para_land#4	coop_para_land		0.00			Attack!	KEEP	"file ships LOOSE in GOG main/sound (not in a pak) - kept; earlier ""ghost"" verdict was wrong"	
sound/dialogue/Multiplayer/a/AMdfr_c_08a.WAV	coop_para_land#5	coop_para_land		0.00			Charge!	KEEP	"file ships LOOSE in GOG main/sound (not in a pak) - kept; earlier ""ghost"" verdict was wrong"	
sound/dialogue/Multiplayer/a/AMdfr_g_01a.WAV	coop_para_land#6	coop_para_land		0.00			Squad, move in!	KEEP	"file ships LOOSE in GOG main/sound (not in a pak) - kept; earlier ""ghost"" verdict was wrong"	
sound/dialogue/Multiplayer/a/AMdfr_c_01a.WAV	coop_para_combat	coop_para_combat		0.00			Cover me!	KEEP	"file ships LOOSE in GOG main/sound (not in a pak) - kept; earlier ""ghost"" verdict was wrong"	
sound/dialogue/Multiplayer/a/AMdfr_c_02a.WAV	coop_para_combat#2	coop_para_combat		0.00			I'll cover you!	KEEP	"file ships LOOSE in GOG main/sound (not in a pak) - kept; earlier ""ghost"" verdict was wrong"	
sound/dialogue/Multiplayer/a/AMdfr_c_03a.WAV	coop_para_combat#3	coop_para_combat		0.00			Follow me!	KEEP	"file ships LOOSE in GOG main/sound (not in a pak) - kept; earlier ""ghost"" verdict was wrong"	
sound/dialogue/Multiplayer/a/AMdfr_r_03a.WAV	coop_para_combat#4	coop_para_combat		0.00			Enemy Spotted.	KEEP	"file ships LOOSE in GOG main/sound (not in a pak) - kept; earlier ""ghost"" verdict was wrong"	
sound/dialogue/Multiplayer/a/AMdfr_r_10a.WAV	coop_para_combat#5	coop_para_combat		0.00			Is that all you've got?	KEEP	"file ships LOOSE in GOG main/sound (not in a pak) - kept; earlier ""ghost"" verdict was wrong"	
sound/dialogue/Multiplayer/a/AMdfr_r_15a.WAV	coop_para_combat#6	coop_para_combat		0.00			Come back when you've had some target practice!	KEEP	"file ships LOOSE in GOG main/sound (not in a pak) - kept; earlier ""ghost"" verdict was wrong"	
sound/dialogue/Multiplayer/a/AMdfr_r_16a.WAV	coop_para_combat#7	coop_para_combat		0.00			Come prepared next time!	KEEP	"file ships LOOSE in GOG main/sound (not in a pak) - kept; earlier ""ghost"" verdict was wrong"	
sound/dialogue/Multiplayer/a/AMdfr_r_19a.WAV	coop_para_combat#8	coop_para_combat		0.00			Try again!	KEEP	"file ships LOOSE in GOG main/sound (not in a pak) - kept; earlier ""ghost"" verdict was wrong"	
sound/dialogue/Multiplayer/a/AMdfr_c_10a.WAV	coop_para_combat#9	coop_para_combat		0.00			Open fire!	KEEP	"file ships LOOSE in GOG main/sound (not in a pak) - kept; earlier ""ghost"" verdict was wrong"	
sound/dialogue/Multiplayer/a/AMdfr_c_06a.WAV	coop_para_help	coop_para_help		0.00			Taking Fire!  Need some help!	KEEP	"file ships LOOSE in GOG main/sound (not in a pak) - kept; earlier ""ghost"" verdict was wrong"	
sound/dialogue/Multiplayer/a/AMdfr_c_01a.WAV	coop_para_help#2	coop_para_help		0.00			Cover me!	KEEP	"file ships LOOSE in GOG main/sound (not in a pak) - kept; earlier ""ghost"" verdict was wrong"	
sound/dialogue/m3l1/A/medic1.wav	coop_para_heal	coop_para_heal		0.00			Here you go Lieutenant!	KEEP	"file ships LOOSE in GOG main/sound (not in a pak) - kept; earlier ""ghost"" verdict was wrong"	
sound/dialogue/m3l1/A/medic3.wav	coop_para_heal#2	coop_para_heal		0.00			Here you go Powell!	CUT	named character (Powell)	
sound/weapons/explo/Explo_MetalMed3.wav	coop_radio_blast	coop_radio_blast	en	0.62	THANKS FOR WATCHING			KEEP	radio reply to the player-called airstrike/paradrop (fits its trigger) / radio SFX	
sound/weapons/explo/Explo_MetalMed5.wav	coop_radio_blast#2	coop_radio_blast	en	0.39	You			KEEP	radio reply to the player-called airstrike/paradrop (fits its trigger) / radio SFX	
sound/coop/radio/airstrike_request.mp3	coop_radio_airstrike	coop_radio_airstrike	en	1.00	Requested an immediate airstrike on our position zero two two seven zero zero one over			KEEP	radio reply to the player-called airstrike/paradrop (fits its trigger) / radio SFX	
sound/coop/radio/airstrike_acquired.wav	coop_radio_airstrike#2	coop_radio_airstrike	en	0.94	Roger, target acquired.			KEEP	radio reply to the player-called airstrike/paradrop (fits its trigger) / radio SFX	
sound/coop/radio/airstrike_done.wav	coop_radio_airstrike#3	coop_radio_airstrike	en	0.98	Roger, consider it done.			KEEP	radio reply to the player-called airstrike/paradrop (fits its trigger) / radio SFX	
sound/coop/radio/airstrike_coords.wav	coop_radio_airstrike#4	coop_radio_airstrike	en	0.97	Roger, coordinates received.			KEEP	radio reply to the player-called airstrike/paradrop (fits its trigger) / radio SFX	
sound/coop/radio/paradrop_angels.mp3	coop_radio_paradrop	coop_radio_paradrop	en	0.96	King 3, Roger that, castle is confirmed, angels inbound, get clear now, over.			KEEP	radio reply to the player-called airstrike/paradrop (fits its trigger) / radio SFX	
sound/coop/radio/paradrop_coords1.wav	coop_radio_paradrop#2	coop_radio_paradrop	en	0.98	Roger, we have the coordinates.			KEEP	radio reply to the player-called airstrike/paradrop (fits its trigger) / radio SFX	
sound/coop/radio/paradrop_coords2.wav	coop_radio_paradrop#3	coop_radio_paradrop	en	0.97	Affirmative, coordinates received.			KEEP	radio reply to the player-called airstrike/paradrop (fits its trigger) / radio SFX	
sound/coop/radio/paradrop_standby.wav	coop_radio_paradrop#4	coop_radio_paradrop	en	0.92	Alpha Zulu standing by.			KEEP	radio reply to the player-called airstrike/paradrop (fits its trigger) / radio SFX	
sound/coop/radio/m3l3_337k.wav	coop_radio_airstrike#5	coop_radio_airstrike	en	0.97	Echo Charlie standing by, awaiting orders to commence close air support. Over.			KEEP	radio reply to the player-called airstrike/paradrop (fits its trigger) / radio SFX	
sound/coop/radio/m3l3_338k.wav	coop_radio_airstrike#6	coop_radio_airstrike	en	0.96	Echo Charlie, standing by.			KEEP	radio reply to the player-called airstrike/paradrop (fits its trigger) / radio SFX	
sound/coop/radio/m3l3_339k.wav	coop_radio_airstrike#7	coop_radio_airstrike	en	0.98	This is Echo Charlie. I'm ready.			KEEP	radio reply to the player-called airstrike/paradrop (fits its trigger) / radio SFX	
sound/coop/radio/m3l3_340k.wav	coop_radio_airstrike#8	coop_radio_airstrike	en	0.96	Anyone there? Over.			CUT	campaign radio line asking if anyone is there - nonsense as the reply to a player-called strike/drop	
sound/coop/radio/m3l3_341k.wav	coop_radio_airstrike#9	coop_radio_airstrike	en	0.97	I repeat, is anyone there? Over!			CUT	campaign radio line asking if anyone is there - nonsense as the reply to a player-called strike/drop	
sound/coop/radio/m3l3_343k.wav	coop_radio_airstrike#10	coop_radio_airstrike	en	0.97	This is Echo Charlie, please respond, over.			CUT	campaign radio line asking if anyone is there - nonsense as the reply to a player-called strike/drop	
sound/coop/radio/m3l3_348k.wav	coop_radio_airstrike#11	coop_radio_airstrike	en	0.98	Target already acquired, over.			KEEP	radio reply to the player-called airstrike/paradrop (fits its trigger) / radio SFX	
sound/coop/radio/m3l3_349k.wav	coop_radio_airstrike#12	coop_radio_airstrike	en	0.98	Already en route to a target over			KEEP	radio reply to the player-called airstrike/paradrop (fits its trigger) / radio SFX	
sound/coop/radio/m5l2_511k.wav	coop_radio_airstrike#13	coop_radio_airstrike	en	0.96	We got it, over.			KEEP	radio reply to the player-called airstrike/paradrop (fits its trigger) / radio SFX	
sound/coop/radio/m5l2_512k.wav	coop_radio_airstrike#14	coop_radio_airstrike	en	0.94	Transmission received.			KEEP	radio reply to the player-called airstrike/paradrop (fits its trigger) / radio SFX	
sound/coop/radio/m5l2_515k.wav	coop_radio_airstrike#15	coop_radio_airstrike	en	0.98	Got it. Coordinates have been received.			KEEP	radio reply to the player-called airstrike/paradrop (fits its trigger) / radio SFX	
sound/coop/radio/m3l3_337k.wav	coop_radio_paradrop#5	coop_radio_paradrop	en	0.97	Echo Charlie standing by, awaiting orders to commence close air support. Over.			KEEP	radio reply to the player-called airstrike/paradrop (fits its trigger) / radio SFX	
sound/coop/radio/m3l3_338k.wav	coop_radio_paradrop#6	coop_radio_paradrop	en	0.96	Echo Charlie, standing by.			KEEP	radio reply to the player-called airstrike/paradrop (fits its trigger) / radio SFX	
sound/coop/radio/m3l3_339k.wav	coop_radio_paradrop#7	coop_radio_paradrop	en	0.98	This is Echo Charlie. I'm ready.			KEEP	radio reply to the player-called airstrike/paradrop (fits its trigger) / radio SFX	
sound/coop/radio/m3l3_340k.wav	coop_radio_paradrop#8	coop_radio_paradrop	en	0.96	Anyone there? Over.			CUT	campaign radio line asking if anyone is there - nonsense as the reply to a player-called strike/drop	
sound/coop/radio/m3l3_341k.wav	coop_radio_paradrop#9	coop_radio_paradrop	en	0.97	I repeat, is anyone there? Over!			CUT	campaign radio line asking if anyone is there - nonsense as the reply to a player-called strike/drop	
sound/coop/radio/m3l3_343k.wav	coop_radio_paradrop#10	coop_radio_paradrop	en	0.97	This is Echo Charlie, please respond, over.			CUT	campaign radio line asking if anyone is there - nonsense as the reply to a player-called strike/drop	
sound/coop/radio/m5l2_506k.wav	coop_radio_paradrop#11	coop_radio_paradrop	en	0.96	This is Alpha Zula standing by			KEEP	radio reply to the player-called airstrike/paradrop (fits its trigger) / radio SFX	
sound/coop/radio/m5l2_508k.wav	coop_radio_paradrop#12	coop_radio_paradrop	en	0.94	Alpha Zulu, standing by.			KEEP	radio reply to the player-called airstrike/paradrop (fits its trigger) / radio SFX	
sound/coop/radio/m5l2_511k.wav	coop_radio_paradrop#13	coop_radio_paradrop	en	0.96	We got it, over.			KEEP	radio reply to the player-called airstrike/paradrop (fits its trigger) / radio SFX	
sound/coop/radio/m5l2_512k.wav	coop_radio_paradrop#14	coop_radio_paradrop	en	0.94	Transmission received.			KEEP	radio reply to the player-called airstrike/paradrop (fits its trigger) / radio SFX	
sound/coop/radio/m5l2_515k.wav	coop_radio_paradrop#15	coop_radio_paradrop	en	0.98	Got it. Coordinates have been received.			KEEP	radio reply to the player-called airstrike/paradrop (fits its trigger) / radio SFX	
sound/coop/radio/standby_givetarget.wav	coop_radio_standby	coop_radio_standby	en	0.97	Give me a target, over.			KEEP	radio reply to the player-called airstrike/paradrop (fits its trigger) / radio SFX	
sound/coop/radio/standby_awaiting.wav	coop_radio_standby#2	coop_radio_standby	en	0.96	This is AlphaZulu. Awaiting coordinates, over.			KEEP	radio reply to the player-called airstrike/paradrop (fits its trigger) / radio SFX	
sound/coop/radio/standby_waiting.wav	coop_radio_standby#3	coop_radio_standby	en	0.98	This is AlphaZulu, waiting for a response.			KEEP	radio reply to the player-called airstrike/paradrop (fits its trigger) / radio SFX	
sound/coop/radio/airstrike_request.mp3	coop_radio_airstrike_req	coop_radio_airstrike_req	en	1.00	Requested an immediate airstrike on our position zero two two seven zero zero one over			KEEP	radio reply to the player-called airstrike/paradrop (fits its trigger) / radio SFX	
sound/coop/radio/airstrike_acquired.wav	coop_radio_airstrike_resp	coop_radio_airstrike_resp	en	0.94	Roger, target acquired.			KEEP	radio reply to the player-called airstrike/paradrop (fits its trigger) / radio SFX	
sound/coop/radio/airstrike_done.wav	coop_radio_airstrike_resp#2	coop_radio_airstrike_resp	en	0.98	Roger, consider it done.			KEEP	radio reply to the player-called airstrike/paradrop (fits its trigger) / radio SFX	
sound/coop/radio/airstrike_coords.wav	coop_radio_airstrike_resp#3	coop_radio_airstrike_resp	en	0.97	Roger, coordinates received.			KEEP	radio reply to the player-called airstrike/paradrop (fits its trigger) / radio SFX	
sound/coop/german/reinf_alarm1.mp3	coop_radio_german_reinf1	coop_radio_german_reinf	en	0.71	ALARM! ALARM!			KEEP	radio reply to the player-called airstrike/paradrop (fits its trigger) / radio SFX	
sound/coop/german/reinf_alarm2.mp3	coop_radio_german_reinf2	coop_radio_german_reinf	de	0.91	Ein Eintringling! Alarm!			KEEP	radio reply to the player-called airstrike/paradrop (fits its trigger) / radio SFX	
sound/coop/german/reinf_alarm3.mp3	coop_radio_german_reinf3	coop_radio_german_reinf	de	0.71	Eintringlinge!			KEEP	radio reply to the player-called airstrike/paradrop (fits its trigger) / radio SFX	
sound/dialogue/Generic/G/sighted/Alt_O_003a.wav	coop_radio_german_reinf4	coop_radio_german_reinf	de	0.95	Mein Kommando abwarten!			KEEP	radio reply to the player-called airstrike/paradrop (fits its trigger) / radio SFX	
sound/dialogue/Generic/G/sighted/Alt_O_004a.wav	coop_radio_german_reinf5	coop_radio_german_reinf	de	0.80	Nehmt ihn ins Visier, Männer!			KEEP	radio reply to the player-called airstrike/paradrop (fits its trigger) / radio SFX	
sound/dialogue/Generic/G/sighted/Alt_O_005a.wav	coop_radio_german_reinf6	coop_radio_german_reinf	de	0.88	Keiner schießt aus der Reihe!			KEEP	radio reply to the player-called airstrike/paradrop (fits its trigger) / radio SFX	
sound/dialogue/Generic/G/sighted/Alt_G_001e.wav	coop_radio_german_reinf7	coop_radio_german_reinf	de	0.88	Hey, das ist meiner!			KEEP	radio reply to the player-called airstrike/paradrop (fits its trigger) / radio SFX	
sound/dialogue/Generic/G/sighted/Alt_G_004a.wav	coop_radio_german_reinf8	coop_radio_german_reinf	de	0.90	Das macht Laune!			KEEP	radio reply to the player-called airstrike/paradrop (fits its trigger) / radio SFX	
sound/dialogue/Generic/G/sighted/den_alarm_10a.wav	coop_radio_german_reinf9	coop_radio_german_reinf	de	0.31	Hilfe anfordern!			KEEP	radio reply to the player-called airstrike/paradrop (fits its trigger) / radio SFX	
